1,2,3,4,5,6,7,8,9,10,11,12,13,14,15,16,17,18,19,20,21,22,23,24,25,26,27,28,29,30,31,32,33,34,35,36,37,38,39,40,41,42,43,44,45,46,47,48,49,50,51,52,53,54,55,56,57,58,59,60,61,62,63,64,65,66,67,68,69,70,71,72,73,74,75,76,77,78,79,80,81,82,83,84,85,86,87,88,89,90,91,92,93,94,95,96,97,98,99,100
21043.146,22036.87,18504.232,19483.512,5481.0933,19560.863,21704.344,13280.454,17936.082,13189.191,13694.793,21139.777,2000.4379,21652.34,22445.729,21455.164,9432.002,17806.195,15757.682,22702.035,20880.398,4019.5513,15871.605,15812.595,19280.525,17496.139,5419.4893,22700.14,23428.834,22436.559,5521.0156,22779.387,19567.424,4837.795,6439.383,-1029.6691,12987.724,18293.96,3672.9033,7059.8467,17218.262,21838.863,15316.165,4198.3276,22687.639,3445.207,2962.3315,22930.873,21144.18,20999.307,6968.717,13585.044,13558.166,4745.5864,20816.23,18378.523,23045.316,23428.652,23107.832,22456.008,17999.021,20880.334,22941.857,19914.047,17334.186,5704.1724,21285.64,9677.308,23370.54,16227.242,2428.161,5634.961,20037.3,22407.377,20065.566,21709.346,22330.816,21326.75,21868.518,4769.183,20123.266,19615.305,12871.066,22771.9,22858.086,6282.9326,19278.18,13294.376,18166.607,18239.387,5998.2393,20206.94,21922.871,10565.277,22206.766,6066.4546,6756.1924,21111.223,4520.7075,17805.115
170158450.0,169074020.0,92411690.0,98564104.0,5860341.0,132156220.0,171596210.0,29754384.0,80069290.0,43298484.0,47206030.0,155311680.0,643048.5,173544690.0,188712660.0,177354480.0,15442660.0,87290420.0,67514970.0,164778370.0,168687630.0,2799764.2,63597184.0,43494570.0,113589750.0,94260060.0,4258543.0,177905260.0,219379400.0,179304880.0,4658771.0,184611660.0,111121430.0,3912829.2,7555512.0,127402.914,31509066.0,104571030.0,1864172.2,8262493.5,84941820.0,179831360.0,45528452.0,2688990.5,210054100.0,1891671.4,1438775.8,193101650.0,151192900.0,145241300.0,8504330.0,47292668.0,46787544.0,3521932.2,134278110.0,96047840.0,207910820.0,211610740.0,199587440.0,192406530.0,102085940.0,133692320.0,214020300.0,136030180.0,84957120.0,5480475.0,156064220.0,18763796.0,225225310.0,76716950.0,881484.06,5242337.0,118533710.0,206354740.0,126538000.0,180792050.0,185951260.0,175437490.0,180450770.0,3289289.0,145161360.0,126507240.0,41688004.0,189937760.0,179696850.0,7142837.0,106480890.0,43672890.0,115644584.0,85183740.0,6685293.0,128942250.0,162276290.0,18917818.0,204877260.0,5960717.0,8156654.0,160359300.0,3513805.0,86394460.0
-0.11876217,-0.08599252,-0.09534274,-0.10402474,-0.13638732,-0.08562095,-0.049074207,-0.18516289,-0.07168913,-0.019992605,-0.029505368,-0.075657815,-0.0551206,-0.060278784,-0.07080913,-0.10642916,-0.20316425,-0.021451697,-0.05249022,-0.08868616,-0.13389249,-0.069459505,-0.0121127,-0.06453083,-0.06653015,-0.061933666,-0.076413766,-0.050533943,-0.062251635,-0.08916714,-0.09464793,-0.048478786,-0.049538136,-0.18330063,-0.21350576,-0.021385383,-0.111694165,-0.06132524,-0.09549232,-0.1518387,-0.04956264,-0.0802309,-0.11909985,-0.10021825,-0.11475302,-0.076271705,-0.012124692,-0.056657717,-0.04917321,-0.07795005,-0.04024837,-0.02790019,-0.031694774,-0.05113562,-0.044579428,-0.016924538,-0.16341834,-0.13379751,-0.049712595,-0.024681685,-0.08082311,-0.013810078,-0.09464018,-0.018961165,-0.040094428,-0.08903242,-0.28091076,-0.04814495,-0.07671399,-0.06499518,-0.08471335,-0.030241456,-0.09957301,-0.088626705,-0.09287568,-0.13142689,-0.032848798,-0.07446344,-0.03703855,-0.081186645,-0.09259577,-0.06653144,-0.003830198,-0.17173374,-0.08780258,-0.056111056,-0.04789609,-0.0768421,-0.060101457,-0.06101367,-0.024398323,-0.056734502,-0.071455345,-0.1166455,-0.065339215,-0.066588946,-0.16977268,-0.13426442,-0.1787529,-0.09804545
-5.6098228,-5.625235,-5.6220503,-5.629308,-5.639835,-5.6501718,-5.650927,-5.64947,-5.6468005,-5.6520934,-5.6522913,-5.6344695,-5.643516,-5.6498685,-5.6394744,-5.6363244,-5.6362443,-5.630445,-5.6182513,-5.6237044,-5.6299214,-5.635555,-5.6368194,-5.6396203,-5.6462235,-5.646421,-5.6196866,-5.608175,-5.6048274,-5.6098,-5.623052,-5.6212125,-5.618316,-5.6047664,-5.6060853,-5.599668,-5.6106486,-5.6266017,-5.623573,-5.6062713,-5.610292,-5.6152244,-5.6168313,-5.6190095,-5.6044354,-5.591102,-5.5722003,-5.5650306,-5.564483,-5.5740676,-5.5781045,-5.5801096,-5.584405,-5.5682235,-5.5585647,-5.55096,-5.5480494,-5.5580497,-5.56683,-5.567551,-5.5744896,-5.573504,-5.569571,-5.5633254,-5.570203,-5.5778337,-5.575937,-5.5779967,-5.55267,-5.560504,-5.5410953,-5.5333333,-5.535682,-5.5334077,-5.530913,-5.5236177,-5.5308576,-5.552668,-5.5550222,-5.5563273,-5.5497212,-5.5486016,-5.550967,-5.550872,-5.558604,-5.5674453,-5.5676446,-5.563111,-5.5589366,-5.570637,-5.555059,-5.549727,-5.5579457,-5.577167,-5.5721517,-5.5618224,-5.55796,-5.560266,-5.5869765,-5.5881987
0.8564900363981511,0.9473750486895229,1.3513084782701945,0.8709983951734219,0.9265108726567668,0.9113896218043778,1.0088311278576296,0.9324249768618813,0.9732728057492204,0.9322632557591797,0.9125169873836636,0.9940912840992213,0.3928593265786979,1.007795251286647,0.9208157053005908,0.9516602365185534,1.0054609237544239,0.9412155067251835,0.9326492513499942,1.7223850866641959,0.9545977172774716,0.889697268914474,0.8907985081546435,1.0930374425428682,1.0247024574781955,1.523123899435678,0.9403430368271681,0.9684293195911178,0.8478032627489738,0.9915531898504497,0.9485587872299126,0.911707539085022,0.9293648240447472,0.9267740089037801,0.9456847026415383,0.30558368208265735,1.0525049089379823,0.9641169753522532,0.695699181197392,1.017782348752916,0.9827837296154671,0.9047084894856385,1.0435732593863352,0.6948671649857503,1.0755035787836993,0.7051182414841652,0.7001390669196843,0.9962608003165891,0.898349113802037,1.0454603489414283,0.8717431363024244,0.9698632716731515,0.9753859490054846,0.8259552755378825,0.9395498823744273,1.0271782792699338,0.932948440072132,0.8958206647608962,0.9046905100694724,0.869543935319824,0.9292379380608669,0.9977567439272788,0.9842200227673139,1.0323880960324192,1.0174977683064128,0.9457835894304514,1.0981233698908348,0.9115259657103036,0.8674001708704018,1.007620420192991,0.5052739405865543,1.3112316104937665,0.9937997740860711,0.9815963390061686,0.8798512911365499,0.9620881106092676,0.9143257915642005,0.9401883389339063,0.9737230402957118,0.8265492517709094,0.886575686425439,0.9502982021011837,0.923618902295019,0.901159989505453,0.9435087250714855,0.9053021847902878,1.0445841333317116,0.9086522556930994,0.9544245717540809,0.9520863112245712,0.9009586575015103,1.0701748356746987,1.0055329350618807,1.0867258246834575,1.0064470760025723,0.8994732018835843,0.9313609138103467,0.9096193048115715,0.9399458977440427,1.0073319067492017
0.3313965987723214,0.3490403991699219,0.31145143310546874,0.32065689418247767,0.15419147303989955,0.31145143310546874,0.32065689418247767,0.25698578839983255,0.30378021554129464,0.30915006783621657,0.3099171895926339,0.300711728515625,0.0621368622698103,0.35594449497767855,0.403506043875558,0.3359993293108259,0.24931457083565844,0.3260267464773996,0.30761582432338164,0.36591707781110483,0.30531445905412946,0.08821900198800225,0.34213630336216516,0.24547896205357156,0.30531445905412946,0.34443766863141745,0.05830125348772319,0.37895814767020086,0.3298623552594866,0.3313965987723214,0.06290398402622777,0.36745132132393965,0.34827327741350445,0.06673959280831476,0.1610955688476562,0.04219169660295763,0.2362735009765624,0.31528704188755574,0.07441081037248876,0.08975324550083696,0.3106843113490513,0.30147885027204235,0.28383504987444197,0.06827383632114958,0.3022459720284598,0.051397157679966665,0.04832867065429691,0.35057464268275673,0.38509512172154015,0.304547337297712,0.1879448303222656,0.3198897724260603,0.33446508579799106,0.06673959280831476,0.3198897724260603,0.34827327741350445,0.37742390415736615,0.32909523350306924,0.33293084228515624,0.3590129820033483,0.3237253812081473,0.35978010375976566,0.31912265066964285,0.3528760079520089,0.3429034251185826,0.10893128941127239,0.33062947701590406,0.19638316964285718,0.3467390339006696,0.3221911376953125,0.04756154889787956,0.06904095807756705,0.31145143310546874,0.32909523350306924,0.32065689418247767,0.31528704188755574,0.3858622434779575,0.30915006783621657,0.3352322075544085,0.06904095807756705,0.34827327741350445,0.31145143310546874,0.30761582432338164,0.34980752092633927,0.40427316563197546,0.10279431535993311,0.31298567661830357,0.3881636087472098,0.32679386823381695,0.31298567661830357,0.1357805508858817,0.41808135724748885,0.360547225516183,0.1434517684500558,0.3030130937848772,0.07978066266741068,0.11736962873186385,0.3275609899902343,0.07901354091099333,0.32065689418247767
0.7330357292360348,0.804952104158331,0.7480069023574778,0.7199594058829133,0.7852361367121454,0.7557875285511577,0.8445298630993574,0.7690668287215106,0.8129033018250964,0.7830581716146474,0.7495043432436947,0.8310970809606348,0.3147826368158544,0.8454448826393723,0.7465495247351215,0.8003531338822434,0.8496549887857139,0.7919081861493549,0.7929366243938794,0.7234165192099673,0.7844669412207854,0.7411728142153158,0.7190929943591167,0.899046389817681,0.8217209110156585,0.8216885056715131,0.7429218519192067,0.742970459935425,0.7208982979989407,0.8266763400773471,0.791964452085288,0.768459659950878,0.7800624030095706,0.7699571008370949,0.7986851215229409,0.19147512515689336,0.8563756462391416,0.8195915539343788,0.531641201203406,0.87948391632409,0.8395258260214504,0.7548972564355734,0.8631525816127277,0.5407666611633508,0.850141068947897,0.5449367040458317,0.5154394878686257,0.8005475659471166,0.7321045070239469,0.7578930250406497,0.700267299028515,0.8347162210084162,0.8302707327006984,0.6634994213800502,0.7851798587919872,0.8095834797785644,0.7784429986664865,0.720048089147217,0.7366224639396712,0.7040894158935282,0.7430352706237162,0.8479955091945444,0.7965881697858066,0.8614521639092794,0.8626750342186775,0.7999318524241263,0.7042838479584015,0.7328737025153074,0.6993446215687853,0.8047662048615907,0.3407655868974304,0.6692155011807412,0.8491526939672327,0.8338097342365343,0.6973363530959547,0.7937382252293852,0.7351650863173149,0.767544640410863,0.8121665116778818,0.6431114744749409,0.759213111382484,0.7869689597597387,0.724906302176469,0.7320883043518744,0.7795848556155205,0.7396182205605228,0.8570800310422104,0.7514802183566047,0.7816656046805819,0.7560715187287528,0.7389948611020425,0.8879211941530385,0.8053571709601504,0.8994267211792946,0.8091707430728055,0.719262690983784,0.7806610270278451,0.7289143063539973,0.7876247365465896,0.834723878928131
0.0,0.0,0.0,0.0,0.0,0.0,0.0,0.0,0.0,0.0,0.0,0.0,0.0,0.0,0.0,0.0,0.0,0.0,0.0,0.0,0.0,0.0,0.0,0.0,0.0,0.0,0.0,0.0,0.0,0.0,0.0,0.0,0.0,0.0,0.0,0.0,0.0,0.0,0.0,0.0,0.0,0.0,0.0,0.0,0.0,0.0,0.0,0.0,0.0,0.0,0.0,0.0,0.0,0.0,0.0,0.0,0.0,0.0,0.0,0.0,0.0,0.0,0.0,0.0,0.0,0.0,0.0,0.0,0.0,0.0,0.0,0.0,0.0,0.0,0.0,0.0,0.0,0.0,0.0,0.0,0.0,0.0,0.0,0.0,0.0,0.0,0.0,0.0,0.0,0.0,0.0,0.0,0.0,0.0,0.0,0.0,0.0,0.0,0.0,0.0
0.0,0.0,0.0,0.0,0.001846241752102351,0.0,0.0,0.0,0.0,0.0,0.0,0.0,0.0,0.0,0.0,0.0,0.0,0.0,0.0,0.0,0.0,0.004186233570328213,0.0,0.0,0.0,0.0015707963268658531,0.0,0.0,0.0,0.0,0.0,0.0,0.0,0.0033846327348232563,0.001700417703447421,0.0,0.0,0.0,0.0,0.0,0.0,0.0,0.0,0.0,0.0,0.0,0.0,0.0,0.0,0.0,0.0,0.0,0.0006881821309958625,0.0,0.0,0.0,0.0,0.0,0.0,0.0,0.0,0.0,0.0,0.0,0.0,0.0018948497683215493,0.0,0.0048582130292524894,0.0,0.0,0.0,0.0,0.0,0.0,0.0,0.0,0.0,0.0,0.0,0.0,0.0007205874751416985,0.0,0.0,0.0,0.0,0.0,0.0,0.00825904843614822,0.0004451420499043124,0.0,0.009918528027317741,0.0,0.0,0.0,0.0,0.0,3.240534414583607e-05,0.0,0.005919056617922358,0.0
-0.1631845886012373,-0.16419682417368886,-0.15549263368763633,-0.18964508607686348,-0.06821622151415063,-0.12556649011682275,-0.14813240211943057,-0.1663909919432598,-0.1373474625683162,-0.1493714751009012,-0.1412744533854804,-0.185159534505285,-0.05741507929096379,-0.16277185189547794,-0.17871432247709418,-0.14595443702193212,-0.13759050264940775,-0.16717639010669227,-0.1265787256892752,-0.2105515184883009,-0.15196217690415814,-0.00034791403324341275,-0.143023479105147,-0.13930712302492854,-0.18407481834060224,-0.13589008494596033,-0.046322288970467085,-0.18429312298148837,-0.1736702101511014,-0.17164573900619828,-0.027853052425466096,-0.2039280770673102,-0.15033510265713446,-0.0021941677695709316,-0.059674057748825504,-0.05747988997925457,-0.1118343899768508,-0.1819045231470442,-0.05391702785163144,-0.037229222370442905,-0.20386326637901853,-0.18352392749012836,-0.153905634688698,-0.06227329232021628,-0.15177627760741785,-0.0654634929901654,-0.06222468430399797,-0.1604642654213979,-0.1970215203171417,-0.15560605239214542,-0.1404890552220479,-0.14571139694084057,-0.14007631851628854,-0.04897013155807528,-0.1448535181851769,-0.14415680328604807,-0.16586483653299133,-0.15954924588138297,-0.1703665907766423,-0.1696460033015006,-0.12728311049234353,-0.1905763082889509,-0.1631845886012373,-0.17570235119994493,-0.18105431429532004,-0.022403885281879532,-0.1520917982807406,-0.06775487679217296,-0.15631043719521465,-0.11082215440439924,-0.05704241783328978,-0.0699976525779622,-0.13135592535816354,-0.16520905974614042,-0.12556649011682275,-0.11946153420216099,-0.19477874453135247,-0.14480491016895858,-0.17182396839899905,-0.05543921616227898,-0.13122630398158108,-0.13119389863743525,-0.18674653350422332,-0.17270658259486815,-0.14691806457816536,-0.021497398509997545,-0.13608451701083357,-0.14289385772856456,-0.10213416659041918,-0.13757429997733528,-0.022517303986388626,-0.1836697515387833,-0.17414775754515155,-0.09429638762816328,-0.14661021380878303,-0.06374687261464462,-0.05797364004537808,-0.15763819344098895,-0.000210634736945714,-0.13042470314607524
0.008988180663647594,0.00928749866489742,0.013214489482061609,0.0072229522719085,0.010494166302222219,0.0099918834679662,0.01004049148418451,0.018647465937800867,0.014259130398659003,0.022096909360914907,0.021635564638937677,0.013999887645494535,0.00045367481803770815,0.021951085312259977,0.017943081134731642,0.013165881465843299,0.015400987347693018,0.004575109684299861,0.01319828680998869,0.017781054414003794,0.014113306350004073,0.004413082963572457,0.023060536917148156,0.009611552106352672,0.014785285808927462,0.013854063596839605,0.00048608016218310013,0.010696268271035425,0.016744946265539795,0.016258866103356695,0.0031825427502347736,0.01571650802101532,0.01738452038031779,0.004413082963572457,0.015489670611996242,0.003757306176721542,0.014242927726586085,0.01800789182302287,0.00048608016218310013,0.009975680795893727,0.018550249905364247,0.018137513199604882,0.0031015293898710716,0.0026802479317540318,0.008267593188505895,0.0,0.0,0.01540865725163254,0.020906444395662582,0.020121046232229656,0.00362768480013953,0.026404231539692624,0.023262638885961362,0.0,0.015012123217946094,0.014979717873800702,0.014453562463532243,0.02155455127857353,0.00678548012594371,0.008218985172287585,0.004510298996009077,0.012097367973233464,0.005263291815296167,0.013327908186571147,0.007830121042541105,0.00608109532287493,0.01545726526785085,0.006947506846671558,0.01892291136303781,0.0157003053489424,0.0,0.0067530627975731505,0.01302859018532132,0.00914167461624249,0.014259130398659003,0.0031339347340164636,0.01863126326572795,0.006817885470089102,0.013295502842425755,0.0,0.01494731252965531,0.005198481127005383,0.010105302172475739,0.014275333070731477,0.00598387929043831,0.005263291815296167,0.01540865725163254,0.019562485477815805,0.013360313530716539,0.01858265524950964,0.004413082963572457,0.005814182665770495,0.013935076957203307,0.0,0.002542968635456777,0.007554663633078995,0.004413082963572457,0.019246964804493505,0.0,0.005198481127005383
-0.002655512491548606,-0.004226308818414015,-0.004242511490486933,-0.005011706981846942,-0.0018701023438905118,-0.003408493326610973,0.0,0.0,0.0,0.0,0.0,0.0,-0.0007691954913600085,0.0,0.0,-0.0018701023438905118,0.0,-0.005011706981846942,-0.004395993458856662,-0.0004690026416924731,0.0,0.0,0.0,0.0,-0.002655512491548606,-0.003440898670756365,-0.002655512491548606,-0.0035543293594906267,0.0,0.0,-0.0007768534110752512,-0.0003641286895410545,-0.0042100941621163734,0.0,0.0,0.0,0.0,-0.003424695998683447,-0.00195878560819418,0.0,0.0,0.0,-0.0035219240153452347,0.0,-0.0017242782952355817,-0.0019835330326247735,-0.0032550113582408002,0.0,0.0,0.0,-0.004226308818414015,0.0,0.0,-0.00436358811471127,0.0,-0.004372132867068945,0.0,0.0,-0.004226308818414015,-0.0018701023438905118,-0.00470384422823944,0.0,-0.001084716164682753,-0.000339381265110017,-0.005797105145279868,-7.657919714798567e-06,0.0,-0.004768654916530668,0.0,0.0,-0.006145019178522837,0.0,-0.0010847041804575852,0.0,0.0,-0.00516518895021667,0.0,-0.0021370150009949462,0.0,-0.0035457846071329513,0.0,-0.004517956915723875,0.0,0.0,-0.0034733159991269247,0.0,0.0,-0.003392290654538055,0.0,0.0,-0.0018376969997451198,-0.0018701143281156796,0.0,-0.0034409106549810886,-0.0034409106549810886,0.0,-0.005327215670944518,0.0,-0.0041776888179709815,-0.004226308818414015
0.04136125448543826,0.05329191150336143,0.05223325383736199,0.03890861095320819,0.03288939817327918,0.05103724736656767,0.024798710520562928,0.0,0.023358884195120666,0.026196761435881566,0.02515159640922926,0.0,0.0,0.025015545096517044,0.022492843383386862,0.045704951183453524,0.0,0.04531435493375158,0.059146790199801735,0.02105708210703261,0.018322908359119428,0.0006734239574681666,0.030512175363120342,0.012909828912763377,0.026215616616399373,0.0586147800962169,0.0,0.04531435493375158,0.00504540342625992,0.01043426515092749,0.008909590513155763,0.03260657046551296,0.06388644568868962,0.004979410294447817,0.0059397270087702125,0.0,0.017075698887942803,0.049342876104136124,0.0,0.006607788425067707,0.0,0.014755041619337383,0.03286111540250225,0.0,0.04062183739615799,0.00952107999631302,0.00726641585951926,0.0014357612763542527,0.0370687607878053,0.013202084210788279,0.022562901564286975,0.016679740097070184,0.025245872311817852,0.0,0.03663102658680906,0.057767594465000904,0.0371347539196174,0.006645498786103321,0.05092947882463239,0.04515408589935088,0.058977093575141915,0.022808018911018024,0.022502270973645988,0.036423619601114066,0.04583693744707773,0.006236047355883567,0.03483295183152979,0.05130121989381653,0.00025454493698973124,0.025598758200484184,0.014289024647564208,0.0,0.05059951316557143,0.01864751147700927,0.026313957568075974,0.06267694657854861,0.007464401646542385,0.0531504976494781,0.007822650076379833,0.0,0.03446121076234565,0.05224268142762112,0.017583491269839158,0.04170471278384591,0.06710549158889378,0.008660408117336704,0.03092162679333965,0.06613574728431226,0.030795003070886562,0.02131569209311035,0.03118559932058851,0.04182190891604032,0.0367765054897804,0.030719582348815333,0.05556543082067256,0.0,0.04090466510392421,0.017687194762686875,0.029138342169490183,0.056967546785079204
0.0,0.0,0.0,0.0,0.0,0.0,-0.0041322246632318205,-0.03075729910143732,-0.009615362290488427,-0.01544195821615224,-0.01638341974995683,-0.03066301680726191,-0.006824629392608195,-0.017955232339023297,-0.014128755613163069,0.0,-0.030366702851735372,0.0,0.0,-0.011822894867573819,-0.007741866813137488,-0.007186936479946837,-0.009036214235608853,-0.009851058438546723,-0.004296558746720525,0.0,-0.006066350731223746,0.0,-0.026342240338852463,-0.01984758938847797,0.0,-0.003788766364824614,0.0,-0.0032284734904628465,-0.021866557377212992,-0.02359864539226697,-0.006828688050109832,0.0,-0.00436792081129056,-0.005285158231819853,-0.03193851544080184,-0.01767776717242775,0.0,-0.018572097146524857,0.0,0.0,0.0,-0.030978192334893073,-0.0009832369439282118,-0.021819419425918696,0.0,-0.018345828588725244,-0.015794844104818573,-0.0002680375763364218,-0.0048474240308236105,0.0,-0.008283304506981448,-0.0283612147191743,0.0,0.0,0.0,-0.011681474622104115,-0.004701951519439085,-0.0031813355391681064,0.0,-0.004447400190862538,-0.005539703168809584,0.0,-0.031053613056963858,-0.01110232656722454,0.0,-0.029834692748150538,0.0,-0.011404009455509012,-0.007304132612141245,0.0,-0.029246110711425466,0.0,-0.0258910198900959,-0.0028001668797252854,-0.009492803617122902,0.0,-0.012011446672751447,-0.0028378772407609,0.0,-0.005388861724667571,-0.009996530949931248,0.0,-0.0038453319063775915,-0.015917402778183654,0.0,0.0,-0.0049888378847064985,0.0,0.0,-0.03028185453940546,0.0,-0.021094798859654595,0.0,0.0
0.0,0.0,0.0,0.0,0.0,0.0,0.004649879263277201,0.025814020446131014,0.01001881202087529,0.0141174169385061,0.015028218031313045,0.02579005199632034,0.007621967039804778,0.016034892923362687,0.012247877853271083,0.0,0.025646241297456074,0.0,0.0,0.01112136071216785,0.007645935489615452,0.008604673482043745,0.00862864193185442,0.00973119062314698,0.005560680356083925,0.0,0.007094661143969283,0.0,0.023225427866574666,0.01716141006446592,0.0023249396316384896,0.004913532211194838,0.0,0.004721784612709223,0.01953428659572598,0.020612866837207644,0.008221178285072295,0.0,0.004577973913844957,0.0067351343968085065,0.026988474486855596,0.016202672072037627,0.0,0.016706009518062448,0.0,0.0,0.0,0.026724821538937737,0.0029241508769062285,0.019510318145915084,0.0,0.01644235657014481,0.014572817484909573,0.002636529479177696,0.0061359231515409896,0.0,0.008940231779393626,0.024232102758624308,0.0,0.0,0.0,0.01133707676046436,0.005608617255705495,0.004913532211194838,0.0,0.006207828500973012,0.006926881995294343,0.0,0.026413231691398753,0.011145329161978523,0.0,0.024831314003892047,0.0,0.010618023266143028,0.00790958843753331,0.0,0.02490321935332407,0.0,0.022722090420549845,0.0041944787168737285,0.009251821626932832,0.0,0.01057008636652168,0.004314320965927321,0.0,0.007334345642076245,0.009946906671443267,0.0,0.00536893275759831,0.014956312681881023,0.0,0.0,0.005416869657219658,0.0,0.0,0.024663534855217106,0.0,0.01783252665916568,0.0,0.0
-0.04204066096797909,-0.05042961840172655,-0.05778793249361347,-0.04474909579658903,-0.028186896977390852,-0.04391020005321433,-0.028666265973605,-0.005536711906273251,-0.021667478628878634,-0.02857039217436208,-0.02646116859101988,-0.011480887459328404,0.0,-0.024112260509570715,-0.029385319467926108,-0.042759714462300424,-0.005536711906273251,-0.049135322111948376,-0.05093295584775137,-0.03386741958252837,-0.026988474486855374,0.0,-0.029457224817358352,-0.016202672072037627,-0.03794205605034828,-0.051628040892261806,0.0,-0.05114867189604766,-0.014644722834341595,-0.022889869569224564,-0.005344964307787414,-0.03765443465261997,-0.06032858817354825,0.0,0.0,0.0,-0.01605886137317336,-0.048128647219898735,0.0,-0.0034993936723630714,-0.0128470890985386,-0.022074942275660536,-0.036120453864734614,0.0,-0.04091414382687608,-0.009779127522768105,-0.006016080902487175,-0.009635316823904061,-0.04367051555510715,-0.01960619194515778,-0.02806705472833726,-0.01771268441011209,-0.02463956640540621,0.0,-0.032141691196157396,-0.050956924297562045,-0.03204581739691448,-0.01533980787885203,-0.05165200934207248,-0.04201669251816842,-0.049087385212326806,-0.026820695338180434,-0.02634132634196651,-0.035017905173442276,-0.052514873535257856,0.0,-0.034131072530446005,-0.04065049087895822,-0.010210559619360904,-0.022793995769981867,-0.009827064422389675,0.0,-0.04211256631741134,-0.02413622895938139,-0.023057648717899504,-0.05570267736008194,-0.01656219881919818,-0.04927913281081264,-0.01847967480405477,0.0,-0.026365294791777183,-0.047793088922548854,-0.026365294791777183,-0.03818174054845547,-0.06258162245575472,-0.001965412884477935,-0.025814020446130792,-0.05994509297657702,-0.023489080814492302,-0.01965412884477935,-0.01888713845083667,-0.04441353749923915,-0.03904460474164084,-0.028690234423415673,-0.04978247025683746,0.0,-0.03242931259388593,-0.02298574336846748,-0.01728125231351929,-0.04956675420854095
0.08269653356286844,0.07611166536740632,0.07638506548491386,0.09629327907244645,0.017938933793151923,0.04560380432525224,0.07013703390412496,0.08074761736344671,0.05548569577763551,0.062055773841667605,0.05568774022215983,0.09502721442075202,0.03733935499878838,0.07452786855343452,0.08952522161297805,0.0620463462514087,0.06331241090310313,0.08833457768335462,0.046050966116507386,0.11042052627116838,0.07651168920736717,0.0,0.05447824111201882,0.0705276301538269,0.10047519832161944,0.05339130067524289,0.027333396458598225,0.09690070989810251,0.0853458589984517,0.09336112592909696,0.0010545926169112096,0.10437709576955045,0.06557650263015558,0.0,0.012100353642582773,0.038539426518670705,0.053033052245405665,0.08199482683462356,0.03423750523077884,0.010185082755108876,0.10857531356459438,0.09018921798018731,0.08525694563703379,0.03995633261450715,0.08068698677280572,0.04218677902961199,0.0384640057965997,0.08139275855013839,0.09846309489691007,0.08016440425947935,0.07919465995489805,0.06227667346670973,0.055155730118574775,0.02926752252658993,0.05768785942196386,0.058295290247619924,0.0705087749733091,0.07807000915708673,0.0853835693594871,0.08153823745310951,0.050011985740638254,0.09783274384164842,0.08744025410084433,0.08588729669229567,0.09458005262949687,0.0,0.07280521452022604,0.02300319239992965,0.080432441835816,0.0496025343104185,0.03684505525623871,0.04433773967355781,0.05685010138100677,0.08356257437460202,0.04911766215812774,0.05148952242711591,0.10133181154309412,0.06667287065719041,0.08891372573823397,0.035428142768815674,0.04634728646362052,0.06319927981999673,0.10149208057749504,0.07747200592168957,0.06978820667296004,0.0,0.06305380091702562,0.05530657156271701,0.0423941860153072,0.055184012889351486,0.0,0.09596867595455683,0.08411750470779267,0.048453665790918476,0.07081452291068113,0.0404129219960212,0.018118058008070648,0.07407127917192047,0.0,0.061914359987784495
0.0,-0.0005508652841028638,0.0,0.0,-0.021116204283232465,-0.011413437045767916,0.0,0.0,-0.004635951996040388,-0.011149464518519281,-0.014307879828082015,0.0,0.0,-0.00536057895389086,0.0,-0.007958701389092049,0.0,0.0,-0.015032506785932487,0.0,0.0,-0.022556030608674504,-0.01563993761158855,0.0,0.0,-0.01965903119171397,0.0,0.0,0.0,0.0,-0.014138183203422194,0.0,-0.0171646122493605,-0.020555911408870697,-0.018600373525714753,0.0,-0.0049416999334124245,-0.009958820588895856,0.0,-0.011041695976583776,0.0,0.0,0.0,0.0,0.0,0.0,0.0,0.0,0.0,0.0,0.0,-0.015136210278780204,-0.018726997248168065,0.0,-0.008556704624489209,-0.01793637715850549,-0.007558677549131199,0.0,0.0,0.0,-0.018115501373424214,0.0,0.0,0.0,0.0,-0.019706169143008267,-0.0025604120741655745,-0.02331836792756059,0.0,-0.010443692741186394,0.0,0.0,-0.01243438435073152,0.0,-0.010156799984332165,-0.009662500241782723,0.0,-0.0035625041986113715,0.0,0.0,-0.0189344042338635,-0.003666207691459089,0.0,-0.009539941568417198,-0.007836142715726524,-0.01785152884617558,-0.01056625141455192,-0.027535440903122543,-0.018515525213384842,-0.010490830692480912,-0.028161726909296414,0.0,0.0,0.0,0.0,0.0,-0.01856266316467936,0.0,-0.02465985330132603,-0.009549369158676102
22.410001754760742,25.90999984741211,35.489999771118164,22.089998245239258,31.8700008392334,27.959999084472656,29.549999237060547,21.8799991607666,28.920001983642578,28.67999839782715,34.76999855041504,28.579998016357422,0.0,24.330001831054688,18.780000686645508,22.549999237060547,28.78999900817871,19.220001220703125,23.549999237060547,31.64000129699707,26.10000228881836,35.52000045776367,28.15999984741211,13.319999694824219,24.51000213623047,25.579998016357422,0.0,21.099998474121094,23.71000099182129,21.6200008392334,29.850000381469727,19.549999237060547,30.550000190734863,33.22000026702881,32.559998512268066,0.0,26.31999969482422,26.670001983642578,0.0,25.299999237060547,21.810001373291016,23.190000534057617,17.09000015258789,0.0,17.229997634887695,0.0,0.0,17.64999771118164,20.44999885559082,15.850000381469727,6.030002593994141,29.33000087738037,31.8700008392334,0.0,20.900001525878906,28.630001068115234,23.700000762939453,25.079999923706055,25.610000610351562,24.40999984741211,26.200000762939453,22.790000915527344,10.390003204345703,25.709999084472656,17.650001525878906,32.84000110626221,26.729997634887695,30.209999084472656,11.09000015258789,27.619998931884766,0.0,0.0,26.05000114440918,19.000001907348633,29.630001068115234,30.110002517700195,8.129997253417969,27.900001525878906,19.25,0.0,22.71000099182129,28.1200008392334,10.40999984741211,21.889999389648438,29.780000686645508,30.719998359680176,26.69999885559082,36.00000190734863,26.369998931884766,27.130001068115234,31.06999969482422,23.560001373291016,29.8700008392334,8.520000457763672,20.079999923706055,0.0,30.420000076293945,16.76999855041504,31.199999809265137,33.47000026702881
-10.349998474121094,-11.170001983642578,-10.439998626708984,-21.89999771118164,-1.7700004577636719,-4.510002136230469,-8.110000610351562,-13.19000244140625,-2.8899993896484375,-4.510002136230469,-5.549999237060547,-17.320003509521484,-28.21999740600586,-8.849998474121094,-16.529998779296875,-2.700000762939453,-6.420001983642578,-26.709999084472656,-4.010002136230469,-17.819995880126953,-17.109996795654297,-5.630001068115234,-5.689998626708984,-10.779998779296875,-21.73999786376953,-5.010002136230469,-31.119998931884766,-17.76000213623047,-13.040000915527344,-21.199996948242188,-2.8800010681152344,-17.610000610351562,-8.739997863769531,-2.0600013732910156,-3.240001678466797,-14.720001220703125,-13.540000915527344,-4.489997863769531,-25.68000030517578,-6.259998321533203,-29.949996948242188,-3.279998779296875,-18.360004425048828,-27.40999984741211,-16.869998931884766,-26.420001983642578,-29.490001678466797,-24.60000228881836,-12.020000457763672,-14.020000457763672,-30.90999984741211,-5.450000762939453,-9.15999984741211,-26.85000228881836,-5.6999969482421875,-4.129997253417969,-7.149997711181641,-9.770000457763672,-17.699996948242188,-8.360000610351562,-3.8199996948242188,-12.700000762939453,-15.979999542236328,-11.900001525878906,-24.75,-3.799999237060547,-5.630001068115234,-5.430000305175781,-15.860000610351562,-17.43000030517578,-26.930004119873047,-34.0,-16.09000015258789,-15.529998779296875,-8.130001068115234,-4.119998931884766,-19.980003356933594,-7.159999847412109,-22.270000457763672,-29.37999725341797,-5.849998474121094,-6.6100006103515625,-30.59000015258789,-9.44000244140625,-10.84000015258789,-7.430000305175781,-18.84000015258789,-6.599998474121094,-11.319999694824219,-1.8499984741210938,-6.740001678466797,-14.239997863769531,-8.630001068115234,-9.290000915527344,-10.579998016357422,-29.480003356933594,-1.5699996948242188,-10.65999984741211,-7.819999694824219,-5.709999084472656
11.949996948242188,14.830001831054688,13.5,26.6199951171875,11.180000305175781,22.919998168945312,13.139999389648438,28.48999786376953,19.210006713867188,15.540000915527344,9.529998779296875,6.9799957275390625,0.0,12.129997253417969,3.2099990844726562,14.959999084472656,19.529998779296875,8.240005493164062,25.650001525878906,14.580001831054688,11.569999694824219,10.099998474121094,22.30999755859375,10.600006103515625,12.970001220703125,11.279998779296875,0.0,11.489997863769531,20.300003051757812,15.860000610351562,10.80999755859375,4.569999694824219,8.790000915527344,5.650001525878906,14.709999084472656,0.0,9.379997253417969,9.099998474121094,0.0,7.94000244140625,8.920005798339844,11.220001220703125,16.050003051757812,0.0,8.029998779296875,0.0,1.089996337890625,14.049995422363281,16.540000915527344,1.9500045776367188,16.650001525878906,14.790000915527344,7.220001220703125,0.7600021362304688,25.030006408691406,21.020004272460938,13.430000305175781,3.1399993896484375,17.539993286132812,5.3600006103515625,18.279998779296875,15.889999389648438,4.549995422363281,15.370002746582031,10.30999755859375,6.30999755859375,14.930000305175781,17.099998474121094,8.680000305175781,15.039993286132812,0.0,0.0,12.419998168945312,11.169998168945312,15.649993896484375,8.949996948242188,10.680000305175781,6.0,8.919998168945312,3.69000244140625,18.459999084472656,14.779998779296875,18.23999786376953,10.80999755859375,7.25,13.779998779296875,6.55999755859375,8.510002136230469,7.2400054931640625,15.479995727539062,9.319999694824219,7.099998474121094,9.30999755859375,0.55999755859375,8.860000610351562,0.0,12.169998168945312,2.9199981689453125,5.4499969482421875,15.790000915527344
-19.259994506835938,-10.259994506835938,-7.1199951171875,-4.1100006103515625,-18.30998992919922,-4.5800018310546875,-15.920005798339844,-7.3800048828125,-12.050003051757812,-12.819999694824219,-17.329994201660156,-22.829994201660156,-9.959991455078125,-12.900001525878906,-21.67999267578125,-10.720001220703125,-1.69000244140625,-24.85999298095703,-1.6699981689453125,-23.479995727539062,-12.979995727539062,-1.6999969482421875,-9.169998168945312,-8.859992980957031,-21.81000518798828,-5.220001220703125,-7.100006103515625,-15.839996337890625,-9.75,-26.17999267578125,-3.5999984741210938,-19.45000457763672,-16.209991455078125,-2.899993896484375,-2.3000030517578125,-6.480003356933594,-27.590003967285156,-17.660003662109375,-9.520004272460938,-23.969993591308594,-15.8800048828125,-11.169990539550781,-24.900001525878906,-7.9600067138671875,-11.149993896484375,-7.719993591308594,-5.279998779296875,-23.840003967285156,-19.970001220703125,-25.389999389648438,-7.899993896484375,-14.419990539550781,-17.54999542236328,-7.260002136230469,-1.7399978637695312,-16.980003356933594,-6.470001220703125,-18.410003662109375,-14.779998779296875,-11.019989013671875,-3.730010986328125,-11.799995422363281,-24.06999969482422,-18.089996337890625,-17.75,-4.9799957275390625,-16.790000915527344,-22.579994201660156,-17.170005798339844,-22.87000274658203,-7.5,-11.089996337890625,-24.259994506835938,-11.140007019042969,-4.360008239746094,-12.760002136230469,-26.089996337890625,-18.020004272460938,-21.910003662109375,-4.739997863769531,-1.3300018310546875,-17.19000244140625,-6.140007019042969,-20.81999969482422,-18.419998168945312,-24.800003051757812,-20.479995727539062,-8.620002746582031,-21.290000915527344,-24.209999084472656,-14.840003967285156,-23.18999481201172,-19.319992065429688,-16.87000274658203,-6.049995422363281,-9.459999084472656,-18.860008239746094,-22.519996643066406,-4.760002136230469,-21.319992065429688
6.260002136230469,5.160003662109375,8.209999084472656,7.9799957275390625,7.680000305175781,8.910003662109375,5.870002746582031,9.520004272460938,8.3800048828125,9.05999755859375,7.109992980957031,4.090003967285156,1.6800003051757812,6.3600006103515625,6.269996643066406,8.970001220703125,7.1699981689453125,6.80999755859375,12.269996643066406,6.040000915527344,6.459999084472656,5.1100006103515625,9.110000610351562,5.6699981689453125,11.279998779296875,6.649993896484375,0.80999755859375,6.099998474121094,9.779998779296875,6.790000915527344,4.529998779296875,5.209999084472656,5.4199981689453125,6.599998474121094,7.959999084472656,1.5800018310546875,6.310005187988281,5.150001525878906,0.0,5.3800048828125,5.849998474121094,7.819999694824219,6.5,1.6699981689453125,6.660003662109375,4.260002136230469,2.5100021362304688,8.110000610351562,7.400001525878906,6.1699981689453125,6.3800048828125,5.9199981689453125,6.80999755859375,0.29999542236328125,11.560005187988281,16.04999542236328,7.430000305175781,7.930000305175781,4.900001525878906,6.319999694824219,7.799995422363281,6.260002136230469,6.6100006103515625,5.959999084472656,6.849998474121094,5.7599945068359375,8.860000610351562,8.760002136230469,7.3699951171875,5.489997863769531,0.0,5.150001525878906,7.1100006103515625,5.150001525878906,7.779998779296875,7.399993896484375,5.9900054931640625,4.840003967285156,7.549995422363281,1.8100051879882812,9.330001831054688,6.029998779296875,7.05999755859375,6.0,7.5500030517578125,5.94000244140625,7.7899932861328125,10.550003051757812,4.269996643066406,7.489997863769531,7.0099945068359375,7.8699951171875,5.470001220703125,4.0099945068359375,6.319999694824219,0.910003662109375,6.709999084472656,6.5500030517578125,7.7400054931640625,6.980003356933594
-3.5999984741210938,-3.2299957275390625,-1.2400054931640625,-4.6100006103515625,0.0,-1.2699966430664062,-0.5,0.0,-0.5,0.0,-1.3700027465820312,-2.589996337890625,-3.1299972534179688,0.0,-1.3899993896484375,-0.779998779296875,0.0,-0.44000244140625,0.0,-0.029998779296875,0.0,-1.1599960327148438,-0.5,-0.0800018310546875,-1.80999755859375,-2.5400009155273438,-2.529998779296875,-1.9099960327148438,0.0,-0.899993896484375,-1.1500015258789062,-1.0600051879882812,-3.3400039672851562,0.0,0.0,-0.3600006103515625,-1.9599990844726562,-2.5999984741210938,-4.209999084472656,-1.089996337890625,0.0,0.0,-1.0999984741210938,-2.660003662109375,0.0,-1.720001220703125,-3.279998779296875,0.0,-1.1200027465820312,0.0,-1.4499969482421875,0.0,0.0,-3.9800033569335938,-2.3799972534179688,-4.3800048828125,0.0,0.0,-3.0400009155273438,-0.5800018310546875,-0.17000579833984375,-2.1800003051757812,0.0,-0.1100006103515625,-1.1699981689453125,-0.5500030517578125,0.0,-0.3600006103515625,0.0,-2.160003662109375,-3.5900039672851562,0.0,0.0,-3.8400039672851562,-1.9800033569335938,0.0,-0.75,-3.0400009155273438,0.0,-3.0099945068359375,0.0,-1.3899993896484375,-2.0900039672851562,-1.4499969482421875,-0.34999847412109375,-0.40000152587890625,0.0,0.0,-3.32000732421875,-0.6599960327148438,-0.15000152587890625,-2.100006103515625,-1.5100021362304688,-1.779998779296875,-2.1699981689453125,-3.2699966430664062,0.0,0.0,0.0,-2.0699996948242188
3.765000097453594,1.9250000417232513,2.609000042080879,1.3159999698400497,3.717000052332878,0.8739999942481518,3.0779999047517776,0.732000008225441,2.601000100374222,3.191999938338995,3.343000002205372,3.714000064879656,0.0,1.9359999895095825,3.3369999825954437,2.997000053524971,1.808000035583973,3.7239999175071716,0.8109999820590019,4.2280000038445,3.1219999939203262,0.9050000086426735,3.540999950841069,1.0620000064373016,3.871000073850155,1.1550000198185444,0.0,2.880000062286854,1.9859999865293503,3.9569999873638153,2.8660000562667847,3.1030001044273376,3.312999926507473,0.8289999703411013,0.8169999765232205,0.0,3.747999921441078,4.125999923795462,0.22300000116229057,4.351000092923641,3.152999997138977,2.032999999821186,3.950999990105629,0.0,1.424999937415123,0.1719999983906746,0.0,3.1419998928904533,3.7200000658631325,3.6300000064074993,2.3789999410510063,2.239999994635582,2.4820000380277634,0.0,0.3229999914765358,3.925999917089939,0.8089999854564667,3.3820000886917114,2.3280000761151314,2.2570000290870667,1.0210000239312649,1.710000030696392,3.870000034570694,3.725000061094761,1.8149999846937135,0.7280000150203705,3.6460001161321998,3.8390000835061073,2.694000020623207,3.72599995136261,0.0,0.107999999076128,3.843999996781349,1.032000057399273,1.0340000241994858,3.6140000969171524,4.391999773681164,3.124999925494194,3.4220000747591257,0.16199999675154686,1.052000042051077,3.8740000873804092,1.5390000324696302,4.318000175058842,3.265999924391508,4.382999800145626,4.537999890744686,2.9330001156777143,3.215999908745289,4.124000035226345,3.6169999558478594,3.5290000955574214,3.7439999897032976,2.4089999943971634,1.5700000450015068,0.12600000202655792,4.281000092625618,3.2660000533796847,1.1629999876022339,4.069000033661723
-1.348999984562397,-0.8440000116825104,-0.5300000160932541,-3.01699997484684,-0.4310000091791153,-2.7099999375641346,-1.005000039935112,-2.7919999212026596,-1.983000010251999,-1.346000049263239,-0.23099999874830246,-0.6820000223815441,-0.8460000082850456,-0.3960000276565552,-0.17999999225139618,-1.0489999502897263,-1.2529999539256096,-0.7789999842643738,-2.8530000522732735,-1.7680000476539135,-1.139000043272972,0.0,-1.721999941393733,-0.8749999701976776,-1.9820000901818275,-1.1470000259578228,-0.9620000571012497,-0.7250000163912773,-2.3929999619722366,-2.273000031709671,-0.13600000739097595,-0.26500000059604645,-0.15200000256299973,-0.04300000122748315,-1.3660000516101718,-0.30900000128895044,-0.4779999703168869,-0.10499999299645424,-0.7289999909698963,0.0,-0.8230000138282776,-1.1909999772906303,-1.552000030875206,-0.8380000218749046,-0.27800001204013824,-0.6969999894499779,-1.0839999578893185,-0.9619999602437019,-1.3660000190138817,-0.2749999947845936,-1.7079999521374702,-0.9549999386072159,-0.09000000357627869,-1.1680000014603138,-2.1110000237822533,-2.1059999093413353,-1.7840000092983246,-0.22100001573562622,-0.8189999982714653,-1.2540000081062317,-1.278999987989664,-1.8060000017285347,-0.8380000293254852,-0.5269999727606773,-1.1859999428270385,-0.22699999809265137,-0.8079999992623925,-0.7149999961256981,-1.0759999603033066,-0.8350000381469727,-0.7949999710544944,-0.8439999744296074,-0.6449999660253525,-2.3120000436902046,-0.7529999762773514,-0.049000002443790436,-0.805000014603138,0.0,-0.5940000172704458,-0.76299998909235,-1.4800000227987766,-0.6790000051259995,-2.056999923661351,-1.2220000252127647,-0.04700000211596489,0.0,0.0,-0.07499999739229679,0.0,-1.1699999943375587,-0.4149999897927046,-0.6700000246055424,-0.2950000148266554,-1.1400000303983688,-0.5600000098347664,-0.8809999972581863,0.0,-0.07700000097975135,-0.05900000035762787,-0.6670000273734331
3.1160000264644623,4.57899996638298,4.540000081062317,3.9999998211860657,4.161000072956085,3.8359997868537903,3.997999757528305,4.131000131368637,4.153999924659729,3.968999922275543,3.824999988079071,3.14300000667572,0.0,3.808999866247177,1.9180000126361847,3.2470000982284546,3.685000002384186,2.6410000324249268,3.968000054359436,3.552000015974045,3.4620001018047333,4.681999951601028,4.514000177383423,2.3360000550746918,3.2150000035762787,4.0289998054504395,0.0,3.742999792098999,2.9779999554157257,2.2739999890327454,3.648000031709671,2.283999979496002,4.057999789714813,4.14500018954277,4.160999953746796,0.0,3.283000111579895,3.8699998259544373,0.0,3.571000099182129,2.8280000388622284,3.3389998972415924,3.2849999964237213,0.0,2.3499999046325684,0.0,0.0,2.056999981403351,3.359000086784363,1.9040001034736633,1.3679999709129333,4.33200004696846,3.94500008225441,0.0,3.7310001850128174,4.10600009560585,3.2530000507831573,3.1359999775886536,3.6030000150203705,3.2069999277591705,3.734000086784363,3.6630001962184906,1.487999975681305,3.208000034093857,3.028000086545944,4.07099986076355,3.6019999384880066,3.9009999334812164,1.2370000183582306,3.8639998733997345,0.0,0.0,3.5210000574588776,2.660999983549118,4.343000203371048,3.1759999990463257,1.319000005722046,3.209999918937683,2.472000002861023,0.0,3.4320000410079956,3.451999992132187,2.2949999272823334,3.790999948978424,4.052999764680862,3.9320001900196075,3.496999979019165,3.9290000796318054,3.5680000483989716,4.103000074625015,4.048999845981598,2.892999976873398,3.442999988794327,0.0,3.072000026702881,0.0,4.150999873876572,2.497999906539917,4.220000207424164,4.399999916553497
-1.673999935388565,-1.617999941110611,-1.8510000705718994,-2.3749999403953552,-0.5829999893903732,-0.8610000014305115,-1.3599999845027924,-2.158000022172928,-0.6550000011920929,-0.7179999947547913,-0.7139999866485596,-2.4510000944137573,-3.505000054836273,-1.2309999763965607,-3.213999956846237,-0.8319999873638153,-1.0070000290870667,-3.640000104904175,-0.6000000238418579,-1.9249999821186066,-2.266999989748001,-0.8919999897480011,-0.800000011920929,-1.5069999992847443,-2.7210001051425934,-0.9889999628067017,-3.3959999084472656,-2.507999897003174,-1.729999989271164,-2.6219999194145203,-0.5849999934434891,-3.144999921321869,-2.043999969959259,-0.6969999969005585,-0.4700000062584877,-2.021000027656555,-3.271000027656555,-1.3399999737739563,-3.4519999027252197,-1.7029999494552612,-3.6749999821186066,-0.6260000020265579,-3.311999887228012,-3.6710000932216644,-3.263000011444092,-3.889000028371811,-3.440999925136566,-4.032999932765961,-1.6430000066757202,-3.090000092983246,-3.765999972820282,-0.8020000159740448,-1.7649999558925629,-3.5149999260902405,-0.9739999771118164,-0.7880000174045563,-0.93299999833107,-0.9710000157356262,-3.6319998800754547,-1.2439999878406525,-0.47099998593330383,-1.9369999468326569,-2.46099990606308,-2.4000000059604645,-3.5599999725818634,-1.0260000228881836,-1.7540000081062317,-2.576000064611435,-2.71000012755394,-3.483000010251999,-3.8299998939037323,-3.8869999647140503,-3.8450001180171967,-2.2300000488758087,-1.504999965429306,-0.44100000709295273,-3.549999952316284,-1.106000006198883,-3.1269999742507935,-3.571000024676323,-0.7359999716281891,-0.9799999892711639,-3.496999889612198,-0.9980000257492065,-1.604999989271164,-1.5229999721050262,-3.933000087738037,-1.0649999976158142,-3.026999980211258,-1.048000007867813,-1.027999997138977,-3.1990000307559967,-1.3129999935626984,-1.5659999549388885,-1.659000039100647,-3.666000008583069,-0.9009999930858612,-1.9479999542236328,-0.8050000071525574,-1.9029999375343323
0.0,0.0,0.0,0.0,0.0,0.0,0.0,0.0,0.0,0.0,0.0,0.0,0.0,0.0,0.0,0.0,0.0,0.0,0.0,0.0,0.0,0.0,0.0,0.0,0.0,0.0,0.0,0.0,0.0,0.0,0.0,0.0,0.0,0.0,0.0,0.0,0.0,0.0,0.0,0.0,0.0,0.0,0.0,0.0,0.0,0.0,0.0,0.0,0.0,0.0,0.0,0.0,0.0,0.0,0.0,0.0,0.0,0.0,0.0,0.0,0.0,0.0,0.0,0.0,0.0,0.0,0.0,0.0,0.0,0.0,0.0,0.0,0.0,0.0,0.0,0.0,0.0,0.0,0.0,0.0,0.0,0.0,0.009999990463256836,0.0,0.0,0.0,0.0,0.0,0.0,0.0,0.0,0.0,0.0,0.0,0.0,0.0,0.0,0.0,0.0,0.0
-0.38200002908706665,-0.5240000486373901,-0.4740000367164612,-0.44599997997283936,-0.7020000219345093,-0.612000048160553,-0.40000003576278687,-0.33799999952316284,-0.5859999656677246,-0.5610000491142273,-0.6030000448226929,-0.47200000286102295,-0.3490000367164612,-0.5049999952316284,-0.44099998474121094,-0.4179999828338623,-0.4649999737739563,-0.4439999461174011,-0.6159999966621399,-0.4660000205039978,-0.3709999918937683,-0.6809999942779541,-0.581000030040741,-0.3559999465942383,-0.5139999985694885,-0.6229999661445618,-0.5559999942779541,-0.4480000138282776,-0.36399996280670166,-0.46199995279312134,-0.5490000247955322,-0.5130000114440918,-0.6190000176429749,-0.6360000371932983,-0.7409999370574951,-0.2669999599456787,-0.5469999313354492,-0.5719999670982361,-0.41899996995925903,-0.531000018119812,-0.5550000071525574,-0.4110000729560852,-0.4739999771118164,-0.5440000295639038,-0.36299997568130493,-0.5120000243186951,-0.48100000619888306,-0.375,-0.4129999876022339,-0.4129999279975891,-0.4609999656677246,-0.6640000343322754,-0.7049999833106995,-0.42399996519088745,-0.5589999556541443,-0.5539999604225159,-0.5080000162124634,-0.5,-0.40000003576278687,-0.406000018119812,-0.5600000023841858,-0.3970000147819519,-0.4369999170303345,-0.42900002002716064,-0.5059999823570251,-0.6369999647140503,-0.4240000247955322,-0.5919999480247498,-0.34800004959106445,-0.5009999871253967,-0.3919999599456787,-0.4920000433921814,-0.4830000400543213,-0.40299999713897705,-0.5080000162124634,-0.4389999508857727,-0.4569999575614929,-0.434999942779541,-0.5460000038146973,-0.5009999871253967,-0.5760000348091125,-0.48799997568130493,-0.46700000762939453,-0.546999990940094,-0.5270000100135803,-0.6990000605583191,-0.49299997091293335,-0.6619999408721924,-0.6049999594688416,-0.5360000133514404,-0.7210000157356262,-0.4739999771118164,-0.4880000352859497,-0.4699999690055847,-0.4159999489784241,-0.5529999732971191,-0.621999979019165,-0.4299999475479126,-0.6810000538825989,-0.5040000081062317
0.1161,0.1248,0.11189999999999999,0.31439999999999996,0.1437,0.1389,0.12539999999999998,0.1719,0.1467,0.0876,0.14609999999999998,0.16859999999999997,0.0402,0.07559999999999999,0.0924,0.10559999999999999,0.126,0.0987,0.1251,0.09209999999999999,0.0972,0.05159999999999999,0.1815,0.0948,0.1002,0.1284,0.0462,0.1362,0.17609999999999998,0.1533,0.10469999999999999,0.10469999999999999,0.1611,0.1362,0.19079999999999997,1.011,0.06989999999999999,0.13979999999999998,0.025799999999999997,0.48269999999999996,0.12539999999999998,0.08969999999999999,0.14009999999999997,0.0294,0.12,0.059399999999999994,0.053399999999999996,0.08399999999999999,0.1137,0.10529999999999999,0.1515,0.10679999999999999,0.1725,0.061799999999999994,0.08099999999999999,0.15059999999999998,0.08789999999999999,0.20819999999999997,0.1281,0.09449999999999999,0.1626,0.17939999999999998,0.0549,0.0963,0.15269999999999997,0.1344,0.1308,0.1782,0.07709999999999999,0.10319999999999999,0.0288,0.0525,0.11249999999999999,0.1137,0.058499999999999996,0.10949999999999999,0.075,0.10319999999999999,0.09209999999999999,0.034199999999999994,0.09,0.12,0.1452,0.08729999999999999,0.1356,0.13649999999999998,0.17489999999999997,0.19079999999999997,0.16499999999999998,0.11939999999999999,0.19709999999999997,0.07319999999999999,0.08549999999999999,0.0783,0.10169999999999998,0.041999999999999996,0.2007,0.10319999999999999,0.1725,0.10769999999999999
-0.10799999999999998,-0.09359999999999999,-0.10859999999999999,-0.18869999999999998,-0.06,-0.06509999999999999,-0.07319999999999999,-0.44249999999999995,-0.18089999999999998,-0.0939,-0.1278,-0.594,-0.1293,-0.11339999999999999,-0.04769999999999999,-0.3681,-0.3207,-0.2739,-0.0861,-0.10859999999999999,-0.0783,-0.39239999999999997,-0.038099999999999995,-0.11669999999999998,-0.204,-0.28859999999999997,-0.09689999999999999,-0.2637,-0.36869999999999997,-0.13199999999999998,-0.46799999999999997,-0.0726,-0.43649999999999994,-0.0423,-0.24239999999999998,-0.17579999999999998,-0.25229999999999997,-0.37739999999999996,-0.0774,-0.22469999999999998,-0.5736,-0.09899999999999999,-0.3948,-0.0963,-0.2769,-0.09749999999999999,-0.09179999999999999,-0.32339999999999997,-0.0822,-0.1833,-0.48569999999999997,-0.1707,-0.10529999999999999,-0.1722,-0.3267,-0.30689999999999995,-0.055499999999999994,-0.33569999999999994,-0.3273,-0.0846,-0.23309999999999997,-0.1578,-0.07709999999999999,-0.08549999999999999,-0.37799999999999995,-0.051,-0.05639999999999999,-0.37499999999999994,-0.31829999999999997,-0.13529999999999998,-0.30479999999999996,-0.14609999999999998,-0.3213,-0.1065,-0.32789999999999997,-0.20759999999999998,-0.36179999999999995,-0.30929999999999996,-0.1941,-0.1266,-0.27809999999999996,-0.0687,-0.12209999999999999,-0.2754,-0.24689999999999998,-0.059699999999999996,-0.029099999999999997,-0.2904,-0.0312,-0.05909999999999999,-0.2448,-0.2178,-0.0687,-0.32759999999999995,-0.0735,-0.13319999999999999,-0.4311,-0.054299999999999994,-0.46769999999999995,-0.0588
0.1767,0.11159999999999999,0.08159999999999999,0.1914,0.1356,0.06899999999999999,0.12119999999999999,0.15239999999999998,0.09899999999999999,0.2304,0.23759999999999998,0.1818,0.0789,0.18599999999999997,0.12359999999999999,0.0822,0.15419999999999998,0.19049999999999997,0.0924,0.1518,0.14159999999999998,0.0828,0.1407,0.13019999999999998,0.15899999999999997,0.06989999999999999,0.1803,0.1293,0.16949999999999998,0.1815,0.18239999999999998,0.14609999999999998,0.0813,0.13529999999999998,0.2163,0.0321,0.1644,0.11429999999999998,0.1536,0.19019999999999998,0.156,0.18989999999999999,0.1974,0.1299,0.0909,0.1536,0.11249999999999999,0.14579999999999999,0.11879999999999999,0.14159999999999998,0.1209,0.19379999999999997,0.2448,0.15689999999999998,0.11969999999999999,0.1065,0.11159999999999999,0.1482,0.0663,0.07469999999999999,0.053399999999999996,0.18359999999999999,0.1359,0.18599999999999997,0.10049999999999999,0.1176,0.1347,0.10079999999999999,0.0654,0.1485,0.0924,0.12539999999999998,0.10409999999999998,0.17009999999999997,0.0933,0.12299999999999998,0.1374,0.09299999999999999,0.1323,0.12269999999999999,0.11429999999999998,0.1386,0.21,0.1074,0.1692,0.1251,0.1926,0.0438,0.15119999999999997,0.17579999999999998,0.0447,0.183,0.16199999999999998,0.1002,0.062099999999999995,0.1098,0.126,0.1374,0.045,0.1263
-0.1362,-0.1251,-0.09029999999999999,-0.07919999999999999,-0.11969999999999999,-0.0423,-0.0726,-0.37439999999999996,-0.19319999999999998,-0.2163,-0.17159999999999997,-0.3045,-0.2568,-0.30239999999999995,-0.0759,-0.20639999999999997,-0.19649999999999998,-0.19619999999999999,-0.105,-0.08099999999999999,-0.09059999999999999,-0.5184,-0.1089,-0.16499999999999998,-0.17279999999999998,-0.3444,-0.10919999999999999,-0.21449999999999997,-0.20759999999999998,-0.0861,-0.5672999999999999,-0.12719999999999998,-0.35579999999999995,-0.15269999999999997,-0.20969999999999997,-0.047999999999999994,-0.23819999999999997,-0.3903,-0.19349999999999998,-0.31799999999999995,-0.45599999999999996,-0.08819999999999999,-0.297,-0.2163,-0.22769999999999999,-0.2259,-0.0225,-0.24239999999999998,-0.1815,-0.35729999999999995,-0.4896,-0.3297,-0.21599999999999997,-0.19379999999999997,-0.3036,-0.36239999999999994,-0.0717,-0.23279999999999998,-0.19649999999999998,-0.09509999999999999,-0.25739999999999996,-0.1299,-0.07319999999999999,-0.10709999999999999,-0.40199999999999997,-0.20789999999999997,-0.0678,-0.48749999999999993,-0.15749999999999997,-0.2196,-0.45419999999999994,-0.0639,-0.3579,-0.1275,-0.28769999999999996,-0.3117,-0.0726,-0.23789999999999997,-0.2505,-0.29159999999999997,-0.2985,-0.12449999999999999,-0.1074,-0.26399999999999996,-0.24989999999999998,-0.153,-0.0633,-0.3948,-0.10859999999999999,-0.102,-0.3198,-0.10139999999999999,-0.18059999999999998,-0.2991,-0.1224,-0.0633,-0.576,-0.0633,-0.6185999999999999,-0.0717
15.0,17.0,26.0,26.0,32.0,19.0,16.0,32.0,28.0,31.0,31.0,18.0,32.0,16.0,15.0,15.0,32.0,25.0,28.0,19.0,15.0,32.0,30.0,32.0,22.0,24.0,32.0,17.0,12.0,16.0,32.0,16.0,24.0,32.0,32.0,32.0,32.0,23.0,32.0,32.0,25.0,15.0,32.0,32.0,12.0,32.0,32.0,15.0,19.0,19.0,32.0,30.0,31.0,32.0,21.0,25.0,13.0,13.0,14.0,14.0,23.0,21.0,12.0,19.0,25.0,32.0,18.0,32.0,11.0,26.0,32.0,32.0,23.0,12.0,21.0,15.0,15.0,15.0,15.0,32.0,18.0,20.0,30.0,15.0,17.0,32.0,25.0,32.0,20.0,27.0,32.0,21.0,18.0,32.0,12.0,32.0,32.0,17.0,32.0,26.0
15.0,15.0,15.0,15.0,15.0,15.0,15.0,15.0,15.0,15.0,15.0,15.0,3.0,15.0,15.0,15.0,15.0,15.0,15.0,15.0,15.0,3.0,15.0,15.0,15.0,15.0,3.0,15.0,15.0,15.0,15.0,15.0,15.0,3.0,15.0,2.0,15.0,15.0,3.0,15.0,15.0,15.0,15.0,3.0,15.0,3.0,3.0,15.0,15.0,15.0,15.0,15.0,15.0,3.0,15.0,15.0,15.0,15.0,15.0,15.0,15.0,15.0,15.0,15.0,15.0,15.0,15.0,15.0,15.0,15.0,3.0,3.0,15.0,15.0,15.0,15.0,15.0,15.0,15.0,3.0,15.0,15.0,15.0,15.0,15.0,15.0,15.0,15.0,15.0,15.0,15.0,15.0,15.0,15.0,15.0,3.0,15.0,15.0,3.0,15.0
0.0,0.0,0.0,0.0,0.0,0.0,0.0,0.0,0.0,0.0,0.0,0.0,0.0,0.0,0.0,3.0,0.0,0.0,0.0,0.0,0.0,1.0,0.0,1.0,0.0,0.0,0.0,0.0,3.0,0.0,0.0,1.0,0.0,1.0,0.0,0.0,0.0,0.0,0.0,0.0,0.0,0.0,0.0,0.0,3.0,0.0,0.0,0.0,0.0,0.0,0.0,0.0,0.0,0.0,0.0,0.0,1.0,0.0,0.0,0.0,0.0,0.0,0.0,0.0,0.0,0.0,0.0,0.0,3.0,0.0,0.0,0.0,0.0,3.0,0.0,0.0,0.0,1.0,0.0,0.0,0.0,0.0,0.0,0.0,0.0,0.0,0.0,0.0,0.0,0.0,0.0,0.0,0.0,0.0,3.0,0.0,0.0,0.0,0.0,0.0
0.0,0.0011911349400295923,0.0,0.0,0.0071983282143670835,0.0042686567103615985,0.0,0.0,0.0031380640937258147,0.005395468966751027,0.006299191074819591,0.0,0.0,0.0037072832065560696,0.0,0.00347218705964103,0.0,0.0,0.005092933762043367,0.0,0.0,0.008317232506965033,0.006297485029188574,0.0,0.0,0.006380856239404903,0.0,0.0,0.0,0.0,0.0054751655668232035,0.0,0.005583091496701151,0.0074702956398974285,0.007609187005668358,0.0,0.0031520443439151113,0.003898322112932534,0.0,0.004793445973141769,0.0,0.0,0.0,0.0,0.0,0.0,0.0,0.0,0.0,0.0,0.0,0.006663382639234591,0.007527477254804432,0.0,0.004108071160292923,0.0059780497752513345,0.004020780340861632,0.0004623218903717502,0.0,0.0,0.005888048894386516,0.0,0.0,0.0005909801626503008,0.0,0.007330218408936218,0.0025439906768194853,0.007232139470082111,0.0,0.004946252398118356,0.0,0.0,0.00475286935283023,0.0,0.004677702191981409,0.0034838282225387457,0.0,0.0022291587800390422,0.0,0.0,0.007339869872502999,0.00202258690159815,0.0,0.004340696773276323,0.0029978595956347,0.006890110527197887,0.004873261473295615,0.008835844057186765,0.006984451316958379,0.005112510547909496,0.009050721833612552,0.0,0.0008251960543208259,0.0,0.0,0.0,0.006025166828292003,0.0009080433310885011,0.007792516725682402,0.003493885093853996
-0.01662637299376088,-0.01429684611283609,-0.015107005142253757,-0.019103808644026374,-0.0017113410535214008,-0.007007388773202991,-0.013565681475407251,-0.015719879782934362,-0.009172699335342649,-0.010532740762964232,-0.008937011203252729,-0.01930204043224676,-0.008849678320682078,-0.013814367183257584,-0.017767326532635783,-0.010949916962524883,-0.011770062845997104,-0.01820629812660357,-0.007176001788278652,-0.022420510143519243,-0.015400185316222198,0.0,-0.008407551029372365,-0.014319305652695347,-0.021091677843671885,-0.00891256524698128,-0.006125512678934422,-0.019708737070589122,-0.016758813934533406,-0.019750707520927696,0.0,-0.020776513994074333,-0.01190459919274714,0.0,0.0,-0.008995078357050212,-0.01033213165081305,-0.014842946922463018,-0.008080322236912602,-0.0010900305408420574,-0.02261859783572219,-0.0176392754593776,-0.018313990667803842,-0.009257091060639877,-0.0168748746970407,-0.010234776431080297,-0.009123414354683279,-0.016434755344252427,-0.01927482803487375,-0.016389488217584264,-0.017288875184592933,-0.010831383867764999,-0.008835836745331421,-0.0067480226959469175,-0.009445054831603891,-0.009884543832631279,-0.01218862507475206,-0.015318280553742472,-0.016931953390297308,-0.015696268937516536,-0.008481612215095219,-0.01969296707770482,-0.01830867316906197,-0.016710636169953483,-0.019178203776438973,0.0,-0.014116204863196744,-0.003943354754066847,-0.016431656804052314,-0.009284015503514972,-0.009047721207151277,-0.010065958165023522,-0.01038177564819072,-0.016793332764088106,-0.007910587594191429,-0.009690213785898905,-0.020701544437710037,-0.012681972217341131,-0.018167360274201086,-0.008387668868288747,-0.006545863500159982,-0.012612087642878966,-0.021307308766599725,-0.014049090690322438,-0.013625221288046468,0.0,-0.011984065904552407,-0.00905729844978874,-0.007498598886145902,-0.009016789955926169,0.0,-0.01947135787191813,-0.01622300221927818,-0.01035014952163582,-0.013951521821982435,-0.009100885871878572,-0.0029090533178448563,-0.014066274836895182,0.0,-0.012262682814207754
0.0,0.0,0.0,0.0,0.0,0.0,0.0008667989037572932,0.01099628602383751,0.004602906465905832,0.007405244932252586,0.00802974101978382,0.010184264412962052,0.0,0.007998535955512587,0.005031259855027892,0.0,0.01130927066469839,0.0,0.0,0.00256868676453037,0.0016235351256354558,0.005224998893251898,0.005248980327530017,0.0027919649320767292,0.0,0.0,0.0005497802731290191,0.0,0.009174121473376484,0.005781722458374938,0.001473504683976945,0.0010531639120257008,0.0,0.003402554844871619,0.01063320476002666,0.006219104485016613,0.0036044146051102954,0.0,0.0,0.0035908720683262008,0.010759794463049366,0.0063695241961652105,0.0,0.0042770662596312015,0.0,0.0,0.0,0.01144442669913076,0.0004359218105455809,0.008509759378532933,0.0,0.009054047540131283,0.008480345633471609,0.0,0.003146852879651052,0.0,0.0044296532174412095,0.01124781347292847,0.0,0.0,0.0,0.0032265072858176924,0.00023139672316185855,0.0013659557583135529,0.0,0.003865867564188441,0.0029225249177902146,0.0,0.011632924854742877,0.0057513349718194,0.0,0.008523169572311584,0.0,0.003285276447779595,0.004271914823596512,0.0,0.010435170942958982,0.0,0.008353720655666974,0.0,0.005830681345421307,0.0,0.0021090996618750024,0.0024255373726115304,0.0,0.004188618551602408,0.005220000879606446,0.0,0.0035413993272388478,0.00768563129822547,0.0,0.0,0.0020988719350634177,0.0,0.0,0.009131991975082299,0.0,0.008340623745717701,0.0,0.0
-0.025015234790392804,-0.028684523382850657,-0.02946330561977717,-0.026717038474649124,-0.013604958808293544,-0.023635752123076614,-0.017149388109728436,-0.006059929147953058,-0.013582659192245106,-0.015536530283307759,-0.014267359880749286,-0.009794837751759433,-0.0008754161981415765,-0.015761888511664268,-0.018194792774540947,-0.023580489656835013,-0.00481773425069415,-0.028316063830417126,-0.02661624606786872,-0.021199757786827256,-0.015626394708291635,0.0,-0.01584734220861511,-0.012015780737612114,-0.022200952251084427,-0.02731614981183772,-0.00021177642279623932,-0.02913943541530417,-0.010986545245050217,-0.014569426165254529,-0.002848535058183832,-0.02407508118914542,-0.031151146106331296,0.0,-0.0010278238820611296,0.0,-0.010654107160863735,-0.027233054286440184,-0.0017203127781580951,-0.0021575025755179444,-0.011043447038885768,-0.01508794800024199,-0.022673798894839614,0.0,-0.024433633754702144,-0.0081087249486258,-0.006598098407548436,-0.008838525482712689,-0.025094068982057238,-0.012873385642076685,-0.018027556614025775,-0.010874427365677564,-0.013739328075349333,-0.0026749080983377027,-0.018846772649518784,-0.027046425143254615,-0.02039206121774806,-0.010209613691677388,-0.0295969041255435,-0.02587825646284958,-0.02741311227379739,-0.019278639082504156,-0.01849417146228688,-0.022530587105401734,-0.02952204438076622,-9.157475725962705e-05,-0.02031342284525256,-0.02104824981881337,-0.008229979943707333,-0.013503273477296684,-0.009110777062295017,0.0,-0.024037323838877633,-0.016417460625151925,-0.013862009753296045,-0.02976762162932378,-0.013571221092424535,-0.027601112695989416,-0.01305062409453539,-0.002416241821239118,-0.016094320020004327,-0.02684862994511339,-0.018547554686867307,-0.023384653997649996,-0.03386515354673658,-0.0018442881918855347,-0.01672676579999155,-0.030352114543459985,-0.014341674148972139,-0.012300498513116986,-0.009412590880969574,-0.02738962554158686,-0.023126154775864438,-0.017058051630972626,-0.029087644090559084,0.0,-0.01682842028074255,-0.014014310257612461,-0.008332789341632008,-0.028190521898615595
0.0015874693371581428,0.0007433711660206899,0.0032051575764785456,0.003328181163639532,0.0,0.0,0.0021450498282280517,0.002182152227414802,0.0002558553212834713,0.0003258285653801041,4.6056284076390064e-05,0.003991534638336569,0.0,0.0,0.0020997582615598365,8.1142103689813e-05,0.001951203509630406,0.0030998228479597323,0.0,0.004217545553403923,0.003235432057538623,0.0,0.0,0.0011716607377730837,0.004217387852413879,0.0,0.0,0.003274902728998663,0.0023132495021165322,0.0037770993163382394,0.0,0.0020902979256002263,0.0007052462961919526,0.0,0.0,0.0,0.0,0.0004018975066696351,0.0002310372025917662,0.0,0.004351888477550914,0.0018718856410592233,0.002632179904809351,0.00011600145466383882,0.00213497169936272,0.0007613231484275285,0.000300996819568744,0.0017324018038235578,0.002368662044529457,0.0014466557284538717,0.00281522380323751,0.0,0.0,0.0,0.0,0.0,0.0,0.0019642939406210314,0.002066719348289614,0.0011531187952498745,0.0,0.002168702916570231,0.0020940866570952066,0.000893686365028068,0.003820359667313755,0.0,0.0002040879904732784,0.0,0.002003944161215465,0.0,0.0,0.0006356298121923398,0.0,0.002167027771835972,0.0,0.00041072965812272155,0.002102424696854621,0.0005846601829417875,0.003121014987371662,0.0002414483218208252,0.0,0.0004906508093555084,0.003197346677760615,0.0,0.001024551286201214,0.0,0.0,0.0,0.0,0.0,0.0,0.002607440485673629,0.0014467981285797293,0.0010789355600497874,0.0007350807062272979,0.0008139177593426417,0.0,0.0012004328811145437,0.0,0.00034014986702712857
-0.0006289026737714698,-0.0014834172337618856,-0.000716456206907079,-0.0003992452187139284,-0.002386703896940401,-0.0016619665148999152,-0.000520008849367648,-0.0007664429326448841,-0.0016094962865803586,-0.002353469292638577,-0.0023655190646850732,-0.0006348624705919681,-0.000755209887821684,-0.0018047290734652943,-0.000551271306739376,-0.0015459964004811422,-0.0007753056680157577,-0.0005868461642555833,-0.001978203336246598,-0.0005668899983434228,-0.0005944014155120358,-0.0029061528500449185,-0.0022041522688320825,-0.0006556834359169317,-0.0006786669604224582,-0.0025156970552571156,-0.0007759495022286456,-0.000592891974071752,-0.0009491910028567307,-0.0005665548737273651,-0.0022775070062260316,-0.0006159827890180325,-0.001911589048029294,-0.0027028585868611454,-0.0031211836707132345,-0.0007669891659911054,-0.0015815968328098395,-0.0018883116515859832,-0.000498520075930653,-0.002137752558316941,-0.000849954487032567,-0.0008918052695972567,-0.0005779547568935395,-0.0006937175655741812,-0.0005803641415711436,-0.0004193425755456559,-0.0007490594371281079,-0.0009448595828429607,-0.0008643339554853524,-0.0009848946205620046,-0.0005181696221344678,-0.0027482772775312414,-0.0031957423890900394,-0.0006842862412309025,-0.0024475593621055003,-0.002436204911712647,-0.0018562107669006234,-0.0009823076761759642,-0.0008026908079711847,-0.0006861599836917587,-0.002102682004918033,-0.0007536075729009384,-0.0005834402630999214,-0.001217504416915205,-0.00048496379950041524,-0.002929378286224138,-0.0013799428158640659,-0.0027395524717275244,-0.000957579972446887,-0.0023990517454412497,-0.0005654441774473051,-0.0006169378227109945,-0.0022135057894944743,-0.0006732475049583408,-0.0019209404802705832,-0.0013499748935271172,-0.000822188044429295,-0.001224380574594397,-0.0008342856376504781,-0.000617844799946643,-0.0026939224664265238,-0.0012686961081306292,-0.00044599304006193163,-0.002344521891159135,-0.0012099801411231126,-0.0027758167545023915,-0.0022655433742121422,-0.0030055618679864504,-0.002849219860416141,-0.0023517311570688815,-0.0030554344908699793,-0.000707505308704004,-0.001050223185388388,-0.0006290461268088632,-0.0007821261994554463,-0.0005294323501124909,-0.0022290318644272444,-0.00086863221243072,-0.0027395447443279153,-0.001591113313307857
0.08100473584031596,0.08730400019964574,0.07922467181094572,0.08633667866306148,0.06311134865622507,0.0862373456812932,0.07500742026709957,0.08321140596173002,0.08557912940350919,0.09288144790609346,0.09292081919441014,0.07828289880183092,0.024567519878142687,0.09420286200741705,0.08892410351678504,0.08738589452570113,0.07207509192260626,0.07308996181354109,0.08896639556056629,0.09364188483470148,0.07423802118700641,0.03851477225839298,0.09775653670527062,0.06763905154017932,0.07710580254892484,0.08939608330496679,0.02854910904736932,0.08351019578704529,0.08635576777042375,0.07470438380700938,0.040116002914346124,0.09546578559798811,0.09183269714879319,0.03795901089048911,0.06580004580623917,0.021762363927989102,0.06878872258584813,0.1000670952819983,0.026584151030477746,0.048688063805777726,0.0831336296199545,0.09154540897160116,0.06361268531661089,0.02855778691403092,0.0716402307278609,0.030009504695184312,0.029819606085808602,0.07763389286095992,0.09840045281569088,0.08051818206597122,0.06056491673194933,0.09381768110951698,0.09368603721288914,0.02795188034280299,0.09241190642614533,0.09519036836850546,0.09838370562379344,0.08502881434489235,0.08273075678587438,0.08936584025897391,0.08255120087972953,0.08601626140948734,0.07127584720513899,0.08865733837225948,0.0761343104034122,0.04597971423613778,0.08578268966386578,0.06076478283533246,0.07861381161499369,0.0733495975391282,0.024746773027132466,0.03176171690109074,0.08432878041794045,0.07584533376954523,0.08457907930762285,0.07212363961390159,0.09133939163412015,0.08018889167756771,0.07664183237634141,0.02763514122554482,0.09373458016275535,0.0719161027530807,0.08074189773340226,0.09828734544473014,0.07854897594430575,0.038505742496623196,0.08155148752956198,0.09767391800855378,0.07392553297310796,0.09006277453243663,0.051010847377032126,0.07752626864293377,0.08828264770292937,0.04991924718282571,0.0759726769578467,0.030810232785438534,0.05386147230718827,0.08714144488922979,0.0392647607067534,0.07378923369630998
0.0,0.0,0.0,0.0,0.0,0.0,0.0,0.0,0.0,0.0,0.0,0.0,0.0,0.0,0.0,0.0,0.0,0.0,0.0,0.0,0.0,0.0,0.0,0.0,0.0,0.0,0.0,0.0,0.0,0.0,0.0,0.0,0.0,0.0,0.0,0.0,0.0,0.0,0.0,0.0,0.0,0.0,0.0,0.0,0.0,0.0,0.0,0.0,0.0,0.0,0.0,0.0,0.0,0.0,0.0,0.0,0.0,0.0,0.0,0.0,0.0,0.0,0.0,0.0,0.0,0.0,0.0,0.0,0.0,0.0,0.0,0.0,0.0,0.0,0.0,0.0,0.0,0.0,0.0,0.0,0.0,0.0,0.0,0.0,0.0,0.0,0.0,0.0,0.0,0.0,0.0,0.0,0.0,0.0,0.0,0.0,0.0,0.0,0.0,0.0
0.0,0.0,0.0,0.0,0.0,0.0,0.0,0.0,0.0,0.0,0.0,0.0,0.0,0.0,0.0,0.0,0.0,0.0,0.0,0.0,0.0,0.0,0.0,0.0,0.0,0.0,0.0,0.0,0.0,0.0,0.0,0.0,0.0,0.0,0.0,0.0,0.0,0.0,0.0,0.0,0.0,0.0,0.0,0.0,0.0,0.0,0.0,0.0,0.0,0.0,0.0,0.0,0.0,0.0,0.0,0.0,0.0,0.0,0.0,0.0,0.0,0.0,0.0,0.0,0.0,0.0,0.0,0.0,0.0,0.0,0.0,0.0,0.0,0.0,0.0,0.0,0.0,0.0,0.0,0.0,0.0,0.0,0.0,0.0,0.0,0.0,0.0,0.0,0.0,0.0,0.0,0.0,0.0,0.0,0.0,0.0,0.0,0.0,0.0,0.0
-0.2594888149376944,-0.3099760684597256,-0.2696401372163787,-0.2512848102191063,-0.2961104018993912,-0.27510717317918154,-0.33865171710898945,-0.2843548744489053,-0.31593740889010735,-0.29423266925132363,-0.2709065715953206,-0.32892340778061846,-0.049858717793068386,-0.3398084681565363,-0.2688788009217311,-0.30680663737636327,-0.34253620378743577,-0.30006982792517223,-0.3018377077339617,-0.25371860981974015,-0.2947997047573816,-0.2655538446026109,-0.2512923752635404,-0.38017792495200686,-0.321625128219462,-0.322519210469268,-0.2653976573512231,-0.2663084939050837,-0.2517421544909959,-0.32520112140050816,-0.3005847620105203,-0.28420781465764944,-0.2923810643636726,-0.28532596923916187,-0.30575780651188944,-0.018622607744765318,-0.3475029523727342,-0.32105141996814623,-0.13935031045976853,-0.36586804430187914,-0.33521872316227797,-0.2747717598678714,-0.3522444141751965,-0.14398113565815152,-0.34252230579970866,-0.14614719205181914,-0.13117803684768536,-0.3063274906788137,-0.25944368632727843,-0.27619965175806993,-0.23705335100291802,-0.33212322260853944,-0.32907288342152397,-0.2138338992396066,-0.2962802439283573,-0.31342783943609076,-0.2916179453747334,-0.2509711870646478,-0.2620635292094323,-0.24078564688585513,-0.2667279228510848,-0.3414637033942568,-0.30329816155383815,-0.3516541335191383,-0.352399825967291,-0.3066779357748305,-0.24066988903731812,-0.25958734246228554,-0.23718367083494785,-0.30952657321845667,-0.05828269719300516,-0.2172413399430133,-0.34272914656542164,-0.33067418128237325,-0.23656393467638992,-0.3015875707061021,-0.261226579363804,-0.283223890943055,-0.314784599036398,-0.20132355728803197,-0.27838623235098814,-0.2965536756567385,-0.2532217252094716,-0.2596653589159388,-0.2915452832071095,-0.26434025586690424,-0.34825820295478993,-0.2730116284152009,-0.29320781465640633,-0.2758345347284328,-0.264328405028457,-0.37178426434994505,-0.3102024622673315,-0.38024368022146626,-0.3126003505420999,-0.24941906868049124,-0.2926424105580874,-0.257025618797732,-0.29791385107713997,-0.33160891075489274
0.0,0.0,0.0,0.0,0.0,0.0,0.0,0.0,0.0,0.0,0.0,0.0,0.0,0.0,0.0,0.0,0.0,0.0,0.0,0.0,0.0,0.0,0.0,0.0,0.0,0.0,0.0,0.0,0.0,0.0,0.0,0.0,0.0,0.0,0.0,0.0,0.0,0.0,0.0,0.0,0.0,0.0,0.0,0.0,0.0,0.0,0.0,0.0,0.0,0.0,0.0,0.0,0.0,0.0,0.0,0.0,0.0,0.0,0.0,0.0,0.0,0.0,0.0,0.0,0.0,0.0,0.0,0.0,0.0,0.0,0.0,0.0,0.0,0.0,0.0,0.0,0.0,0.0,0.0,0.0,0.0,0.0,0.0,0.0,0.0,0.0,0.0,0.0,0.0,0.0,0.0,0.0,0.0,0.0,0.0,0.0,0.0,0.0,0.0,0.0
-0.6660962613478973,-0.7173304191637447,-0.6772636952509844,-0.6556599280130468,-0.7068483603317992,-0.6854192322672393,-0.7446520047414011,-0.6921431835347157,-0.7235224243768262,-0.7049895499265253,-0.6809751460494262,-0.734805917563136,-0.30887974514146027,-0.7447175005684538,-0.6755309834824005,-0.7146551718324408,-0.7482073528394819,-0.7085138745088245,-0.7101129529113037,-0.657651978550621,-0.7035606813894113,-0.6752310162889172,-0.6564098016936213,-0.779903652543754,-0.7286846533833818,-0.7296041140036295,-0.6750567217918139,-0.6729295515401544,-0.65669919135261,-0.732311954935865,-0.7112453307590535,-0.6905888790046514,-0.7003802974591059,-0.6960013367046481,-0.7162679767205252,-0.18965285080451216,-0.7534238872064912,-0.7266085488429628,-0.5059119051254404,-0.7697075561511332,-0.7399889550345664,-0.6814012628076167,-0.7569722781285771,-0.5136589425722572,-0.7484082621186817,-0.5172235650983422,-0.49186255151363567,-0.7145896983661942,-0.6642346967650908,-0.6845215155068247,-0.6430494424225459,-0.7407912383416195,-0.7380411234341855,-0.6146232222373649,-0.7040605137662311,-0.7235917752537508,-0.6985938848800787,-0.6564729204339091,-0.6685277375983334,-0.6441000031347475,-0.674279992458489,-0.7457649355984669,-0.7119086516883062,-0.7548598864625079,-0.7557853158085235,-0.7171612312259622,-0.6447983978813481,-0.6683531293978043,-0.6409869357342671,-0.7188466097054926,-0.3334046840925854,-0.6189273798561261,-0.7501613961625557,-0.737119384469233,-0.6402068893036579,-0.7107790479125995,-0.6667658195865795,-0.6916214750593186,-0.7223490974765902,-0.5983861960211565,-0.6860256330697425,-0.7058236007466271,-0.6616508040862801,-0.6648509800762131,-0.7001735728514032,-0.6739118647770036,-0.7533256576224908,-0.6801076148917315,-0.7037095365437047,-0.6835677678248693,-0.6739055903505283,-0.7717870046151581,-0.7173671155956903,-0.780950516282286,-0.7208418502809214,-0.6573590977241712,-0.7033963230139189,-0.6630890537668985,-0.7086292971340522,-0.7403221539224515
-0.9762700785464951,1.2482557747461498,-1.3608912218786462,-5.56313501899701,4.708887757907461,-2.241914454448428,3.6914329815163227,5.822464878103307,6.820608327089606,-6.419864596958702,4.077196049557101,-1.332029084131503,3.6286209509735268,-4.703880442451898,5.538367347187633,-6.275956394049545,-4.505085596392811,7.290518715550995,-6.123879780921715,7.011033906840125,-4.441111989406958,-4.599811248481161,-5.8739540671484125,-0.7126560604991661,6.276139882393276,4.529159303687285,-7.277112118464628,-1.3084262371701794,-3.398330931818201,-2.3575338383504763,0.05217269002674607,-0.2263796509291205,7.35024730484034,8.409558348264884,4.757637015206435,6.376980765261939,4.811548713092901,0.8028823248798522,-1.5508589766275094,-0.7235498940690399,6.257382164983105,-4.483352732230865,-5.135572854737784,0.8372234547991431,-6.415342414026299,2.8926230305614076,-2.289294129537487,5.576781693078323,5.078736300180711,-4.131494125459578,5.34746014340469,4.068874698719402,-3.7953653015550093,2.5140763335816785,-6.783782445173048,8.582604436315833,2.343838816842918,-7.935223164488197,5.03173069834058,3.3298506841744935,5.901526260805965,9.395294839880348,8.210109099341999,5.805001006887298,-3.929648614029002,1.1592872454014946,-0.05441522290648093,1.1947249434101637,3.9110727130524348
-4.303787327448389,-7.835460015641595,-8.51193276585322,-7.400242964936383,-5.484673788684333,-2.3386799374951384,2.725784581147548,6.773809642300074,7.792497176713898,8.057974484138775,7.6254456209151185,4.692210181211092,-3.3482075992736338,-9.243770902348766,-9.0549802303397,2.069885183060307,-0.02648763853404512,4.034353480879385,-4.077771670807326,-7.362521147364285,-7.327646518572584,6.56740645477119,5.521506238792397,-1.7981995270914197,-8.887447799678672,-5.960936678251274,7.649362880759338,6.334403275718428,-5.703058240462755,9.73526284482201,-2.789450327974472,5.513659420505214,8.931456364263495,8.207939315227891,0.877188663990407,-5.770910246130374,2.5237372413487713,9.107753974917719,-9.188666816668501,-3.6278502120767575,-8.07967909856474,2.01949356593796,-2.721221108942826,-1.8196833064736984,-8.176874368254767,2.8658621919491423,9.338508170489888,4.9361761255429615,-3.317182351183754,1.7028626133287195,3.0296126101487353,-9.840224868289482,8.832872820388227,-4.975765150802662,5.245163479687225,4.144119371189623,-7.907717685764199,1.8653330832850346,-0.11732767650616704,-8.483175332415271,3.1660377027053577,-4.206736579484267,1.8811535606343255,7.6859353334581275,-6.273572994037269,-0.3990474914167641,-8.44695963593266,8.470264619394293,-9.95924502657347
7.634511482621336,-3.9526239185452967,-9.535221763806744,-1.730258696201663,9.61613603381333,-3.0420654000337777,-6.146379174500214,6.706116870041745,8.839416793522489,9.506425432173376,-9.806778947934088,3.599656983550643,-8.947411809778485,5.850598491177812,-5.306505076139305,-9.23872757094458,-9.549902794888936,-8.827554094129972,-8.131109984423578,-7.211023476575876,8.745740959533087,8.007701395574573,-9.485124256361006,-9.788195545688628,-8.804193787095347,7.907442225150518,9.945935722129946,-2.465893460402613,-8.395656215563168,6.79064712224798,8.778429258664254
-2.7984204265504764,8.795490567414603,-2.0969103949009193,9.59784907625013,3.968503666509014,1.3716312913205209,-1.3820147722918663,-2.4295680299952704,1.3116674888375845,8.655007370735028,5.662060312030521,2.3307221165620406,-4.6171161354031565,1.5062906249698749,-4.973272397010946,4.157049464149023,-7.530104906331816,-5.984051747047834,-5.480946653972776,-4.540885254226565,1.519354962203161,-8.90603066958159,-9.806900031217877,8.693915856964395,-5.015297237727038,3.0304802193300584,-2.9439330778807205,-7.73921562434835,9.27932365142861,-7.726093321731198,-8.15465914970079
1.0,2.0,3.0,4.0,4.0,5.0,6.0,6.0,7.0,8.0,9.0,10.0,10.0,11.0,12.0,13.0,13.0,14.0,15.0,16.0,17.0,17.0,18.0,18.0,19.0,20.0,20.0,21.0,22.0,23.0,23.0,24.0,25.0,25.0,25.0,25.0,25.0,26.0,26.0,26.0,27.0,28.0,28.0,28.0,29.0,29.0,29.0,30.0,31.0,32.0,32.0,33.0,34.0,34.0,35.0,36.0,37.0,38.0,39.0,40.0,41.0,42.0,43.0,44.0,45.0,45.0,46.0,46.0,47.0,48.0,48.0,48.0,49.0,50.0,51.0,52.0,53.0,54.0,55.0,55.0,56.0,57.0,58.0,59.0,60.0,60.0,61.0,62.0,63.0,64.0,64.0,65.0,66.0,66.0,67.0,67.0,67.0,68.0,68.0,69.0
1.0,1.0,1.0,1.0,0.8,0.8333333333333334,0.8571428571428571,0.75,0.7777777777777778,0.7,0.7,0.7,0.6,0.7,0.7,0.7,0.7,0.7,0.7,0.7,0.7,0.7,0.7,0.6,0.6,0.7,0.6,0.6,0.6,0.6,0.6,0.6,0.7,0.6,0.5,0.5,0.4,0.4,0.3,0.3,0.3,0.3,0.3,0.3,0.4,0.4,0.3,0.4,0.5,0.5,0.4,0.5,0.6,0.5,0.6,0.7,0.7,0.7,0.7,0.8,0.8,0.8,0.9,0.9,0.9,0.8,0.8,0.7,0.7,0.7,0.6,0.5,0.5,0.5,0.6,0.6,0.7,0.7,0.7,0.7,0.8,0.8,0.8,0.8,0.8,0.7,0.7,0.7,0.8,0.8,0.7,0.7,0.7,0.6,0.7,0.6,0.5,0.5,0.4,0.5
