1,2,3,4,5,6,7,8,9,10,11,12,13,14,15,16,17,18,19,20,21,22,23,24,25,26,27,28,29,30,31,32,33,34,35,36,37,38,39,40,41,42,43,44,45,46,47,48,49,50,51,52,53,54,55,56,57,58,59,60,61,62,63,64,65,66,67,68,69,70,71,72,73,74,75,76,77,78,79,80,81,82,83,84,85,86,87,88,89,90,91,92,93
11996.726,15711.561,17396.625,18636.021,10125.34,8598.897,17612.518,19348.793,17025.523,16614.977,17431.969,14751.355,16177.073,18433.371,11883.4,16294.551,18956.75,18551.418,16695.96,15881.356,17643.121,3906.705,14606.185,7993.004,10533.488,14758.932,17809.547,19158.096,18696.541,17498.11,18511.967,15237.559,18088.525,8061.677,15349.088,7423.8706,19060.66,20186.703,17073.076,16356.219,15743.028,18409.564,18157.598,18202.184,18669.025,19123.729,18275.848,22191.414,19898.043,16075.772,7768.7666,14021.477,5846.665,18354.996,11024.493,7840.041,10450.775,17103.004,16684.045,17827.037,5654.958,19280.645,10210.059,14856.757,11010.835,12404.338,7103.3037,16130.536,10487.971,10521.406,13631.792,8244.672,9825.602,16140.666,10578.055,15783.635,16030.124,20436.176,15990.91,15371.887,17357.52,16758.281,7906.9995,16515.773,8788.775,14076.072,14260.381,6628.3774,19404.68,20754.383,1274.0836,11592.459,10675.384
29858720.0,69952040.0,81432744.0,99340904.0,22180064.0,14516978.0,74222696.0,116439640.0,79099176.0,81155210.0,86197780.0,40917348.0,71128900.0,96332110.0,28304836.0,74399100.0,89436344.0,99149350.0,82300430.0,63043464.0,73773576.0,2922829.8,52683290.0,12277306.0,21515040.0,59671576.0,99689816.0,120924260.0,97157760.0,82741080.0,117666980.0,64905990.0,94216664.0,14660354.0,72913120.0,13657734.0,116661384.0,148356420.0,77928830.0,90968070.0,67320210.0,117538110.0,91743230.0,105584690.0,100559200.0,126492520.0,80281630.0,192720020.0,145366720.0,68508530.0,10785978.0,53000340.0,7336096.0,106298470.0,26053352.0,12514954.0,22450948.0,73052940.0,72411256.0,96705790.0,6751375.0,99389130.0,21104336.0,45044070.0,24604764.0,45611216.0,9876024.0,84157450.0,22642158.0,25031650.0,39822130.0,13104128.0,21921150.0,59213704.0,26213498.0,63893990.0,69234260.0,156530420.0,61159840.0,72479060.0,98227940.0,78398190.0,12682922.0,70268180.0,18580030.0,57373160.0,52732384.0,8658396.0,140079400.0,159940850.0,234780.66,37971460.0,25247028.0
-0.08659243,-0.12105273,-0.13312279,-0.09323017,-0.099507265,-0.0445363,-0.09756451,-0.2872162,-0.045284547,-0.10819063,-0.051912382,-0.053164285,-0.0646359,-0.05977137,-0.098831646,-0.067213215,-0.013780588,-0.033682257,-0.0277428,-0.05596375,-0.07896916,-0.124362044,-0.07317569,-0.10473454,-0.123931065,-0.09554483,-0.110254824,-0.17966473,-0.015689954,-0.03825202,-0.16616563,-0.068399474,-0.13451816,-0.18477711,-0.066109434,-0.23249914,-0.11459181,-0.17608784,-0.08469404,-0.06870334,-0.030222476,-0.13968392,-0.074317634,-0.037723254,-0.05090204,-0.120418675,-0.20697846,-0.17405573,-0.037115846,-0.08485948,-0.2176504,-0.10707261,-0.07842842,-0.047273982,-0.15541412,-0.09049665,-0.23123536,-0.20378481,-0.05862796,-0.05490022,-0.067518756,-0.026572451,-0.15564193,-0.25772086,-0.23965746,-0.09014759,-0.059089523,-0.12183578,-0.107432045,-0.20094384,-0.14946134,-0.12779206,-0.049352292,-0.21533456,-0.3117713,-0.074725404,-0.0699718,-0.045990296,-0.23907435,-0.074504465,-0.054780286,-0.08748798,-0.058017038,-0.06875089,-0.111826956,-0.03973013,-0.12397174,-0.17359614,-0.11913879,-0.13436446,-0.122606255,-0.12808298,-0.16992845
-4.736569,-4.726739,-4.7271585,-4.701072,-4.6619163,-4.687918,-4.6902957,-4.6788487,-4.657693,-4.694476,-4.7160535,-4.6742644,-4.672626,-4.6651945,-4.6310115,-4.626054,-4.6265607,-4.6113944,-4.609917,-4.613136,-4.616853,-4.598663,-4.57188,-4.5882735,-4.5768037,-4.57741,-4.5864997,-4.5916104,-4.5832987,-4.591556,-4.606316,-4.6165433,-4.603038,-4.6155305,-4.611863,-4.6133847,-4.624623,-4.646178,-4.653678,-4.6459203,-4.662252,-4.649179,-4.664019,-4.673054,-4.672473,-4.673618,-4.659613,-4.6670985,-4.6707463,-4.670083,-4.729546,-4.7468233,-4.738979,-4.722587,-4.758179,-4.759414,-4.7720685,-4.7871156,-4.7783537,-4.7670875,-4.757879,-4.744638,-4.736712,-4.738792,-4.7065167,-4.705873,-4.748139,-4.746266,-4.7344804,-4.777739,-4.782349,-4.8019586,-4.8165,-4.8087106,-4.78989,-4.777271,-4.7575374,-4.7563767,-4.7669854,-4.77794,-4.784595,-4.77618,-4.745747,-4.738128,-4.7356343,-4.745316,-4.7381997,-4.7234855,-4.718536,-4.7355227,-4.7578588,-4.753924,-4.749147
0.9858205185558646,0.8126570157490989,0.9414863685025807,0.8608469077848644,0.844280842286508,0.8319121276777877,0.9246635344671033,0.9593439553955301,0.904738221072267,0.843632927804983,0.8317634229232476,1.036132730841562,0.9220617631194101,0.8251580476236662,0.8326355182500929,0.9169712472746094,0.8958713723330518,0.9095758077344402,0.8250156169362259,0.990808589185636,0.9541843311698415,0.750898376718323,0.8461884396131656,0.9287282871625144,0.8467886899132919,0.9050627869911811,0.8904674340616485,0.9245090238594265,0.9509300568437895,0.8725867173989434,0.8515455564883032,0.8161933421662555,0.8188158085710981,0.9478965922225264,0.7973002532734934,0.8814625558462419,0.8360280093379211,0.7858363153262116,0.8170881926916858,0.795053669037872,0.8135549564866826,0.9567508928275428,0.8593588301687474,0.841077322354008,0.8833233317766338,0.8852810279972958,0.8563429703924803,0.8825336421072163,0.8320984768349251,0.8114049179701612,0.8403209695187315,0.7673228543143717,0.9795482306693175,0.8140618449226553,0.8666046285264513,0.7810309417846693,0.7877245285948151,0.7953383431271674,0.9090795009340238,0.8305405416955798,0.842797353167225,0.880351577755649,0.8578453753558546,0.8071886512364339,0.8062925833547008,0.788634455609843,0.8120528324516862,0.7283232532232256,0.8658286107047433,0.7818898334777673,0.9207649040856425,0.8498738453560322,0.8180661043740913,0.923272189855671,0.8383712329354349,1.0134501990634308,0.8226340934365668,0.7884830352143197,1.009657104109153,0.8702429319446747,0.839162608175118,0.8262853195601596,0.8473583190202607,0.818364169382719,0.8442273722519724,0.8010346341968542,0.8149784205759527,0.6696550136315715,0.7847171903126686,0.8354758914331559,0.39427712527901987,0.8436038048965058,0.9251571256265363
0.2600542754255022,0.31528704188755574,0.31682128540039056,0.34367054687499987,0.2776980758231026,0.1472873772321428,0.3145199201311384,0.30378021554129464,0.31912265066964285,0.3099171895926339,0.3160541636439731,0.24547896205357134,0.3175884071568079,0.3083829460797991,0.25698578839983255,0.3060815808105468,0.33062947701590395,0.33676645106724334,0.325259624720982,0.30915006783621646,0.3352322075544085,0.10586280238560264,0.3030130937848772,0.15956132533482148,0.2600542754255022,0.3221911376953125,0.3083829460797991,0.3022459720284598,0.3528760079520088,0.31682128540039056,0.3175884071568079,0.30531445905412946,0.3666841995675223,0.21556121355329239,0.30684870256696417,0.2753967105538504,0.32065689418247767,0.31682128540039056,0.3106843113490513,0.30531445905412946,0.3137527983747209,0.3099171895926339,0.3160541636439731,0.3106843113490513,0.33830069458007805,0.30531445905412946,0.31912265066964285,0.3099171895926339,0.3099171895926339,0.30378021554129464,0.13501342912946424,0.300711728515625,0.1802736127580914,0.3313965987723214,0.2677254929896763,0.17490376046316958,0.21019136125837057,0.360547225516183,0.30147885027204235,0.34980752092633927,0.14805449898856027,0.35747873849051337,0.18564346505301343,0.27079398001534594,0.2577529101562499,0.325259624720982,0.16186269060407354,0.34213630336216516,0.23780774448939723,0.27079398001534594,0.28997202392578125,0.16339693411690848,0.2362735009765624,0.3375335728236606,0.28230080636160715,0.3122185548618861,0.3145199201311384,0.321424015938895,0.3099171895926339,0.3083829460797991,0.30761582432338164,0.3221911376953125,0.16723254289899558,0.3083829460797991,0.2792323193359375,0.3137527983747209,0.3582458602469307,0.1587942035784039,0.30684870256696417,0.3106843113490513,0.0368218443080357,0.31145143310546874,0.29764324148995525
0.8960096831003259,0.7458775452761981,0.8577520105011343,0.7491564292104513,0.7453266544257238,0.7361611192176936,0.8247490849648806,0.84348522218276,0.7836414678092671,0.7467277541279218,0.7284120115355166,0.8996535585883136,0.789438572954547,0.7579740384010134,0.7283233402554377,0.7986527161787951,0.7773821550778166,0.8247490849648806,0.7362583352501302,0.8896940924487176,0.8451856398862079,0.763455622872971,0.7801272136978619,0.8075999467459396,0.7447356883271641,0.8118185856604136,0.773058630226966,0.824012294817666,0.7961592304079748,0.7716660632929009,0.7781274779931642,0.7299265419264489,0.7219429389155381,0.7211327933276745,0.7463388899981753,0.7532044966518403,0.7248252888161053,0.7203235345724539,0.7168178132291816,0.6936199970157362,0.6919519846564341,0.8084501555976638,0.720679993358055,0.7000976143880724,0.7555044252062055,0.760265422203021,0.7681680118535681,0.7897626263960023,0.7247604781278141,0.7207448040463462,0.6945188138836786,0.6926640273792177,0.7843535105320507,0.696745386997395,0.7829200054857073,0.6874502304127827,0.6916688693272572,0.724906302176469,0.8052761575997867,0.749610104028489,0.7657632093470514,0.7887665934956236,0.7237081673072772,0.6930938416054677,0.6788432559591668,0.7102020297279052,0.6865676162169132,0.7131739377411943,0.7632049128879395,0.6963812583078544,0.7841514205474627,0.7368006933324716,0.7031334462570094,0.7844993465649308,0.726833557288936,0.7431077392317222,0.6959113808177437,0.6922274300816711,0.7996325464071012,0.6932072603099773,0.7529623314191669,0.7022755794855708,0.6695881626384148,0.6885758846897438,0.7309063721547551,0.7238940546197923,0.7269307733213726,0.7100647504316084,0.7075789345647276,0.75059759217651,0.6908510658196785,0.7066724477928457,0.8120206876292269
0.0,0.0,0.0,0.0,0.0,0.0,0.0,0.0,0.0,0.0,0.0,0.0,0.0,0.0,0.0,0.0,0.0,0.0,0.0,0.0,0.0,0.0,0.0,0.0,0.0,0.0,0.0,0.0,0.0,0.0,0.0,0.0,0.0,0.0,0.0,0.0,0.0,0.0,0.0,0.0,0.0,0.0,0.0,0.0,0.0,0.0,0.0,0.0,0.0,-0.00016203870495257178,0.0,0.0,0.0,0.0,0.0,0.0,0.0,0.0,0.0,0.0,0.0,0.0,0.0,0.0,0.0,-0.00045368680226243185,0.0,0.0,0.0,0.0,0.0,0.0,0.0,0.0,0.0,0.0,0.0,0.0,0.0,0.0,0.0,0.0,0.0,0.0,0.0,0.0,0.0,0.0,0.0,0.0,0.0,0.0,0.0
0.0,0.0,0.0,0.0,0.0029881106853615336,0.0,0.0,0.0,0.0,0.0,0.0,0.0,0.0,0.0,0.0,0.0,0.0,0.0,0.0,0.0,0.0,0.00617831135531155,0.000939766964445532,0.0,0.0,0.0031663400781622997,0.0,0.0,0.0,0.0,0.004324399699268788,0.0,0.000259242753164024,0.008154174483996357,0.003562874111848302,0.0,0.0,0.0,0.0,0.0,0.0,0.0,0.0,0.0,0.0,0.0,0.0,0.0,0.0,0.0,0.0,0.0,0.003984143585740618,0.0,0.0,0.006720669437652482,0.0,0.0,0.0006967268833539819,0.004032751601958928,0.017222493659589944,0.0,0.0,0.0,0.0,0.016793554281758105,0.0,0.016752604185255038,0.0,0.008089363795705573,0.0,0.0,0.005328102503587395,0.0,0.0,0.0,0.0,0.0,0.0,0.0,0.005093595190628797,0.0,0.0,0.009546741418061444,0.007044722879108178,0.0208416337073718,0.016258866103356695,0.029311316880465732,0.021246700509190752,0.013773050236475903,0.028760426029991848,0.0,0.02177285591945921
-0.07398945408341806,-0.05247585290134804,-0.08374595539000751,-0.0718839695781508,-0.04357723035042138,-0.014760538384496869,-0.06821622151415063,-0.09038559948307157,-0.05031409047592206,-0.036257936894494414,-0.02899492135872528,-0.051609441377550525,-0.09051522085965402,-0.04377166241529462,-0.03743986909161379,-0.04401470249638617,-0.05455658998218382,-0.1032512761150226,-0.023003384148572614,-0.07104996339849912,-0.07323646126413053,-0.054426968605602255,-0.033642499651031166,-0.04730211919877281,-0.06849166693938802,-0.02734311167149528,-0.06581141900763399,-0.05286471703109452,-0.07757618878705408,-0.05539060814606067,-0.01884955592238935,-0.03372351301139531,-0.049577300328707885,-0.009262751240466827,-0.018865758594461823,-0.09315453067912927,-0.042775629514916425,-0.020193514840236126,-0.0850412943074117,-0.02064718965827339,-0.07679079062362071,-0.04318069631673538,-0.05573086425958884,-0.07878285642437888,-0.06175480681388734,-0.06986803120138063,-0.06962499112028908,-0.04984420100158715,-0.046516721035340325,-0.03819286191090132,-0.0567430998320404,-0.00966781804228578,-0.012209911829325293,-0.060653887977132115,-0.013602466779165212,-0.001165729525046899,-0.014809146400715179,-0.021254358428905995,-0.027739633720957002,-0.024711471755959558,-0.0005099527381959845,-0.03870280266487214,-0.041658508006087835,-0.019934260102846935,-0.04088076776236971,0.0,-0.015100794498025039,0.0,-0.03561836277971686,-0.009392372617049283,-0.06142308346849212,-0.06139067812434629,-0.008380137044597724,-0.04319689898880785,-0.015659355252439333,-0.012371938550052697,-0.038840968793811825,-0.018428274464271865,-0.04089697043444307,-0.05279990634280285,-0.0024696131948083178,-0.015578341892075187,-0.05212792688387946,-0.00810467963513517,-0.011157601008788376,0.0,-0.005335760423302638,0.0,0.0,-0.006647302012779299,0.0,-0.033925602995983795,-0.02050136560961846
0.00085875360408183,0.0,0.0,0.0,0.004227183666832168,0.000939766964445532,0.002137901833637379,0.006850290814234938,0.004931568469900949,0.006769277453870792,0.007554675617303719,0.006769277453870792,0.0012552756535431087,0.008008350435341427,0.00362768480013953,0.005198481127005383,0.00646995945262141,0.0,0.0,0.0029395026691432236,0.0015793410792235285,0.00933610668111573,0.006996114862889868,0.0029557053412161416,0.0,0.00119900971761,0.002429549930947683,0.0,0.005716966633333875,0.004461690979790767,0.00372490083257615,0.0018223811603150786,0.0,0.006769277453870792,0.01004049148418451,0.005328102503587395,0.004413082963572457,0.0,0.0012714783256160267,0.00598387929043831,0.006769277453870792,0.0051984691427802154,0.0013687063422773704,0.005126000534774189,0.0012714783256160267,0.0,0.001069388341027988,0.0064213514364031,0.002413347258874765,0.004818149765391855,0.0005833081788444439,0.009708768138789292,0.011821922547996522,0.0,0.005878993354061723,0.0,0.005960006714425425,0.008583113861828195,0.0,0.002510563291311385,0.0,0.005295697159442003,0.002121699161564905,8.544752357675378e-06,0.0,0.006850290814234938,0.005506331896387717,0.002105496489491987,0.0074335870088546585,0.007797715698395269,0.0,0.007749107682176959,0.0028584893087795216,0.0020492185693341547,0.00406515694610432,0.0,0.006064892650802012,0.00042981422624999155,0.005652155945042647,0.0019033945206787806,0.005571142584678945,0.0,0.002121699161564905,0.0019033945206787806,0.0,0.005328102503587395,0.0035714068799812537,0.002073091145346595,0.005311899831514477,0.00707712822325357,0.006307932731893562,0.0,0.0035227988637629437
-0.006517680636196843,-0.005044112325992778,-0.009724095962444057,-0.02150506841393751,-0.006728327357367725,-0.006023942554298944,-0.01454990364755071,-0.004404538211214781,-0.004777199668888343,0.0,-0.0075461308649460435,-0.002655512491548606,-0.014436484943041616,-0.0019349250164064635,-0.006922759422240965,-0.0035705320315635447,-0.001424972278210923,-0.01939957192444508,-0.012096493124815755,-0.013222147401776851,-0.010193973452554683,0.0,-0.004226308818414015,-0.006137361258808038,-0.015837584645239655,-0.009246548568393909,-0.008509758421179736,-0.011311094961382828,-0.004404538211214781,-0.01050948214165226,-0.00541677378366634,-0.008048413699202062,-0.013076323353121921,0.0,-0.004663780964379249,-0.012080278468518113,-0.004242511490486933,-0.005797105145279868,-0.014007545565209778,-0.0022342310334315663,-0.005011706981846942,0.0,-0.010898358255623908,-0.0030929846375133963,-0.0065424280606274365,-0.016792679433339952,-0.010720128862823142,0.0,-0.002704120507766916,0.0,-0.009724095962444057,0.0,0.0,-0.0031902006699500163,0.0,-0.005959131866007716,0.0,0.0,-0.010112960092190981,-0.00021829265666095665,-0.004372132867068945,0.0,-0.00029930601702510273,-0.008938697799011575,-0.00867178514190714,0.0,0.0,-0.0038212300323698933,0.0,0.0,-0.01762668561299119,-0.0018701143281156796,-0.004226308818414015,-0.004056612193746645,-0.00291475524471263,-0.014266788318373802,-0.007173457423047314,-0.008347731700451888,-0.009262751240466827,-0.012226114501397767,-0.003999459425170215,-0.012865688616175763,-0.006614908652858187,-0.010048149403899753,-0.012582573286998855,-0.004226308818414015,-0.007279218207842053,-0.010671520846604832,-0.004226308818414015,-0.004226308818414015,-0.013699694795827,-0.015675557924511807,-0.0073679014721457214
0.0399066380285662,0.07064507555789934,0.06566973031253953,0.06694522255449264,0.05314107005921942,0.047239047019898006,0.05074092701945476,0.011366299094473398,0.050006872471345165,0.027980046059731034,0.030051520932518283,0.007652953451720013,0.039087735168127136,0.025170451589747067,0.03151020243847791,0.05494857240475781,0.020370165510217753,0.06633372667974902,0.0768811229137829,0.03458376943571073,0.0407066857084879,0.06150922287853078,0.04718785041110207,0.02019104129529925,0.039629172861971096,0.07934725908535967,0.0418973296381111,0.04929167310375382,0.024083511152971138,0.02512331363845277,0.06439017302149841,0.0481616597647716,0.08428895901877187,0.04379910788623853,0.0399066380285662,0.020877957892114107,0.048910504444310554,0.07517732406109223,0.04502746217689735,0.051465553977305234,0.014030414661486468,0.027255419101880562,0.05325420114232582,0.022628894696099078,0.057311005083486855,0.053301339093620115,0.04958799345086673,0.014298452237823334,0.05044460667234141,0.04061240980589931,0.024257272826718967,0.027396832955763895,0.03311972538857999,0.051465553977305234,0.046797254161400126,0.056840923062626114,0.03730851559336523,0.026653350817395616,0.07770002577422241,0.05612036115386321,0.05819590107573802,0.05215783311529121,0.031015902695928688,0.04991259656875657,0.056110933563604526,0.060591979066415114,0.026243899387175862,0.1006912339492465,0.008071832472198448,0.0408198167915943,0.06459221746602273,0.0003246031178898434,0.06091658218430451,0.04297077743554034,0.0436576940323552,0.08299461159630095,0.017498636565922876,0.0652697064725789,0.022944063832143424,0.04817514601253148,0.057024112326632626,0.08128138515335159,0.016147723601898534,0.05784707384457288,0.07191114020959377,0.050105207031435395,0.05652981258408296,0.15088129568459863,0.060699747608350396,0.031147888959552894,0.1669872502679599,0.0596410899423514,0.0548206447986348
0.0,0.0,0.0,0.0,0.0,0.0,0.0,-0.027123432838256356,-0.0057511752035925845,-0.020125048163486703,-0.02024224429568111,-0.028578055686714787,-0.005190882329230817,-0.023734690313392814,-0.013832435266050158,0.0,-0.02815917027464998,0.0,0.0,-0.010632250937950616,-0.0058454511061816206,-0.00496055511393001,-0.005732320023074777,-0.006617216015326388,0.0,0.0,-0.004400262239568242,0.0,-0.024944189423533825,-0.024144141743612124,0.0,0.0,0.0,-0.0011152232075524182,-0.021202561010003507,-0.022836308073380884,-0.0053228685928554675,0.0,-0.0022546705283801316,-0.003285039032015824,-0.028996934707193223,-0.022346066988332858,0.0,-0.02357036262149048,0.0,0.0,0.0,-0.02936866938479099,0.0,-0.015239920163214293,0.0,-0.024487600042019775,-0.014349655238205195,-8.484831232991041e-05,-0.002362432678729043,0.0,-0.005483137627256163,-0.02581965782552631,0.0,0.0,0.0,-0.009671927832041405,-0.0022210188248457108,0.0,0.0,-0.0028055358124827734,-0.005864306286699428,0.0,-0.027311984643433984,-0.010077320604759965,0.0,-0.02882723169094703,0.0,-0.009751413603200199,-0.005732320023074777,0.0,-0.028380069899691662,0.0,-0.0246101587153853,0.0,-0.006320895668213478,0.0,-0.010843716581147245,0.0,0.0,-0.004198217795043924,-0.0050359758360012385,0.0,-0.003124769997615129,-0.022821511550364715,0.0,0.0,-0.003765852526805169
0.0004554005464034727,0.0,0.0,0.0,0.0,0.0,0.0017496968361816467,0.0235130492643032,0.00752609324056186,0.018863170001025997,0.019246665197997448,0.024663534855217106,0.006615292147755136,0.021547636379825263,0.01289502599816017,0.0001198422490535922,0.024399881907299248,0.0,0.0,0.010881676214060887,0.007765777738669044,0.006831008196051425,0.006998787344726365,0.007885619987722414,0.0015339807878853584,0.0,0.005512743456462577,0.0,0.022290658323957047,0.021715415528500204,0.0,0.002660497928988592,0.0,0.003235740724445435,0.019438412796483062,0.019845876443264965,0.007262440292644223,0.0,0.004122573367441484,0.004410194765170017,0.024663534855217106,0.02025334009004709,0.0011504855909139078,0.02102033048398977,0.0,0.0,0.0016058861373173805,0.024999093152566987,0.002540655679935,0.013901700890209812,0.0009347695426176195,0.021379857231150323,0.013278521195131399,0.0028762139772848805,0.004338289415737995,0.0,0.006926881995294343,0.02291383801903546,0.0,0.001318264739588848,0.0,0.009443569225418447,0.0041465418172523805,0.002444781880692082,0.0,0.00393082576895587,0.007142598043590631,0.0,0.02341717546506028,0.009539443024661365,0.0,0.024208134308813634,0.0,0.010210559619361126,0.007454187891129838,0.0,0.024831314003892047,0.0,0.02219478452471435,0.0007190534943213311,0.008221178285072295,0.0,0.010953581563492909,0.0027803401780419623,0.0,0.006279733850405256,0.007118629593779957,0.0,0.004625910813466527,0.02102033048398977,0.0,0.0,0.004961469110816408
-0.024759408654459802,-0.05186772539036877,-0.05014199700399802,-0.046642603331634946,-0.026557042390262797,-0.025814020446130792,-0.032357407244453684,-0.0011504855909139078,-0.029529130166790374,-0.0153877447784736,-0.007022755794537039,-0.003211772274634539,-0.030200246761490135,-0.007550061690372534,-0.01994175024250766,-0.03525758967154924,-0.01196025645554255,-0.04568386533920665,-0.0525867788846901,-0.0248552824537025,-0.03271693399161424,-0.0251908407510526,-0.022554311271874683,-0.009347695426175529,-0.026557042390262797,-0.052562810434879426,-0.032357407244453684,-0.0355212426194671,-0.017185378514276595,-0.016753946417683796,-0.04170510267062921,-0.036072516965113266,-0.05656554155326732,-0.026988474486855374,-0.011552792808760426,-0.015243934079609334,-0.028762139772847695,-0.0534256746280648,-0.03513774742249565,-0.02912166652000847,-0.006615292147754914,-0.018839201551215323,-0.0388768255929659,-0.019558255045536432,-0.04479703269621038,-0.040938112276686756,-0.04206462941778999,-0.008940231779393404,-0.03782221380129491,-0.03221359654558942,-0.014908375782259453,-0.012583436150620964,-0.014093448488695426,-0.04755340442444167,-0.031973912047482456,-0.03326820833726063,-0.024160197409192063,-0.017185378514276595,-0.058219364590206046,-0.04434163214980691,-0.03782221380129491,-0.048296426368573675,-0.027419906583448173,-0.032141691196157396,-0.049015479862894784,-0.038469361946184,-0.016466325019955264,-0.06792658676354213,-0.003283677624066783,-0.026772758438559086,-0.05335376927863256,-0.0012223909403459299,-0.03791808760053761,-0.032860744690478505,-0.022458437472631987,-0.05759618489512763,-0.004673847713087653,-0.042160503217032685,-0.01267930994986366,-0.039164446990694435,-0.02861832907398343,-0.055654740460460594,-0.009875001322011023,-0.03194994359767178,-0.04477306424639971,-0.026940537587234026,-0.030320089010543727,-0.08815595840377854,-0.03461044152666015,-0.012008193355163899,-0.10217750154304195,-0.042496061514382566,-0.036072516965113266
0.028401481714856125,0.014011559480968883,0.03712252042283404,0.03869969555307162,0.007770149583914421,0.0,0.027107134292384982,0.044224608590451187,0.012024932920511766,0.01065109972688183,0.0,0.02959212564447955,0.05520286806986929,0.008166108374787262,0.014806238228132651,0.007700091403014309,0.030152418518841317,0.05396508618895135,0.0,0.039918622253471536,0.041631848696421114,0.0,0.0,0.01792950620289302,0.03459981870970408,0.0033416045735692457,0.03967350490674071,0.024076640197358667,0.037663958116678,0.029969229254834584,0.0,0.016329410843050063,0.012213484725689394,0.0,0.0,0.05128747798259137,0.012834408190692148,0.0,0.05081203342055973,0.0,0.04055840089899232,0.020089894437097744,0.03067500103216747,0.045641514686287854,0.03282596167611329,0.04198473458508767,0.03592244890295171,0.021469090171898797,0.01790122343211653,0.011498285358097604,0.029879012009747186,0.0,0.0,0.030609007900355367,0.0,0.0,0.0,0.004574017521729479,0.00819845619465176,0.006522940112737574,0.0,0.019741067205932827,0.02055054247611321,0.0022263813660168275,0.023510978390239412,0.0,0.0,0.0,0.014208234992735491,0.0,0.036665924649733395,0.03855828169918829,0.0,0.02096536283909045,0.0,0.0,0.022584313379451215,0.0,0.02522420483318899,0.0328677306946501,0.0,0.0,0.032429996493653857,0.0,0.0,0.0,0.0,0.0,0.0,0.0,0.0,0.016159714218390242,0.0018734954773504953
0.0,-0.0010734541890156102,0.0,0.0,-0.020848173098482636,-0.016105954583361504,0.0,0.0,-0.005949154599029338,-0.009983044702171151,-0.01209092605232387,0.0,0.0,-0.007305436495811168,0.0,-0.010058465424242158,0.0,0.0,-0.020725608033530518,0.0,0.0,-0.03441257078819637,-0.018524952803643746,0.0,0.0,-0.020895311049776932,0.0,0.0,0.0,0.0,-0.01759828779285555,0.0,-0.018383538949760636,-0.023074554464499464,-0.019963277106231248,0.0,-0.005784826907127005,-0.012486891234783526,0.0,-0.012773783991637755,0.0,0.0,0.0,0.0,0.0,0.0,0.0,0.0,0.0,0.0,0.0,-0.017160553591859307,-0.025550118226335128,0.0,-0.013484918310141314,-0.02533328365038101,-0.01711341564056501,-0.004386775991808367,-0.010020755063206765,-0.012039729443528158,-0.028091675119982895,-0.003907266380688723,0.0,-0.007186936479947059,0.0,-0.03309936818520742,-0.01089622346519925,-0.050950897031383,0.0,-0.02363484733886123,0.0,0.0,-0.02080103514718812,0.0,-0.012524601595818918,-0.015198144753090892,0.0,-0.010962216597011354,0.0,0.0,-0.022933140610616354,-0.013592680460490225,0.0,-0.02158222764659201,-0.019906711564677826,-0.033960040064183517,-0.025695590737719654,-0.07875973805201308,-0.032910816380029795,-0.02232164473587228,-0.08058609557806906,-0.0007959890224202848,-0.023582340454809225
19.089999198913574,19.940000534057617,13.450000762939453,6.129999160766602,19.81999969482422,22.74000072479248,21.940000534057617,11.420000076293945,19.910000801086426,27.879999086260796,29.93000054359436,14.699999809265137,6.270000457763672,23.8799991607666,14.380000114440918,28.65999960899353,11.670000076293945,12.240001678466797,25.920000553131104,17.27999973297119,10.470001220703125,26.230000019073486,29.62000015191734,17.960000038146973,7.969999313354492,25.489999294281006,14.180000305175781,18.92000102996826,24.389999866485596,3.720001220703125,20.910000801086426,23.510000228881836,27.690000891685486,25.19999933242798,30.28999924659729,8.700000762939453,20.94000005722046,16.75,0.7900009155273438,29.899999141693115,6.94999885559082,19.440000534057617,6.350000381469727,4.290000915527344,11.929999351501465,0.0,21.59999942779541,16.81999969482422,11.670000076293945,24.24000072479248,4.259998321533203,28.2400004863739,26.859999179840088,29.270001888275146,26.19000005722046,24.100000858306885,22.939999103546143,18.730000495910645,19.199999809265137,17.070000648498535,25.350000619888306,17.500000953674316,20.970001220703125,19.850000381469727,20.64000129699707,26.520000457763672,19.859999656677246,27.34000015258789,15.949999809265137,20.260000228881836,5.909999847412109,8.600000381469727,22.809999465942383,11.530000686645508,17.90999984741211,16.030000686645508,2.25,11.569999694824219,0.0,0.0,28.249998569488525,11.999998092651367,0.0,18.15999984741211,14.830000877380371,26.78999900817871,17.090001106262207,23.559999465942383,22.63999843597412,20.989999771118164,17.99000072479248,12.610000610351562,16.750000953674316
-28.3700008392334,-12.179998397827148,-12.690000534057617,-22.650001525878906,-26.709999084472656,-29.98999786376953,-21.630001068115234,-29.009998321533203,-19.219999313354492,-16.94000244140625,-24.670000076293945,-24.529998779296875,-28.329999923706055,-14.060001373291016,-23.209999084472656,-12.939998626708984,-22.089998245239258,-22.829998016357422,-15.079998016357422,-27.340002059936523,-21.92999839782715,-7.029998779296875,-11.060001373291016,-21.579999923706055,-22.979999542236328,-25.559999465942383,-23.009998321533203,-17.950000762939453,-13.650001525878906,-27.96000099182129,-12.939998626708984,-21.009998321533203,-20.459999084472656,-16.600000381469727,-19.020000457763672,-28.18000030517578,-23.860000610351562,-17.8799991607666,-27.630001068115234,-24.010000228881836,-22.489999771118164,-19.909997940063477,-21.970001220703125,-25.440000534057617,-20.65999984741211,-25.110000610351562,-18.660001754760742,-25.119998931884766,-15.200000762939453,-13.079998016357422,-21.10000228881836,-11.299999237060547,-2.3300018310546875,-12.96999740600586,-17.260000228881836,-13.200000762939453,-15.270002365112305,-7.129999160766602,-17.559999465942383,-12.370000839233398,-11.429998397827148,-6.8600006103515625,-10.729999542236328,-19.079999923706055,-26.409997940063477,-9.40999984741211,-8.310001373291016,-4.559999465942383,-9.399999618530273,-11.380001068115234,-24.349998474121094,-28.520002365112305,-21.829999923706055,-18.989999771118164,-24.459999084472656,-16.040000915527344,-34.749996185302734,-25.229999542236328,-31.01999855041504,-22.399999618530273,-24.710002899169922,-20.990001678466797,-26.170001983642578,-26.94999885559082,-30.729999542236328,-12.469999313354492,-29.420000076293945,-8.80000114440918,-14.300003051757812,-12.489999771118164,-7.819999694824219,-13.680000305175781,-27.17999839782715
23.54999542236328,30.199996948242188,27.93999481201172,13.220001220703125,27.949996948242188,29.57000732421875,23.43000030517578,19.330001831054688,27.399993896484375,23.740005493164062,24.5,16.54999542236328,19.43000030517578,29.6300048828125,22.29999542236328,28.089996337890625,13.430000305175781,23.76000213623047,25.0,29.76000213623047,24.970001220703125,19.900001525878906,26.099998474121094,27.889999389648438,22.18000030517578,16.050003051757812,17.160003662109375,24.04999542236328,28.360000610351562,21.150001525878906,9.729995727539062,11.490005493164062,25.389999389648438,11.609992980957031,21.269996643066406,25.769996643066406,22.6199951171875,11.30999755859375,18.139999389648438,20.95000457763672,15.569999694824219,15.900001525878906,18.279998779296875,18.699996948242188,24.37999725341797,13.919998168945312,24.18000030517578,24.709999084472656,23.949996948242188,28.269996643066406,21.95000457763672,25.990005493164062,22.8699951171875,24.860000610351562,28.5,30.12000274658203,26.12000274658203,28.30999755859375,23.269996643066406,28.43000030517578,20.329994201660156,28.979995727539062,29.360000610351562,26.509994506835938,22.480003356933594,28.400001525878906,28.910003662109375,23.480003356933594,29.05999755859375,23.209999084472656,22.70000457763672,23.43000030517578,19.919998168945312,23.279998779296875,28.18000030517578,24.270004272460938,23.81000518798828,15.430000305175781,17.900001525878906,22.410003662109375,20.8800048828125,28.090003967285156,19.889999389648438,26.12999725341797,17.699996948242188,29.31000518798828,28.350006103515625,14.169998168945312,20.12000274658203,22.849998474121094,5.760002136230469,23.73999786376953,30.1199951171875
-15.930007934570312,-2.0400009155273438,-15.640007019042969,-15.379989624023438,-2.6100006103515625,-0.1999969482421875,-7.5,-7.720001220703125,-8.160003662109375,-18.400001525878906,-5.3000030517578125,-11.390007019042969,-18.12999725341797,-0.7299957275390625,-20.090003967285156,-2.4200057983398438,-23.139999389648438,-3.9300003051757812,-10.05999755859375,-16.519996643066406,-17.970001220703125,-6.0099945068359375,-4.569999694824219,-13.1199951171875,-19.729995727539062,-14.599990844726562,-19.209991455078125,-0.4900054931640625,-5.55999755859375,-14.42999267578125,-12.710006713867188,-21.19000244140625,-15.879997253417969,-21.26000213623047,-5.80999755859375,-21.840003967285156,-6.870002746582031,-22.68000030517578,-22.68999481201172,-13.800003051757812,-21.43999481201172,-14.479995727539062,-19.480003356933594,-24.98999786376953,-12.540008544921875,-14.159996032714844,-19.509994506835938,-13.739997863769531,-12.519996643066406,0.0,-3.4199981689453125,-3.9199981689453125,0.0,-11.790008544921875,-2.3600006103515625,0.0,-3.9300003051757812,-2.4500045776367188,-4.94000244140625,0.0,-0.5100021362304688,-0.80999755859375,-1.9499969482421875,-3.470001220703125,-2.5400009155273438,-4.129997253417969,-2.6500015258789062,-8.790000915527344,-2.7100067138671875,-0.6599960327148438,-12.239997863769531,-11.430007934570312,-2.6300048828125,-3.7699966430664062,-1.9300003051757812,-1.6299972534179688,-18.35999298095703,-2.2700042724609375,-6.069999694824219,-15.889991760253906,-1.1899948120117188,-1.0,-6.44000244140625,-5.980003356933594,-5.530006408691406,-1.0199966430664062,-4.680000305175781,-3.8700027465820312,-0.29000091552734375,-3.779998779296875,-12.100006103515625,-12.30999755859375,-1.5400009155273438
4.30999755859375,10.260002136230469,8.889999389648438,6.7400054931640625,11.189994812011719,11.269996643066406,13.05999755859375,11.75,9.909996032714844,10.370002746582031,9.469993591308594,9.660003662109375,8.509994506835938,9.810005187988281,10.75,10.899993896484375,9.650001525878906,7.410003662109375,9.799995422363281,7.910003662109375,10.69000244140625,10.959999084472656,11.980003356933594,9.459999084472656,9.44000244140625,9.400001525878906,6.379997253417969,11.669998168945312,9.010002136230469,7.6100006103515625,8.209999084472656,7.849998474121094,12.270004272460938,7.900001525878906,11.760002136230469,8.919998168945312,9.199996948242188,7.8899993896484375,11.520004272460938,8.210006713867188,7.9900054931640625,9.389999389648438,8.700004577636719,8.459999084472656,9.339996337890625,6.4199981689453125,10.029998779296875,8.709999084472656,12.410003662109375,13.720001220703125,8.339996337890625,14.010002136230469,14.510002136230469,8.629997253417969,10.080001831054688,10.509994506835938,11.949996948242188,13.379997253417969,10.319999694824219,10.049995422363281,8.189994812011719,12.339996337890625,10.470001220703125,13.349998474121094,10.770004272460938,10.759994506835938,12.779998779296875,11.370002746582031,16.5,12.610000610351562,12.480003356933594,9.889999389648438,9.610000610351562,9.699996948242188,14.989997863769531,10.789993286132812,19.030006408691406,8.199996948242188,10.889999389648438,8.489997863769531,8.959999084472656,10.769996643066406,6.599998474121094,12.169998168945312,21.70000457763672,15.609992980957031,15.860000610351562,9.040000915527344,8.520004272460938,14.090003967285156,13.120002746582031,4.489997863769531,10.010002136230469
-3.7600021362304688,0.0,0.0,0.0,0.0,0.0,0.0,0.0,0.0,0.0,0.0,0.0,0.0,0.0,0.0,0.0,-1.6100006103515625,-0.8699951171875,0.0,-0.7699966430664062,0.0,0.0,0.0,0.0,0.0,0.0,-0.5200042724609375,0.0,0.0,0.0,0.0,0.0,0.0,0.0,0.0,0.0,0.0,0.0,0.0,0.0,0.0,0.0,-2.2399978637695312,-0.3000030517578125,0.0,-0.5600051879882812,0.0,0.0,0.0,0.0,0.0,0.0,0.0,0.0,0.0,0.0,0.0,0.0,0.0,0.0,0.0,0.0,0.0,0.0,0.0,0.0,0.0,0.0,0.0,0.0,0.0,0.0,0.0,0.0,0.0,0.0,0.0,0.0,-3.5400009155273438,0.0,0.0,0.0,0.0,0.0,0.0,0.0,0.0,0.0,0.0,0.0,0.0,-4.519996643066406,0.0
1.0909999534487724,0.6090000048279762,3.2379999570548534,1.8170000463724136,0.23400000110268593,0.3500000014901161,0.37800000701099634,0.37200000509619713,0.7669999711215496,2.698000089265406,1.3739999625831842,0.8039999813772738,2.621999958064407,0.5179999880492687,2.6259998995810747,1.1159999817609787,3.4239999428391457,0.0,0.9730000086128712,1.1849999986588955,3.324000012129545,1.0229999646544456,0.46699997782707214,1.3250000551342964,2.735000006854534,2.0189999528229237,1.6980000399053097,0.0,0.0,1.2190000098198652,2.1730000553652644,3.0710000917315483,3.128999969456345,3.29099989682436,0.865999975707382,3.3380000311881304,0.0040000006556510925,3.4619998950511217,2.5449999757111073,3.430000029504299,3.089999996125698,1.4910000022500753,2.445000097155571,3.3589999601244926,1.194999948143959,1.3809999600052834,2.7059999546036124,1.5620000027120113,1.304999977350235,0.0,0.0,0.8920000158250332,0.7039999961853027,2.8520000278949738,0.36100001353770494,0.09000000357627869,0.0,0.0,0.0,0.0,0.11099999770522118,0.0,0.0,0.08100000221747905,1.3829999882727861,0.31399999652057886,0.07200000039301813,2.306999996304512,0.00599999725818634,0.0,0.5100000239908695,0.05400000046938658,0.10600000247359276,0.0,0.16199999675154686,0.0,2.0099998970981687,0.0,0.0,1.400000013411045,0.3489999994635582,0.0969999972730875,0.0,0.26899999380111694,0.009000003337860107,0.0,0.25300000980496407,1.3899999717250466,0.2539999932050705,0.5070000290870667,3.0440000984817743,0.8359999936074018,0.004999999888241291
-3.848999984562397,-3.305000089108944,-3.660999972373247,-2.570999965071678,-3.623999919742346,-3.5260000452399254,-3.7129999538883567,-3.581999961286783,-3.0709999687969685,-3.053000076673925,-3.2850000765174627,-3.0950000076554716,-3.2239999980665743,-3.2250000424683094,-3.1900000851601362,-3.497000053524971,-1.589999996125698,-3.1670000329613686,-3.429999988526106,-3.788999978452921,-3.468000043183565,-1.9920000210404396,-3.563000112771988,-3.6319999620318413,-3.2989999130368233,-1.2569999508559704,-2.8489998914301395,-3.1569999381899834,-3.7100001126527786,-3.417999954894185,-1.0829999865964055,-0.9800000265240669,-2.3589999466203153,-0.6240000054240227,-3.068000099156052,-3.2839999478310347,-3.1099998876452446,-0.8159999828785658,-3.1490000300109386,-2.431999959051609,-3.0529998913407326,-2.2879999224096537,-3.4029999524354935,-3.6810000017285347,-3.5319999307394028,-2.2220000848174095,-3.2359999576583505,-2.78399995341897,-3.197000116109848,-3.227000093087554,-3.9919997937977314,-3.2990000285208225,-2.2149999141693115,-3.585999935865402,-3.636000114493072,-3.2779999524354935,-3.4920000513084233,-3.46099990978837,-3.5159999653697014,-3.874999906634912,-3.048999983817339,-3.6419999599456787,-3.912999913096428,-3.895999923348427,-3.4599999468773603,-3.1070000072941184,-3.4559999445918947,-2.640000030398369,-3.788000077009201,-3.8490000180900097,-3.2170000337064266,-3.6529999086633325,-3.5839999355375767,-3.877000114414841,-3.698000017553568,-3.7750000208616257,-3.307999942684546,-3.2559999972581863,-3.498999923467636,-3.430999957025051,-3.24799994379282,-3.4409998934715986,-3.5869999546557665,-3.503999948501587,-3.7530000060796738,-3.6150000989437103,-3.540999960154295,-2.254000081680715,-3.064999982714653,-3.2260000109672546,-0.7120000030845404,-3.7900000531226397,-4.341999778524041
3.2919999212026596,3.6799999475479126,2.242000102996826,0.20600003004074097,3.282000035047531,3.2670000195503235,3.47599995136261,1.4850000441074371,2.7699998915195465,3.248999983072281,3.2750000953674316,1.742999941110611,1.640999972820282,3.3429999351501465,3.111000120639801,3.3180001080036163,1.1300000548362732,3.335000067949295,3.834000140428543,3.4450000524520874,2.0529999136924744,3.8240000903606415,3.794000118970871,3.0889998972415924,2.01500004529953,3.8879999220371246,2.452000081539154,3.264000117778778,3.6229999661445618,1.4830000400543213,3.231000065803528,1.968999981880188,3.8800000846385956,3.473000019788742,3.8080002069473267,2.78000009059906,3.468999922275543,2.5170001089572906,1.7470000684261322,3.709000065922737,1.048999935388565,3.093999922275543,1.1569999605417252,0.9070000350475311,3.0289999544620514,0.0,3.3889999091625214,3.3350000381469727,2.5169999301433563,3.6030001044273376,2.0600000619888306,3.831999897956848,3.7959999442100525,3.305999904870987,4.132999926805496,3.437999963760376,3.8889999091625214,3.2549999058246613,3.778999924659729,3.9109999537467957,3.8529998660087585,3.166999965906143,4.084999769926071,3.3779999911785126,3.3790000081062317,3.689999997615814,3.629999965429306,3.3040000200271606,3.4940000772476196,3.520000070333481,2.13700008392334,1.9530000984668732,3.1009999811649323,1.7899999916553497,3.1030000746250153,3.424999952316284,1.2479999363422394,2.236999899148941,0.0,0.9810000360012054,3.5260000228881836,1.9869999885559082,0.0,3.01500004529953,2.8289999067783356,3.641000062227249,2.898999899625778,3.015999972820282,3.1220000982284546,3.3169999718666077,1.7419999539852142,3.062999963760376,3.339000105857849
-3.468999996781349,-0.8799999952316284,-1.8329999446868896,-3.865999937057495,-3.149999886751175,-2.9939998984336853,-3.28000009059906,-3.6739998757839203,-3.1160000264644623,-3.142999976873398,-2.38700008392334,-2.951999992132187,-3.456999957561493,-0.8939999938011169,-3.6110000014305115,-1.7959999740123749,-3.536000072956085,-3.288000077009201,-2.223999947309494,-3.21999990940094,-3.1469998955726624,-0.5139999985694885,-1.298000007867813,-3.7089999616146088,-3.431999981403351,-3.46000012755394,-3.6280000805854797,-1.7540000081062317,-1.76500004529953,-3.330999970436096,-1.6670000553131104,-4.018999934196472,-3.7460000813007355,-3.0409999191761017,-1.99399995803833,-4.054000020027161,-3.087000072002411,-2.9710000455379486,-3.620000034570694,-3.4940000027418137,-3.9210000932216644,-3.14000004529953,-3.1909999698400497,-3.0830000936985016,-3.1099999845027924,-3.1010000109672546,-3.1069999039173126,-3.3399999141693115,-3.092999964952469,-1.2910000085830688,-1.8309999704360962,-0.35899999737739563,-0.4219999983906746,-1.3779999911785126,-0.8290000259876251,-1.090000033378601,-1.3720000088214874,-0.8129999935626984,-1.934000015258789,-1.5649999976158142,-0.4259999990463257,-0.5940000116825104,-1.0280000269412994,-2.107999950647354,-1.9089999794960022,-1.831000030040741,-1.3220000565052032,-0.6259999871253967,-0.5579999834299088,-0.5900000184774399,-3.3329999446868896,-3.367000073194504,-3.3539999425411224,-2.4419998824596405,-2.5360001027584076,-1.2989999651908875,-3.82900008559227,-2.9599998891353607,-3.502999931573868,-3.479999929666519,-2.990999937057495,-3.5160000324249268,-3.6449999511241913,-3.237000048160553,-3.1710000932216644,-1.4719999730587006,-3.205999881029129,-0.8589999675750732,-1.725000023841858,-1.4439999461174011,-0.6599999964237213,-2.312999963760376,-2.8070000410079956
0.0,0.0,0.0,0.0,0.0,0.0,0.0,0.0,0.0,0.0,0.0,0.0,0.0,0.0,0.0,0.0,0.0,0.0,0.0,0.0,0.0,0.0,0.0,0.0,0.0,0.0,0.0,0.0,0.0,0.0,0.0,0.0,0.0,0.0,0.0,0.0,0.0,0.0,0.0,0.01399993896484375,0.0,0.0,0.0,0.0,0.0,0.0,0.0,0.0,0.0,0.0,0.0,0.0,0.0,0.0,0.0,0.0,0.0,0.0,0.0,0.0,0.0,0.0,0.0,0.011999964714050293,0.0,0.0,0.0,0.0,0.0,0.0,0.0,0.0,0.05800008773803711,0.0,0.016000032424926758,0.0,0.0,0.0,0.0,0.0,0.0,0.0,0.0,0.008000016212463379,0.08700001239776611,0.0,0.10599994659423828,0.05000007152557373,0.034999966621398926,0.0,0.0,0.0,0.009999990463256836
-0.3579999804496765,-0.4989999532699585,-0.4390000104904175,-0.3529999852180481,-0.6190000772476196,-0.5220000147819519,-0.5200000405311584,-0.39800000190734863,-0.5,-0.5940000414848328,-0.5900000333786011,-0.32999998331069946,-0.47999995946884155,-0.5940000414848328,-0.4850000739097595,-0.48600006103515625,-0.3819999694824219,-0.43500006198883057,-0.440000057220459,-0.43400007486343384,-0.4699999690055847,-0.6890000104904175,-0.6110000014305115,-0.4009999632835388,-0.4129999279975891,-0.5409999489784241,-0.3799999952316284,-0.5079999566078186,-0.3699999451637268,-0.3970000743865967,-0.49900001287460327,-0.4300000071525574,-0.621999979019165,-0.5980000495910645,-0.6659999787807465,-0.37400001287460327,-0.6679999232292175,-0.5640000104904175,-0.4609999656677246,-0.51500004529953,-0.37299996614456177,-0.4049999713897705,-0.3370000123977661,-0.4230000376701355,-0.43999993801116943,-0.48499995470046997,-0.48200005292892456,-0.3359999656677246,-0.4490000009536743,-0.41200000047683716,-0.46700000762939453,-0.6859999895095825,-0.7229999899864197,-0.40400004386901855,-0.5630000233650208,-0.5389999747276306,-0.562000036239624,-0.527999997138977,-0.4229999780654907,-0.49100005626678467,-0.625999927520752,-0.6779999732971191,-0.4880000352859497,-0.4490000009536743,-0.32099997997283936,-0.7230000495910645,-0.527999997138977,-0.6029999852180481,-0.4999999403953552,-0.621999979019165,-0.4490000605583191,-0.4649999737739563,-0.5419999957084656,-0.36699992418289185,-0.5609999299049377,-0.5350000262260437,-0.30799996852874756,-0.43300002813339233,-0.4110000729560852,-0.4209999442100525,-0.5870000123977661,-0.46399998664855957,-0.33899998664855957,-0.5430000424385071,-0.5020000338554382,-0.6499999761581421,-0.5170000195503235,-0.5859999656677246,-0.6069999933242798,-0.5690000057220459,-0.6860000491142273,-0.3190000057220459,-0.47600001096725464
0.1329,0.0996,0.11669999999999998,0.0963,0.055499999999999994,0.0885,0.13799999999999998,0.09899999999999999,0.07769999999999999,0.1308,0.15119999999999997,0.06509999999999999,0.15539999999999998,0.0852,0.10559999999999999,0.087,0.052199999999999996,0.1308,0.10409999999999998,0.147,0.10859999999999999,0.5166,0.09,0.1152,0.1386,0.09359999999999999,0.12899999999999998,0.10859999999999999,0.12179999999999999,0.07949999999999999,0.08009999999999999,0.0768,0.1389,0.1224,0.16349999999999998,0.16859999999999997,0.08099999999999999,0.08549999999999999,0.1518,0.0924,0.054299999999999994,0.06659999999999999,0.0987,0.15899999999999997,0.11579999999999999,0.07229999999999999,0.21209999999999998,0.0804,0.0765,0.0987,0.23249999999999998,0.12419999999999999,0.36029999999999995,0.19199999999999998,0.0501,0.06149999999999999,0.0837,0.0807,0.12029999999999999,0.1113,0.1083,0.204,0.17279999999999998,0.08009999999999999,0.1374,0.06659999999999999,0.04529999999999999,0.32609999999999995,0.1644,0.0765,0.16859999999999997,0.18,0.0411,0.14009999999999997,0.0525,0.0462,0.08159999999999999,0.06509999999999999,0.09689999999999999,0.18749999999999997,0.0915,0.06,0.1533,0.047099999999999996,0.05669999999999999,0.06149999999999999,0.0633,0.1581,0.07379999999999999,0.09179999999999999,0.29519999999999996,0.1929,0.13499999999999998
-0.105,-0.24449999999999997,-0.10619999999999999,-0.0624,-0.1671,-0.1449,-0.06749999999999999,-0.38639999999999997,-0.22349999999999998,-0.144,-0.18899999999999997,-0.11549999999999999,-0.19019999999999998,-0.23249999999999998,-0.061799999999999994,-0.26699999999999996,-0.18239999999999998,-0.3117,-0.20879999999999999,-0.1185,-0.1074,-0.4356,-0.0831,-0.0798,-0.1692,-0.2844,-0.0588,-0.12329999999999999,-0.24029999999999999,-0.09269999999999999,-0.38849999999999996,-0.034499999999999996,-0.35429999999999995,-0.039,-0.23579999999999998,-1.0259999999999998,-0.3828,-0.08789999999999999,-0.053399999999999996,-0.31889999999999996,-0.11909999999999998,-0.1281,-0.15839999999999999,-0.177,-0.25139999999999996,-0.306,-0.08639999999999999,-0.34169999999999995,-0.05909999999999999,-0.08249999999999999,-0.39299999999999996,-0.3312,-0.1347,-0.0804,-0.32909999999999995,-0.11429999999999998,-0.0933,-0.13529999999999998,-0.19859999999999997,-0.09599999999999999,-0.34769999999999995,-0.0933,-0.06,-0.23819999999999997,-0.24599999999999997,-0.31949999999999995,-0.08549999999999999,-0.41069999999999995,-0.177,-0.4044,-0.12209999999999999,-0.8336999999999999,-0.3453,-0.087,-0.46799999999999997,-0.1347,-0.1782,-0.3747,-0.10709999999999999,-0.25799999999999995,-0.204,-0.1296,-0.0789,-0.36629999999999996,-0.15569999999999998,-0.10559999999999999,-0.13799999999999998,-0.3072,-0.0822,-0.1611,-0.2823,-0.09209999999999999,-0.1863
0.105,0.12449999999999999,0.14909999999999998,0.1329,0.0705,0.13679999999999998,0.10169999999999998,0.10949999999999999,0.08189999999999999,0.18749999999999997,0.13979999999999998,0.17639999999999997,0.1326,0.09809999999999999,0.13349999999999998,0.07079999999999999,0.2352,0.11099999999999999,0.09209999999999999,0.1833,0.17789999999999997,0.087,0.0909,0.2418,0.13979999999999998,0.1719,0.1392,0.078,0.1611,0.1314,0.1224,0.1518,0.17609999999999998,0.255,0.2757,0.19859999999999997,0.07529999999999999,0.1482,0.15899999999999997,0.147,0.17639999999999997,0.10139999999999999,0.0759,0.11639999999999999,0.12029999999999999,0.11909999999999998,0.15539999999999998,0.06269999999999999,0.09599999999999999,0.1323,0.1977,0.22679999999999997,0.0807,0.15419999999999998,0.11789999999999999,0.0957,0.0939,0.1089,0.1404,0.12869999999999998,0.1035,0.1866,0.10409999999999998,0.10409999999999998,0.0963,0.0711,0.0957,0.11879999999999999,0.0996,0.11399999999999999,0.15839999999999999,0.1098,0.0741,0.18239999999999998,0.08099999999999999,0.1209,0.1386,0.09029999999999999,0.15419999999999998,0.08429999999999999,0.09359999999999999,0.1065,0.15689999999999998,0.1035,0.12389999999999998,0.06839999999999999,0.1452,0.1581,0.0663,0.16049999999999998,0.1404,0.0831,0.12449999999999999
-0.0678,-0.3504,-0.0891,-0.0351,-0.16229999999999997,-0.1176,-0.0687,-0.5138999999999999,-0.2961,-0.369,-0.1818,-0.2241,-0.18719999999999998,-0.3978,-0.0423,-0.2385,-0.3231,-0.24359999999999998,-0.1347,-0.10289999999999999,-0.08879999999999999,-0.5166,-0.1992,-0.06989999999999999,-0.25289999999999996,-0.46559999999999996,-0.11099999999999999,-0.11339999999999999,-0.32639999999999997,-0.06839999999999999,-0.29279999999999995,-0.0957,-0.48269999999999996,-0.15389999999999998,-0.30269999999999997,-0.047099999999999996,-0.31679999999999997,-0.20759999999999998,-0.0804,-0.4191,-0.17609999999999998,-0.2703,-0.30179999999999996,-0.31379999999999997,-0.28409999999999996,-0.41069999999999995,-0.0213,-0.4371,-0.141,-0.21419999999999997,-0.255,-0.48239999999999994,-0.6056999999999999,-0.05789999999999999,-0.38339999999999996,-0.19799999999999998,-0.17279999999999998,-0.1323,-0.3075,-0.0741,-0.48419999999999996,-0.1146,-0.051899999999999995,-0.22019999999999998,-0.20729999999999998,-0.4689,-0.11549999999999999,-0.5283,-0.0924,-0.32549999999999996,-0.11819999999999999,-0.06029999999999999,-0.37649999999999995,-0.06839999999999999,-0.28259999999999996,-0.15719999999999998,-0.35369999999999996,-0.2163,-0.1389,-0.26699999999999996,-0.3414,-0.1362,-0.09179999999999999,-0.2946,-0.1893,-0.2637,-0.29129999999999995,-0.5115,-0.24209999999999998,-0.19979999999999998,-0.48869999999999997,-0.10139999999999999,-0.13319999999999999
32.0,28.0,27.0,25.0,32.0,32.0,31.0,23.0,28.0,26.0,27.0,32.0,28.0,25.0,32.0,28.0,28.0,25.0,26.0,30.0,30.0,32.0,32.0,32.0,32.0,30.0,24.0,21.0,26.0,28.0,21.0,28.0,26.0,32.0,26.0,32.0,22.0,18.0,28.0,23.0,29.0,21.0,27.0,23.0,25.0,20.0,30.0,14.0,18.0,29.0,32.0,30.0,32.0,23.0,32.0,32.0,32.0,29.0,30.0,25.0,32.0,27.0,32.0,32.0,32.0,30.0,32.0,24.0,32.0,32.0,32.0,32.0,32.0,32.0,32.0,31.0,28.0,17.0,32.0,26.0,23.0,27.0,32.0,30.0,32.0,29.0,32.0,32.0,18.0,17.0,32.0,31.0,32.0
15.0,15.0,15.0,15.0,15.0,15.0,15.0,15.0,15.0,15.0,15.0,15.0,15.0,15.0,15.0,15.0,15.0,15.0,15.0,15.0,15.0,15.0,15.0,15.0,15.0,15.0,15.0,15.0,15.0,15.0,15.0,15.0,15.0,15.0,15.0,15.0,15.0,15.0,15.0,15.0,15.0,15.0,15.0,15.0,15.0,15.0,15.0,15.0,15.0,15.0,15.0,15.0,15.0,15.0,15.0,15.0,15.0,15.0,15.0,15.0,15.0,15.0,15.0,15.0,15.0,15.0,15.0,15.0,15.0,15.0,15.0,15.0,15.0,15.0,15.0,15.0,15.0,15.0,15.0,15.0,15.0,15.0,15.0,15.0,15.0,15.0,15.0,15.0,15.0,15.0,15.0,15.0,15.0
0.0,0.0,0.0,0.0,0.0,0.0,0.0,0.0,0.0,0.0,0.0,0.0,0.0,0.0,0.0,0.0,0.0,0.0,0.0,0.0,0.0,0.0,0.0,0.0,0.0,0.0,0.0,0.0,0.0,0.0,2.0,0.0,0.0,0.0,1.0,0.0,0.0,3.0,0.0,0.0,0.0,3.0,0.0,0.0,0.0,0.0,0.0,0.0,0.0,0.0,0.0,0.0,0.0,0.0,0.0,0.0,0.0,0.0,0.0,0.0,1.0,0.0,0.0,0.0,0.0,0.0,0.0,0.0,0.0,0.0,0.0,0.0,0.0,0.0,0.0,0.0,0.0,0.0,0.0,0.0,0.0,0.0,0.0,0.0,0.0,0.0,0.0,0.0,0.0,0.0,0.0,0.0,0.0
0.0,0.0016236486761379565,0.0,0.0,0.007331056864953361,0.005367668868561826,0.0,0.0,0.003451040888321086,0.0047721208941140375,0.005584923364404415,0.0,0.0,0.004398575149076336,0.0,0.003744997580997389,0.0,0.0,0.006494760038027417,0.0,0.0,0.013940557313868479,0.007162972614628879,0.0,0.0,0.006743266341427606,0.0,0.0,0.0,0.0,0.005912523583528506,0.0,0.005801427894685171,0.00806856256865962,0.008020754960007037,0.0,0.0034324848169706573,0.00452751865428086,0.0,0.005428710710246851,0.0,0.0,0.0,0.0,0.0,0.0,0.0,0.0,0.0001930316519223596,0.0010622209889120104,0.0,0.0064878268139942075,0.009342914522869894,0.0,0.004667014314301388,0.007259195788247658,0.0056039977299147115,0.0028366676825059,0.0012233210324040372,0.0021942053699042646,0.007248329907165993,0.0,0.0,0.0023549232611380783,0.0,0.009225376104344582,0.004548322145341163,0.013281973269122102,5.5616410669617755e-05,0.006775627016072955,0.0,0.0,0.005721014162663088,0.0,0.005181716988789331,0.004417750070993071,0.0,0.002902658886191345,0.0,0.0,0.007721668745132276,0.0035675584754430584,0.0,0.006109950912037018,0.004343596890677981,0.009081432128317315,0.006818383795481983,0.01843687996103588,0.008198289690618185,0.006091810283860868,0.018438780618604905,0.0,0.004825886824684669
-0.005721278266117125,-0.0025821639634750204,-0.008432263377901622,-0.009334370065339825,-0.0005619584613593964,0.0,-0.00541142629963183,-0.009393919413009238,-0.0015179805377668332,-0.0017955500775561212,0.0,-0.006953930828614424,-0.013114609555282444,0.0,-0.0034819342285532656,-0.0012486343606915862,-0.006639868697886797,-0.012016986724256468,0.0,-0.009553121199499498,-0.009842091613332826,0.0,0.0,-0.00356891758093017,-0.007954485277491818,-0.0012107286822069796,-0.009840314066970085,-0.005188361832090899,-0.007798398922629124,-0.00692276423206345,0.0,-0.003980906547752183,-0.0025323223163034453,0.0,0.0,-0.01241025222031479,-0.002343551598868787,0.0,-0.012108942725921806,0.0,-0.00887666853523382,-0.004933450569559919,-0.007672020863169884,-0.010942335482027263,-0.00800088971192539,-0.010584627139914204,-0.00909018033410268,-0.0046929779399536575,-0.0038893762372909785,-0.002125684706911435,-0.007051427933917984,0.0,0.0,-0.007963381129622776,0.0,0.0,0.0,0.0,-0.001318967735037535,-0.00047495767372447706,0.0,-0.003820828133973206,-0.004307545594841963,0.0,-0.005420343374608311,0.0,0.0,0.0,-0.0018712839836576844,0.0,-0.009302706887292927,-0.008867586242741268,0.0,-0.004412936744917967,0.0,0.0,-0.005379359286800903,0.0,-0.005328503726506811,-0.008543623914302148,0.0,0.0,-0.007746091718414672,0.0,0.0,0.0,0.0,0.0,0.0,0.0,0.0,-0.0032945431418870547,0.0
0.0,0.0,0.0,0.0,0.0006480804658421935,0.0,0.0,0.009641272677688772,0.003410054361610182,0.009359633563770675,0.009710759618943798,0.009558586985880357,0.0,0.010297575836356432,0.004981884869691977,0.0,0.01058608358732449,0.0,0.0,0.0023955784013876547,0.0011993486990687918,0.004698506692712767,0.004346269290207094,0.0018225948594074448,0.0,0.0,7.452185168443926e-05,0.0,0.008755050817674581,0.008008527630431028,0.0,0.0,0.0,0.0029479019498125925,0.010670053626503806,0.005981878514266015,0.003289753644743154,0.0,0.0,0.002829437423197967,0.009474961763763612,0.008566497188210342,0.0,0.006924339617074338,0.0,0.0,0.0,0.010786799575111417,0.0001465953534868225,0.005859594780284472,0.0,0.011262128358764167,0.007998589767169939,0.0,0.002344890683547929,0.0,0.003637357122813434,0.01055186420202181,0.0,0.0,0.0,0.0026313494954172123,0.0,4.146337016996959e-05,0.0,0.0033540019128290854,0.0033388731286735363,0.0,0.010132632750699755,0.005542966739793598,0.0,0.00842501051616723,0.0,0.0026790069776180814,0.003816150017722564,0.0,0.01014895877496974,0.0,0.008142025578086631,0.0,0.004922881796707523,0.0,0.0018520349281059278,0.0014495626988890176,0.0,0.00392446119524803,0.0037169679631183228,0.0,0.003415236034884861,0.010435868843340912,0.0,0.0,0.0017551303903109994
-0.017104226995893423,-0.02789554360138491,-0.02905798159143702,-0.02999561112591509,-0.018712347283306396,-0.01518891585325266,-0.021731956879083913,-0.007255404746235317,-0.018727265586788167,-0.010286147359401754,-0.00872631740896801,-0.0051861901460081294,-0.021300523947138328,-0.008182385585268681,-0.012633273745237483,-0.02038060466975694,-0.009629815291458899,-0.031035611600840285,-0.02835897790447045,-0.017625026592033077,-0.0204485993768872,-0.016520049070097853,-0.015508808422832754,-0.008199344655951513,-0.018650858392055436,-0.029560682331429555,-0.020305243909322868,-0.021152330878425163,-0.012716770517151754,-0.012617413006027145,-0.022899555332482002,-0.019649961257097726,-0.03264572200757154,-0.01403133487689201,-0.011008303380844575,-0.013668253748856884,-0.018342503235849683,-0.027890090045748828,-0.023197059425123567,-0.01707032583964907,-0.008719565147944586,-0.011464381377438326,-0.02353873045734023,-0.013483990588465833,-0.02540747904656926,-0.025504384816944337,-0.023725802552868325,-0.006480218741792054,-0.020230122417120244,-0.016339542052463296,-0.011995061749865477,-0.0067582517714702695,-0.007310170733552945,-0.023896905067338547,-0.015585911877908365,-0.018197774151398727,-0.011618659795026631,-0.009118808581458082,-0.029121137952834275,-0.020224548984905832,-0.01851527785951812,-0.020381962858641134,-0.012686952102675841,-0.017874741841984065,-0.023878305959293966,-0.01855264328130246,-0.008001600126076758,-0.03203813700709268,-0.0026465047793426955,-0.011910539418405641,-0.02898554372969353,-0.0032894933807918747,-0.019938898726643228,-0.017681522132386385,-0.013746973395253437,-0.030391852467399616,-0.00720383128658425,-0.022958243664810418,-0.0095794661024311,-0.022471462581876434,-0.017317427105912553,-0.029697518166989068,-0.008743817004669363,-0.018773217248355845,-0.024650399379001375,-0.01430041264627796,-0.017521034007531577,-0.04678475136934995,-0.0183008330303861,-0.008018169612987958,-0.05333639962026693,-0.023256650880924712,-0.018230084040763206
0.0,0.0,0.0,0.0,0.0,0.0,0.0,0.0,0.0,0.0,0.0,0.00044259877009711346,0.000977794441559876,0.0,0.0,0.0,0.0,0.0,0.0,0.0001636194629400789,0.00010473369234220709,0.0,0.0,0.0,0.0,0.0,0.00016284708457781072,0.0,0.0,0.0,0.0,0.0,0.0,0.0,0.0,0.0007091903607924777,0.0,0.0,0.0004192317312883276,0.0,0.00011465505097596473,0.0,0.00028537792150717944,0.0011199154135194123,0.0,0.0005644222257681353,0.0013134684529302332,0.0,0.0,0.0,0.0,0.0,0.0,0.001899390785857824,0.0,0.0,0.0,0.0,0.0,0.0,0.0,0.0008986473202297063,0.0002926331186867692,0.0,0.001045838346746153,0.0,0.0,0.0,0.0,0.0,0.000792412746006721,0.0007983706856288242,0.0,0.0,0.0,0.0,0.0,0.0,0.0,0.00024448972793594814,0.0,0.0,0.0,0.0,0.0,0.0,0.0,0.0,0.0,0.0,0.0,0.0,0.0
-0.003401377978649589,-0.002863871462669365,-0.002640078683641023,-0.002044422340843899,-0.0060507693169043475,-0.005460233354713684,-0.0028293100766090817,-0.0026886758208791717,-0.004320020970589422,-0.004020853590468332,-0.006053498374534894,-0.0013375881581195737,-0.0009319555506476229,-0.004706459367578797,-0.002885612060795295,-0.003878987817874102,-0.002506801645600243,-0.002360568380119832,-0.004915412340180447,-0.0016587397253436942,-0.0019733268345094035,-0.009757766999709538,-0.005821138082664101,-0.0025486360114264084,-0.0018014540914562116,-0.005425503686550648,-0.0010788397069495526,-0.0015522694648003599,-0.0020614241949488132,-0.001971621974518223,-0.004292370970195414,-0.0026947197161946157,-0.005199014411881087,-0.004151230394037697,-0.007543461776806426,-0.0010586716439133226,-0.004199759697694372,-0.0035441664906076253,-0.0009174478299741606,-0.00500035893497458,-0.0014477162260564946,-0.0024309863489030414,-0.0015047654088939932,-0.0009683324549507044,-0.0014930543631335724,-0.0008841187144889018,-0.0008961028169587881,-0.0025262633715733007,-0.0020830409000210937,-0.0024634463855731648,-0.0011904767606280564,-0.004364871054622632,-0.005909442162985945,-0.0010036700878834903,-0.004259071818058513,-0.004859116979860412,-0.003881047422421402,-0.0025625025378259725,-0.0024402478643132386,-0.0019427968991758693,-0.004511834717106811,-0.001073299775009695,-0.0010973315320437216,-0.0033643356740563624,-0.0013194791517948667,-0.004887265635126481,-0.003395288292161347,-0.0068915507378455865,-0.0020118220046884683,-0.003640442251334308,-0.0007922288956800916,-0.0007748279697253335,-0.0047566849607444395,-0.0015704998086770172,-0.005303893090014777,-0.004308769197021278,-0.0029908846747856432,-0.0042106926007465795,-0.0018504124877142258,-0.000708365043918191,-0.0066602790241352405,-0.004060793777888927,-0.00102727809481723,-0.005388178220254003,-0.00487345465669714,-0.005164197553751082,-0.005686687001516255,-0.01416702236669426,-0.005685366454838414,-0.004712683543373675,-0.014152275662379366,-0.0018759708076063752,-0.003928151158503923
0.054748355545582356,0.05353566965113128,0.05426893738154591,0.03985876852316175,0.057813366972694846,0.04732636714191829,0.048833138043100216,0.05440246311800093,0.05524554468100329,0.048405687505277184,0.04964688576667181,0.03858003000662082,0.03862555704194898,0.053012079255566016,0.03910631652934907,0.05443168661725735,0.043186886948606375,0.05547388849925307,0.049239833500621305,0.04294316523646903,0.04544129926173664,0.10462960658781559,0.05781305624510194,0.04318865276542888,0.04079221581162512,0.04845019002017341,0.03816061591232134,0.04118285738501704,0.048179284590405116,0.03853416198563859,0.04442875759218104,0.035275114149316,0.05315689067946042,0.042400726698543334,0.05633278343437523,0.04454213222060252,0.05317990851744213,0.04298387546051882,0.04320313845548094,0.04760719691597628,0.04409539960002004,0.040571303053463056,0.040517230558250614,0.040206864080594776,0.043813915213352275,0.03426833898108975,0.039034483174220286,0.04433412351977167,0.0471932251367263,0.043575706411029536,0.035666100034096385,0.043078736132707005,0.06324223704694512,0.04015451257592331,0.047406392150666894,0.04280281880767249,0.04263646739916875,0.03983858794631506,0.03834464179488437,0.03642859682474374,0.040334617252260674,0.03573811473407284,0.03490851494389714,0.035610194497139376,0.03089861364126112,0.0461523452103374,0.04100557382934414,0.06787389519680632,0.04034924954927027,0.041663792898133566,0.03398832822886445,0.03481462240439934,0.042597434282070204,0.03975909252325582,0.04695960102623299,0.04276120012632354,0.0360291312272773,0.040771101590307016,0.032159327227055404,0.033475289256335174,0.04701602314875897,0.040132487595088216,0.03227648383435162,0.03960503942755532,0.03960063705718579,0.04074070615807098,0.04064977029540566,0.08656311351171288,0.04249686075444589,0.03615420647740511,0.0912655834001355,0.03462835042712478,0.04183974690072849
0.0,0.0,0.0,0.0,0.0,0.0,0.0,0.0,0.0,0.0,0.0,0.0,0.0,0.0,0.0,0.0,0.0,0.0,0.0,0.0,0.0,0.0,0.0,0.0,0.0,0.0,0.0,0.0,0.0,0.0,0.0,0.0,0.0,0.0,0.0,0.0,0.0,0.0,0.0,0.0,0.0,0.0,0.0,0.0,0.0,0.0,0.0,0.0,0.0,0.0,0.0,0.0,0.0,0.0,0.0,0.0,0.0,0.0,0.0,0.0,0.0,0.0,0.0,0.0,0.0,0.0,0.0,0.0,0.0,0.0,0.0,0.0,0.0,0.0,0.0,0.0,0.0,0.0,0.0,0.0,0.0,0.0,0.0,0.0,0.0,0.0,0.0,0.0,0.0,0.0,0.0,0.0,0.0
0.0,0.0,0.0,0.0,0.0,0.0,0.0,0.0,0.0,0.0,0.0,0.0,0.0,0.0,0.0,0.0,0.0,0.0,0.0,0.0,0.0,0.0,0.0,0.0,0.0,0.0,0.0,0.0,0.0,0.0,0.0,0.0,0.0,0.0,0.0,0.0,0.0,0.0,0.0,0.0,0.0,0.0,0.0,0.0,0.0,0.0,0.0,0.0,0.0,0.0002428766339460653,0.0,0.0,0.0,0.0,0.0,0.0,0.0,0.0,0.0,0.0,0.0,0.0,0.0,0.0,0.0,0.0002358456310762591,0.0,0.0,0.0,0.00023548405556084173,0.0,0.0,9.036667790918163e-05,0.0,0.00016410562754920477,0.0,2.213355704050457e-06,0.0,0.0,0.0,0.0,0.0,0.0,0.0,0.00020137557265098582,0.0,0.0002335481663376937,0.0,0.0,0.0,0.0,7.326339169100304e-05,0.0002362190585502022
-0.37808861160133866,-0.2683274903140094,-0.34839087059452745,-0.2696253014930392,-0.26835632453927705,-0.2623389445640437,-0.3236634255304214,-0.3375350657249372,-0.29473093493314617,-0.2688574934437049,-0.2569082888553841,-0.38053915923066983,-0.29752517327277905,-0.27681907612419443,-0.2560439478423473,-0.3055671566527668,-0.2895621284887314,-0.3233778358199235,-0.2620270808093994,-0.37243525318348214,-0.3384294174990673,-0.2845625821224951,-0.2927637159175389,-0.3112986023464427,-0.266650338484652,-0.31519516418117277,-0.2861575292008671,-0.3230832723628202,-0.3027213353904459,-0.28522835379006284,-0.29120799857298174,-0.25709164729997436,-0.2522935153420943,-0.2525887278234784,-0.26966496029239917,-0.2723410212823201,-0.25419160142520114,-0.2514935849970681,-0.24775992194466012,-0.23436771716716676,-0.23185918053287968,-0.3120567729486181,-0.2506506217985113,-0.23696199791187755,-0.27423514802317206,-0.2771247998088656,-0.28272513218462647,-0.2985309833287182,-0.2539068622487718,-0.2512382085182664,-0.23347926446324652,-0.2334986080385042,-0.296348587039716,-0.23496800334774492,-0.2944801244646179,-0.2305794334581419,-0.23301621632652292,-0.2543311058615204,-0.31028349290074175,-0.271339484342525,-0.28315468058343896,-0.2983243852285973,-0.25307625099178643,-0.23344183619993775,-0.22368219562476221,-0.24541451191460872,-0.2295362659816792,-0.24939323248634093,-0.28009470053740126,-0.2365794500857905,-0.29389834068563825,-0.2612192695512354,-0.24032349434524636,-0.29478454083889805,-0.2561212780007771,-0.2668205608950005,-0.23471001925225576,-0.23325513026908762,-0.30541210351964787,-0.23259319813514423,-0.27452119900104366,-0.2396361834193692,-0.21770316172876747,-0.23120058719195125,-0.25886740850815526,-0.2543743757085095,-0.25659131536727897,-0.25029759647383487,-0.24404173457184952,-0.2718892680100521,-0.23788679998692563,-0.24175637904906122,-0.3156605360401382
0.0,0.0,0.0,0.0,0.0,0.0,0.0,0.0,0.0,0.0,0.0,0.0,0.0,0.0,0.0,0.0,0.0,0.0,0.0,0.0,0.0,0.0,0.0,0.0,0.0,0.0,0.0,0.0,0.0,0.0,0.0,0.0,0.0,0.0,0.0,0.0,0.0,0.0,0.0,0.0,0.0,0.0,0.0,0.0,0.0,0.0,0.0,0.0,0.0,0.00011183365638518144,0.0,0.0,0.0,0.0,0.0,0.0,0.0,0.0,0.0,0.0,0.0,0.0,0.0,0.0,0.0,0.0,0.0,0.0,0.0,0.0,0.0,0.0,0.0,0.0,0.0,0.0,0.0,0.0,0.0,0.0,0.0,0.0,0.0,0.0,0.0,0.0,0.0,0.0,0.0,0.0,0.0,0.0,0.0
-0.7792729006247786,-0.6780308035273541,-0.7546565388699149,-0.6795245415240904,-0.6781194947090424,-0.6717174487598306,-0.7328759844198457,-0.7452067813626688,-0.7053055894450974,-0.6787897024659699,-0.6657397982441136,-0.7815150422425565,-0.7081331330590782,-0.6870899256944899,-0.6647881921626636,-0.7159586701217461,-0.700302676711789,-0.7324178935090775,-0.6714011107552357,-0.7750087823520981,-0.7463419483285205,-0.6924466165706537,-0.703428394445026,-0.7215253484178511,-0.6762756740103768,-0.7252561115712027,-0.6968545885263013,-0.7325309688440101,-0.713123747130487,-0.6959036081391359,-0.701961651870945,-0.6659592943844034,-0.6604381379667451,-0.6609271685147429,-0.6796328308128861,-0.6824990297597366,-0.6626944110429259,-0.6597072327650864,-0.6553641297198982,-0.6398695405813253,-0.6367272635936339,-0.7222774676916055,-0.6587496202340977,-0.6428556677648487,-0.6844726704489222,-0.6875065393174288,-0.6932425933955606,-0.7091982866111574,-0.6623232313287498,-0.6594047111058532,-0.6387944041735865,-0.638820483908642,-0.7070836020242854,-0.6405868106901651,-0.7052179346288505,-0.635341048883448,-0.6382621933643511,-0.6628879832388459,-0.7204983141796233,-0.6812886219183785,-0.6936901135203384,-0.7088796677952756,-0.6614714779548769,-0.6387591622957879,-0.626875601959935,-0.6527776820495454,-0.6340836523900407,-0.657078486733368,-0.690628704319652,-0.6424559547506665,-0.7046511328775922,-0.6705107865786059,-0.6468829316200166,-0.7055242088577064,-0.6648807748149461,-0.6765970850508293,-0.6402782364347441,-0.638539262887615,-0.7158508765846819,-0.6377254710561464,-0.6847703585779137,-0.6460781644188196,-0.6195175394927332,-0.6359664957885893,-0.667875972314404,-0.6629306248260066,-0.6653161541984771,-0.6578003497101087,-0.6511383810598341,-0.681990881308434,-0.643093860695084,-0.6484781292230407,-0.7254073163282435
1.2482557747461498,-1.3608912218786462,-5.56313501899701,-2.241914454448428,-3.9526239185452967,3.6914329815163227,5.822464878103307,6.820608327089606,-9.535221763806744,4.077196049557101,3.6286209509735268,-1.730258696201663,-4.703880442451898,5.538367347187633,-6.275956394049545,-4.505085596392811,7.290518715550995,7.011033906840125,-6.146379174500214,-4.441111989406958,-4.599811248481161,-5.8739540671484125,6.706116870041745,-0.7126560604991661,6.276139882393276,9.506425432173376,3.599656983550643,4.529159303687285,-8.947411809778485,5.850598491177812,-7.277112118464628,-1.3084262371701794,-5.306505076139305,-9.23872757094458,-3.398330931818201,-9.549902794888936,-8.827554094129972,-2.3575338383504763,0.05217269002674607,-0.2263796509291205,7.35024730484034,-7.211023476575876,0.8028823248798522,-1.5508589766275094,-0.7235498940690399,-4.483352732230865,8.745740959533087,8.007701395574573,-4.131494125459578,4.068874698719402,-3.7953653015550093,2.5140763335816785,-6.783782445173048,-8.804193787095347,8.582604436315833,2.343838816842918,5.03173069834058,7.907442225150518,5.901526260805965,8.210109099341999,5.805001006887298,-3.929648614029002
-7.835460015641595,-8.51193276585322,-7.400242964936383,-2.3386799374951384,8.795490567414603,2.725784581147548,6.773809642300074,7.792497176713898,-2.0969103949009193,7.6254456209151185,-3.3482075992736338,9.59784907625013,-9.243770902348766,-9.0549802303397,2.069885183060307,-0.02648763853404512,4.034353480879385,-7.362521147364285,-1.3820147722918663,-7.327646518572584,6.56740645477119,5.521506238792397,-2.4295680299952704,-1.7981995270914197,-8.887447799678672,8.655007370735028,2.3307221165620406,-5.960936678251274,-4.6171161354031565,1.5062906249698749,7.649362880759338,6.334403275718428,-4.973272397010946,4.157049464149023,-5.703058240462755,-7.530104906331816,-5.984051747047834,9.73526284482201,-2.789450327974472,5.513659420505214,8.931456364263495,-4.540885254226565,9.107753974917719,-9.188666816668501,-3.6278502120767575,2.01949356593796,1.519354962203161,-8.90603066958159,1.7028626133287195,-9.840224868289482,8.832872820388227,-4.975765150802662,5.245163479687225,-5.015297237727038,4.144119371189623,-7.907717685764199,-0.11732767650616704,3.0304802193300584,3.1660377027053577,1.8811535606343255,7.6859353334581275,-6.273572994037269
-0.9762700785464951,7.634511482621336,4.708887757907461,-6.419864596958702,-1.332029084131503,9.61613603381333,-3.0420654000337777,-6.123879780921715,8.839416793522489,-9.806778947934088,-8.131109984423578,8.409558348264884,4.757637015206435,6.376980765261939,4.811548713092901,6.257382164983105,-5.135572854737784,0.8372234547991431,-6.415342414026299,2.8926230305614076,-2.289294129537487,5.576781693078323,-9.485124256361006,-9.788195545688628,5.078736300180711,5.34746014340469,-7.935223164488197,3.3298506841744935,9.395294839880348,9.945935722129946,1.1592872454014946
-4.303787327448389,-2.7984204265504764,-5.484673788684333,8.057974484138775,4.692210181211092,3.968503666509014,1.3716312913205209,-4.077771670807326,1.3116674888375845,5.662060312030521,-5.480946653972776,8.207939315227891,0.877188663990407,-5.770910246130374,2.5237372413487713,-8.07967909856474,-2.721221108942826,-1.8196833064736984,-8.176874368254767,2.8658621919491423,9.338508170489888,4.9361761255429615,-9.806900031217877,8.693915856964395,-3.317182351183754,3.0296126101487353,1.8653330832850346,-8.483175332415271,-4.206736579484267,-2.9439330778807205,-0.3990474914167641
0.0,1.0,2.0,3.0,3.0,3.0,4.0,5.0,6.0,7.0,8.0,8.0,9.0,10.0,10.0,11.0,12.0,13.0,14.0,15.0,16.0,16.0,17.0,17.0,17.0,18.0,19.0,20.0,21.0,22.0,23.0,24.0,25.0,25.0,26.0,26.0,27.0,28.0,29.0,30.0,31.0,32.0,33.0,34.0,35.0,36.0,37.0,38.0,39.0,40.0,40.0,41.0,41.0,42.0,42.0,42.0,42.0,43.0,44.0,45.0,45.0,46.0,46.0,46.0,46.0,47.0,47.0,48.0,48.0,48.0,48.0,48.0,48.0,49.0,49.0,50.0,51.0,52.0,53.0,54.0,55.0,56.0,56.0,57.0,57.0,58.0,59.0,59.0,60.0,61.0,61.0,62.0,62.0
0.0,0.5,0.6666666666666666,0.75,0.6,0.5,0.5714285714285714,0.625,0.6666666666666666,0.7,0.7,0.6,0.6,0.7,0.7,0.7,0.7,0.7,0.7,0.7,0.8,0.7,0.7,0.7,0.6,0.6,0.6,0.6,0.6,0.6,0.7,0.7,0.8,0.8,0.8,0.7,0.7,0.7,0.7,0.7,0.7,0.7,0.8,0.8,0.9,0.9,0.9,0.9,0.9,0.9,0.8,0.8,0.7,0.7,0.6,0.5,0.4,0.4,0.4,0.5,0.4,0.5,0.4,0.4,0.4,0.5,0.4,0.4,0.3,0.3,0.2,0.2,0.2,0.3,0.2,0.3,0.3,0.4,0.5,0.6,0.7,0.8,0.7,0.8,0.7,0.7,0.7,0.6,0.6,0.6,0.5,0.6,0.5
