1,2,3,4,5,6,7,8,9,10,11,12,13,14,15,16,17,18,19,20,21,22,23,24,25,26,27,28,29,30,31,32,33,34,35,36,37,38,39,40,41,42,43,44,45,46,47,48,49,50,51,52,53,54,55,56,57,58,59,60,61,62,63,64,65,66,67,68,69
16622.92,21463.102,21185.33,10367.097,2125.3083,7675.5166,7480.284,21180.23,10221.768,4911.185,3962.3184,8768.758,2669.5715,10642.605,21102.72,21443.799,22638.94,8952.107,9437.24,19271.662,16798.648,1792.6554,2245.3228,7269.515,22386.688,1997.897,6520.8154,9187.944,20047.625,15155.06,3682.436,12397.57,4901.9736,4152.7676,1969.3127,3780.9854,7987.746,8569.568,5457.9756,5909.8,10403.232,11679.399,6783.3115,5639.581,10909.924,5577.8154,1928.9048,17177.71,10587.02,9190.477,4904.126,4561.3438,3925.8157,5195.8823,6192.7734,3679.581,6589.525,7984.551,7984.6855,7724.8584,6265.6343,7798.0225,9556.266,13715.757,5420.972,2719.9167,8722.082,3733.0137,10191.42
62511384.0,154940020.0,160044000.0,19675050.0,746738.6,11701781.0,8964294.0,113585980.0,21570646.0,3732545.5,2674336.5,12097114.0,1053458.9,22458744.0,152436640.0,157170050.0,178593820.0,13197324.0,17598578.0,96151920.0,70634664.0,417614.94,748297.0,8370805.0,166056770.0,549521.0,6193536.0,13498408.0,114085976.0,41164460.0,2409798.5,27139208.0,3876803.0,2942729.5,550384.1,2021549.5,11074546.0,14547286.0,4689257.5,5886308.0,19900880.0,22870532.0,7338632.0,5023347.0,18904830.0,4604295.0,581440.5,60350056.0,18941608.0,13326872.0,3615622.0,3469276.5,2656969.0,4046742.0,6135363.5,2495004.0,7242163.5,10134265.0,11152806.0,10771612.0,7517011.0,9509171.0,15654755.0,33391234.0,4525074.0,1267623.8,13633073.0,2325829.5,18049754.0
-0.044556227,-0.15657412,-0.09395726,-0.080707915,-0.20401178,-0.18526846,-0.07191584,-0.13370846,-0.02185651,-0.022697225,-0.14394447,-0.0825027,-0.13841447,-0.077348374,-0.06389366,-0.038752437,-0.025998875,-0.12895943,-0.08078011,-0.018388629,-0.02096748,-0.06626183,-0.106762834,-0.073562495,-0.057722673,-0.0630446,-0.06755956,-0.07320332,-0.12950225,-0.060527574,-0.020260569,-0.064135395,-0.10902058,-0.04125751,-0.0662169,-0.0455268,-0.11662691,-0.04498233,-0.07010787,-0.12258682,-0.10621602,-0.047576174,-0.052654263,-0.054802194,-0.061324745,-0.081794605,-0.025319636,-0.03181563,-0.027863365,-0.16552284,-0.06971238,-0.07709056,-0.07434734,-0.051641293,-0.09211343,-0.042344764,-0.023211978,-0.17885168,-0.16459575,-0.129885,-0.10346742,-0.122701935,-0.06564928,-0.043469124,-0.08497555,-0.03334329,-0.042179473,-0.055330668,-0.16148905
-5.724467,-5.7336183,-5.735727,-5.732741,-5.736343,-5.7476096,-5.721846,-5.713128,-5.7106013,-5.712012,-5.715339,-5.6938386,-5.709497,-5.7028003,-5.7152305,-5.703052,-5.6992373,-5.677954,-5.654943,-5.6559343,-5.659739,-5.66799,-5.6662536,-5.66052,-5.6461024,-5.6301637,-5.633002,-5.6443467,-5.63754,-5.6298814,-5.630853,-5.6583877,-5.6635633,-5.65925,-5.6508756,-5.6386304,-5.637611,-5.646523,-5.648746,-5.667023,-5.680138,-5.701942,-5.7115664,-5.7195706,-5.7299714,-5.7119575,-5.7127852,-5.71588,-5.72238,-5.7091546,-5.707169,-5.706659,-5.694741,-5.6952405,-5.71794,-5.7260423,-5.7238517,-5.718187,-5.722157,-5.7384973,-5.718971,-5.7098603,-5.699701,-5.700047,-5.694328,-5.7063956,-5.694391,-5.6879973,-5.6971326
0.9268671600716506,0.9754062460807656,1.015216700112442,0.9722691188881704,1.115893751933239,1.0022216088644789,1.089227749403614,0.9830198733275327,1.0375276572898082,0.9838121849951412,0.9884223133142557,0.8804023555598993,0.5642114734388302,1.0388593514423978,0.9705802711248662,0.8997538259221028,1.0015831523049994,1.166215141212605,1.0193475646193804,1.0235126087455932,0.9863385738948464,0.6122104278206238,0.7021996531586402,1.0522309803591297,0.9920233469010514,0.6653415690898948,1.1960584436928214,0.9201326513611684,1.0203118980968688,1.0900441272689028,0.8096173941142272,0.9194962549431248,0.9597699598694539,0.8002356036588815,0.6050955420868789,0.78637422293721,1.0539953042132142,1.0951371714691018,0.7761666903373224,1.0349995828198373,0.9400502860470167,0.9954707126653032,0.9046522803994214,0.988899329699411,1.0774576931675468,0.8294032733909836,0.45326012170707,0.9504870562030213,1.053700891273495,0.9919202461864746,0.8361576343734826,0.8239512963670118,0.7683639982924343,1.033346412960488,0.9039078201987966,0.9619277707377555,0.8864328577561303,0.9138821822452811,0.9311544080421167,1.1369125322164648,1.0096386798897226,0.9337878306536854,1.078081635094184,1.1104433668367406,0.9513587769586963,0.7412249123749403,1.1004581422263224,0.8655676516526564,1.037055510329865
0.3060815808105468,0.34597191214425216,0.31145143310546874,0.17567088221958704,0.06367110578264512,0.25852003191266737,0.0889861237444195,0.3666841995675222,0.2869035369001115,0.12273948102678578,0.03682184430803559,0.11046553292410721,0.055999888218470906,0.2247666746303013,0.3198897724260602,0.31298567661830357,0.31912265066964274,0.24471184029715398,0.21479409179687492,0.30915006783621646,0.33293084228515624,0.02684926147460942,0.055999888218470906,0.08054778442382804,0.3728211736188616,0.037588966064453055,0.13654767264229895,0.1587942035784039,0.3068487025669643,0.23320501395089277,0.04219169660295752,0.2247666746303013,0.06520534929547994,0.061369740513392834,0.061369740513392834,0.06520534929547994,0.12120523751395085,0.17797224748883922,0.10816416765485481,0.09435597603934154,0.19254756086076996,0.18717770856584814,0.0813149061802455,0.0966573413085936,0.19561604788643971,0.06904095807756694,0.06673959280831476,0.321424015938895,0.15572571655273437,0.14115040318080363,0.06367110578264512,0.055999888218470906,0.08361627144949779,0.06367110578264512,0.08745188023158479,0.03989033133370534,0.09972582833426336,0.10202719360351553,0.14958874250139498,0.16416405587332583,0.14038328142438605,0.13731479439871652,0.20328726545061382,0.2884377804129463,0.06290398402622766,0.02991774850027884,0.1879448303222656,0.019178043910435205,0.1940818043736049
0.7676418564432996,0.8328375619279429,0.8453800719510816,0.7898922477725847,0.5852751137258605,0.8744798672619583,0.8995077345396583,0.789697815707711,0.7987337295391592,0.8290725978315066,0.8494767474086884,0.6909883571002005,0.42189609305974995,0.8180446181993006,0.7860215348755784,0.7550268778121554,0.8340442415494929,0.8992484917864942,0.8737106717705978,0.8458576193451317,0.8037539692891391,0.5038043394657876,0.549802574994799,0.8756541415393624,0.8010413160132392,0.5087759831837739,0.8976776954596284,0.740864963445933,0.7974460365572456,0.8464971934599093,0.6595724305628856,0.7114087093494552,0.8032354717985855,0.6553861850083322,0.5090590865287261,0.6064322561223294,0.8855240495662366,0.8983334722464789,0.5940765202443496,0.8939203892829064,0.7520473118791515,0.7874226345777764,0.734379688153882,0.8286027203413959,0.876124019029473,0.6737095975046774,0.35592264733138856,0.8127250724322961,0.791746159428627,0.7786536334034326,0.6395323976910197,0.6794904879936596,0.6371113925124301,0.8567883829449006,0.7599737621214864,0.8587394986491552,0.7069069551058043,0.7286874569607535,0.7637796763144262,0.8691040435747954,0.8232268966542331,0.7298779339102306,0.8850627168284841,0.8976614927875555,0.7805638109954085,0.6165452162145204,0.8883501335308703,0.7406705313810598,0.7672043842973348
0.0,0.0,0.0,0.0,0.0,0.0,0.0,0.0,0.0,0.0,0.0,0.0,0.0,0.0,0.0,0.0,0.0,0.0,0.0,0.0,0.0,0.0,0.0,0.0,0.0,0.0,0.0,0.0,0.0,0.0,0.0,0.0,0.0,0.0,0.0,0.0,0.0,0.0,0.0,0.0,0.0,0.0,0.0,0.0,0.0,0.0,0.0,0.0,0.0,0.0,0.0,0.0,0.0,0.0,0.0,0.0,0.0,0.0,0.0,0.0,0.0,0.0,0.0,0.0,0.0,0.0,0.0,0.0,0.0
0.0,0.0,0.0,0.0,0.0015221883106475431,0.0,0.0,0.0,0.0,0.0,0.0,0.0,0.0,0.0,0.0,0.0,0.0,0.0,0.0,0.0,0.0,0.004072814865819119,0.0,0.0,0.0,0.0007367901472141725,0.0,0.0,0.0,0.0,0.0,0.0,0.0,0.0011742622931789626,0.002882349900566794,0.0,0.0,0.0,0.0,0.0,0.0,0.0,0.0,0.0,0.0,0.0,0.0,0.0,0.0,0.0,0.0,0.0,0.0,0.0,0.0,0.0,0.0,0.0,0.0,0.0,0.0,0.0,0.0,0.0,0.0,0.001538390982720017,0.0,0.0027774759484158196,0.0
-0.16192164304375378,-0.16714398476254733,-0.1557842817849462,-0.1291131495723743,-0.0004937500661226224,-0.07167332285697992,-0.05800604538952303,-0.1512091840848706,-0.1285298533777537,-0.008850014534707462,-0.0061373612588084825,-0.07302582652718481,-0.05411145991650468,-0.0978831223317993,-0.144302627334703,-0.159435827176873,-0.12824673804857678,-0.0993242972820827,-0.0754630343778473,-0.20564469744283098,-0.17307924405254216,0.0,-0.0034980514393323503,-0.06219227895985213,-0.15911177373541818,-0.0003564587856015322,-0.07207840164302404,-0.08947823786277098,-0.15226148292118324,-0.1472983959397789,-0.0018624444241757132,-0.11781738243464623,-0.0026316399155357217,-0.0008016008355058446,0.0,-0.0630910958277946,-0.07025689533112711,-0.07023214790669652,-0.049957631690321413,-0.027683367785024338,-0.09552692784150096,-0.10712200099625324,-0.06794077608891325,-0.061625185437304886,-0.10895970998022353,-0.06284805574670305,-0.04774726124867801,-0.1225545188396735,-0.07567366911479301,-0.06712297258133493,-0.054241081293086246,-0.002785133868130174,-0.001684215031374947,-0.0512043625915064,-0.026654929540499417,-0.003424695998683447,-0.027853052425466096,-0.032476770125985155,-0.0829767598986475,-0.06387649399122708,-0.029958548914958527,-0.06850786961146049,-0.09647435272566085,-0.10342951749204765,-0.045310053398015526,-1.6202672072473945e-05,-0.050402761756001446,0.0,-0.06712297258133493
0.0020568764890489533,0.00411376496232263,0.003935535569522308,0.00048609214640782383,0.002056888473273677,0.002218915194001525,0.0035552042079087798,0.006769277453870792,0.009562944090134362,0.008372479124882037,0.011676098499341592,0.008251390516432977,0.00048608016218310013,0.008056958451559737,0.004591312356372779,0.0065748334047728285,0.007700499665958649,0.0,0.0036276728159143623,0.002591576651675087,0.004413070979347289,0.005004037077906975,0.003692495488430758,0.004413082963572457,0.00100457765273676,0.00048609214640782383,0.0018223811603150786,0.0,0.004542704340154469,0.00598387929043831,0.0018300390800298771,0.0011256542769610967,0.002121699161564905,0.007813918370468187,0.006801682798016628,0.004396868307274815,0.008583113861828195,0.0005022948184807419,0.0002677875055221435,0.00923889064867911,0.007141938911544798,0.005198481127005383,0.0,0.0035952674717689703,0.0,0.0,0.0012714783256160267,0.006996114862889868,0.0031987454223076917,0.008340073780736645,0.0,0.008340073780736645,0.007911134402904807,0.0004698774901101821,0.007749107682176959,0.0,0.007554675617303719,0.011481666434468352,0.0,0.004413070979347289,0.0,0.0034093801592538497,0.0036114701438418884,0.002413347258874765,0.0,0.005198481127005383,0.005635953272970173,2.4747424430593412e-05,0.011708503843486984
0.0,-0.0025096764586685083,-0.0010923740843975516,-0.0025258791307414263,-0.0008092587552206432,-0.003408493326610973,0.0,0.0,0.0,0.0,0.0,0.0,-0.00029931800124982644,0.0,0.0,-0.0010847041804575852,0.0,-0.0028089944599183347,-0.003262669277956043,0.0,0.0,0.0,0.0,0.0,-0.0018701143281156796,-0.0023800550820864963,-0.001181932197119373,-0.002655512491548606,-0.0005585607544142945,0.0,-0.001084716164682753,-0.0008254614272935612,-0.00029930601702510273,0.0,0.0,0.0,0.0,-0.0026555005073234383,-0.001084716164682753,0.0,0.0,0.0,-0.0013840221817074116,0.0,-0.002785133868130618,-0.004089017537892037,0.0,0.0,0.0,0.0,-0.0023399918182258617,0.0,0.0,-0.0034409106549810886,0.0,-0.003440898670756365,0.0,0.0,-0.006582503308712795,0.0,-0.0042262968341892915,0.0,0.0,-0.00023449532873387469,-0.0034409106549810886,0.0,0.0,-0.003311277294174353,0.0
0.03747821221802505,0.05549001009860177,0.04995030692979219,0.03073843752933314,0.01781918102631108,0.043676549212873006,0.006443454341579002,0.0,0.027768574024948034,0.0,0.0,0.0,0.0,0.014166465974198683,0.020906240662890596,0.05203527444192568,0.0,0.030300703328336898,0.05142784361626962,0.020285317197887842,0.02030417237840565,0.0,0.0,0.0,0.02706280224761537,0.023372376834467357,0.0008283304506981892,0.027885763765555627,0.008358725229052677,0.004103941892455332,0.01638341974995683,0.025942216498891835,0.027627160171064702,0.0013509129640243422,0.0,0.0,0.01571535833365978,0.04211822287156686,0.0,0.01201549893866627,0.0,0.00554913075906871,0.014223031515752105,0.0,0.030102723932900588,0.009958814197309263,0.0,0.0,0.025796737595920938,0.001924692086146429,0.006928326493869541,0.0,0.0,0.0,0.005709399793469405,0.025255299902076978,0.006443454341579002,0.0,0.0399726311603783,0.014232459106010786,0.043050263206699135,0.00034345829840765063,0.009643645061264916,0.03532725157407901,0.013775869724496737,0.002616977615718774,0.009285390239841096,0.03481409665101198,0.0
0.0,0.0,0.0,0.0,0.0,0.0,-0.0037322008232711923,-0.029806403585787233,-0.008217311375169345,-0.014825099800237052,-0.015526806528481707,-0.03065358921700323,-0.007351270563435985,-0.016698595277587547,-0.013870145627085773,0.0,-0.0302859131969071,0.0,0.0,-0.01197779496921747,-0.0070832329870991195,-0.005454854856479674,-0.007615243090684398,-0.008264449326463641,-0.0012189267004001358,0.0,-0.007007812265028335,0.0,-0.020153330934263636,-0.019423341435242047,0.0,-0.002409570630023339,0.0,-0.004390834649309561,-0.01582312687559506,-0.02313262842049424,-0.007586960319907909,0.0,-0.003190763129427232,-0.00238128785924685,-0.030817923300491934,-0.017668339582169068,0.0,-0.019927068768050393,0.0,0.0,-0.0003717410691841394,-0.030234710196524794,0.0,-0.01547024098692873,0.0,-0.01684000913147088,-0.014434503550535105,-0.0037699111843068067,-0.00383590431611891,0.0,-0.005530275578550459,-0.028864942051982645,0.0,0.0,0.0,-0.01147406763640868,-0.005351151363631956,0.0,0.0,-0.0033038942125336312,-0.008998503874573238,0.0,-0.02922725553090766
0.0013901700890210922,0.0,0.0,0.0,0.0,0.0,0.004721784612709223,0.025502430598591808,0.00913197937787924,0.014860438882638105,0.014381069886423958,0.02650910549064145,0.008700547281286442,0.016250608971659197,0.013206615845699377,0.0,0.02662894773969504,0.0,0.0,0.01239168855213535,0.008293083634504539,0.008101336036018925,0.008748484180908012,0.008532768132611501,0.0036192359214166636,0.0,0.008412925883558131,0.0,0.017784589759544334,0.01682585176711604,0.0,0.0048176584119521415,0.0,0.005752427954569539,0.0153877447784736,0.020301276989668438,0.009012137128825648,0.0,0.004601942363655631,0.004314320965927321,0.026748789988748634,0.01682585176711604,0.0,0.01804824270746197,0.0,0.0,0.003211772274634761,0.026365294791777183,0.0,0.014596785934720247,0.0,0.01605886137317336,0.01416535383812767,0.005153216709302022,0.0061359231515409896,0.0,0.007550061690372534,0.024639566405406432,0.0,0.001917475984856587,0.0,0.011912319555921203,0.006902913545483447,0.0,0.0,0.0054408381070305545,0.010114685820118208,0.0,0.024927187803134743
-0.02375273376241016,-0.040986049176308104,-0.037055223407352234,-0.026053704944237976,-0.008364988983936561,-0.02380067066203151,-0.0006950850445104351,0.0,-0.012439625451756697,0.0,0.0,0.0,0.0,0.0,-0.00925182162693261,-0.036623791310759435,0.0,-0.022554311271874683,-0.0307754895569472,-0.014932344232070127,-0.01301486824721354,0.0,0.0,0.0,-0.019222696748186552,-0.013829795540777567,0.0,-0.019893813342886313,-0.005177185159112474,-0.003259709174256109,-0.006519418348512218,-0.013997574689452508,-0.016202672072037627,0.0,0.0,0.0,-0.0042184471666841805,-0.024184165859002738,0.0,-0.000647148144889087,0.0,0.0,-0.008772452630718464,0.0,-0.018743327751972405,-0.006519418348512218,0.0,0.0,-0.014309164536991714,0.0,-0.003978762668577218,0.0,0.0,0.0,0.0,-0.011768508857056936,0.0,0.0,-0.02552639904840248,-0.006231796950783686,-0.023345270115628036,0.0,-0.0034754252225523974,-0.020852551335314606,-0.008700547281286442,0.0,0.0,-0.020397150788911134,0.0
0.07531161768748484,0.07984922873184863,0.07750971628272518,0.07225971177729429,0.0,0.020433352735505395,0.0242598294613654,0.07847946058730648,0.05611604683289739,0.0,0.0,0.042826551283545955,0.03603557998605833,0.04196587940456986,0.07194860129875136,0.07265030802699624,0.06459733073531537,0.05309904537721777,0.023229454566142893,0.10745066276678328,0.08689475135791236,0.0,0.0,0.034158019459619826,0.08259283007002072,0.0,0.04019608742006686,0.04784622857367582,0.0823989093320856,0.08012669389844396,0.0,0.05326337306911988,0.0,0.0,0.0,0.041118693773353865,0.03165417292700767,0.028961774589217892,0.03375262668690149,0.007492684417319095,0.05554632636827672,0.053842521123999454,0.03823367858129867,0.0386337024212593,0.05376304174442703,0.039198060344709074,0.032063624357227205,0.0619237875780434,0.03304686130115542,0.03474123256358719,0.034444912216474055,0.0,0.0,0.0328677306946501,0.009073924596644245,0.0,0.008758749069013527,0.018033209695740737,0.03820539581052196,0.03265626505145347,0.007605815500425495,0.03700532429063963,0.05135753616349148,0.04965373091921421,0.027361679229374714,0.0,0.023554057684032514,0.0,0.03758853739460699
0.0,-0.0005131549230672494,0.0,0.0,-0.021355959088792398,-0.011907736788317358,0.0,0.0,-0.004626524405781485,-0.010613389365846215,-0.013879573217344454,0.0,0.0,-0.005520847988291777,0.0,-0.007224646840982674,0.0,0.0,-0.01495708606386148,0.0,0.0,-0.023182316614848375,-0.016260861076591304,0.0,0.0,-0.019687313962490682,0.0,0.0,0.0,0.0,-0.01724003297143173,0.0,-0.01682115395095307,-0.01965903119171397,-0.02230684821285589,0.0,-0.004160507434008531,-0.010919137303218251,0.0,-0.01251923266306143,0.0,0.0,0.0,0.0,0.0,0.0,0.0,0.0,0.0,0.0,0.0,-0.015432530625893337,-0.019240152171235536,0.0,-0.00812839801375187,-0.016811726360694168,-0.00833987004853487,0.0,0.0,0.0,-0.01692485744380079,0.0,0.0,0.0,0.0,-0.02002390130528564,-0.0021603882342047243,-0.023116323483036272,0.0
4.180000305175781,20.26999855041504,9.19999885559082,0.0,34.900001764297485,33.92999982833862,1.4599990844726562,5.880001068115234,27.189998626708984,36.26999855041504,37.67999875545502,0.0,0.0,31.749998092651367,1.0,24.999999046325684,5.090000152587891,0.0,27.790000915527344,0.0,3.1100006103515625,34.87999963760376,34.280001163482666,7.270000457763672,6.979999542236328,27.57999897003174,0.0,0.0,1.8600006103515625,0.8400001525878906,31.960001945495605,5.649997711181641,31.500000953674316,35.13000154495239,43.61000108718872,0.0,26.530001640319824,28.72000026702881,0.0,30.559999465942383,0.0,12.25,0.0,0.0,6.969997406005859,0.0,0.0,7.8000030517578125,12.65999984741211,10.399999618530273,0.0,32.69999885559082,41.030001163482666,0.0,28.490001678466797,31.929999828338623,29.630001068115234,12.899999618530273,2.7399978637695312,3.6800003051757812,31.36999797821045,0.0,0.0,14.240001678466797,0.0,38.25000059604645,22.560001373291016,33.269999980926514,2.7900009155273438
-31.869998931884766,-26.020000457763672,-30.770004272460938,-31.639999389648438,-1.2899971008300781,-29.459999084472656,-35.81999588012695,-36.839996337890625,-34.279998779296875,0.0,-3.0600013732910156,-30.26000213623047,-29.939998626708984,-25.800003051757812,-35.33000183105469,-30.380001068115234,-35.619998931884766,-32.29999923706055,-23.77999496459961,-35.7400016784668,-33.070003509521484,-1.279998779296875,-4.539997100830078,-28.490001678466797,-32.30999755859375,-3.3700027465820312,-30.560001373291016,-28.519996643066406,-39.62000274658203,-30.31999969482422,-0.4699974060058594,-35.709999084472656,-1.7199974060058594,-1.7299995422363281,-0.2999992370605469,-28.18000030517578,-26.51000213623047,-21.579998016357422,-27.45000457763672,-27.109996795654297,-34.44999694824219,-38.400001525878906,-30.68000030517578,-33.78999710083008,-37.26000213623047,-31.139995574951172,-28.900001525878906,-29.21999740600586,-39.19999694824219,-33.56999969482422,-28.369998931884766,0.0,-1.1800003051757812,-33.06999588012695,-19.98999786376953,0.0,-24.76000213623047,-23.98999786376953,-34.650001525878906,-43.86000061035156,-19.60000228881836,-35.4900016784668,-35.130001068115234,-30.069995880126953,-26.970001220703125,0.0,-29.789997100830078,-4.4199981689453125,-34.87999725341797
17.529998779296875,23.030006408691406,7.540000915527344,12.8800048828125,12.450004577636719,22.43000030517578,20.480003356933594,20.050003051757812,13.610000610351562,9.959999084472656,13.629997253417969,0.09000396728515625,0.0,11.180000305175781,14.129997253417969,23.480003356933594,19.090003967285156,6.5500030517578125,15.980003356933594,15.010002136230469,19.220001220703125,9.470001220703125,8.989997863769531,7.410003662109375,17.050003051757812,10.790000915527344,15.270004272460938,5.129997253417969,2.5900039672851562,13.239997863769531,9.1199951171875,20.009994506835938,7.799995422363281,8.400001525878906,13.650001525878906,1.2299957275390625,9.350006103515625,6.349998474121094,2.6800003051757812,9.590003967285156,4.6399993896484375,17.5,0.1699981689453125,2.6999969482421875,15.709999084472656,0.0,0.100006103515625,5.540000915527344,18.80999755859375,3.0,0.26999664306640625,6.910003662109375,6.2299957275390625,3.660003662109375,6.209999084472656,7.290000915527344,6.5800018310546875,4.540000915527344,10.300003051757812,5.989997863769531,7.75,9.860000610351562,12.670005798339844,8.519996643066406,0.0,7.319999694824219,8.319999694824219,6.939994812011719,5.9199981689453125
-13.110008239746094,-9.449989318847656,-22.89000701904297,-16.540000915527344,-1.1299972534179688,-0.5200042724609375,0.0,-10.289993286132812,-15.640007019042969,-1.69000244140625,0.0,-12.419998168945312,-11.319999694824219,-7.569999694824219,-5.150001525878906,-4.180000305175781,-18.610000610351562,-10.220001220703125,-11.67999267578125,-13.169998168945312,-8.019996643066406,-3.4199981689453125,-1.8700027465820312,-17.51000213623047,-2.30999755859375,0.0,-9.210006713867188,-17.780006408691406,-21.819992065429688,-10.790000915527344,0.0,-13.550003051757812,-3.19000244140625,0.0,0.0,-7.510009765625,-19.319992065429688,-18.840003967285156,-6.430000305175781,-23.12999725341797,-14.25,-13.410003662109375,-10.749992370605469,-5.1399993896484375,-3.1100006103515625,-6.839996337890625,-9.739990234375,-18.1199951171875,-7.05999755859375,-29.459999084472656,-6.920005798339844,-2.7299957275390625,-1.470001220703125,-11.560005187988281,-28.460006713867188,-2.1300048828125,-24.43999481201172,-21.74999237060547,-17.899993896484375,-26.979995727539062,-18.030006408691406,-15.040008544921875,-17.330001831054688,-10.689994812011719,-8.57000732421875,-2.7700042724609375,-28.470008850097656,-3.7800064086914062,-17.400001525878906
5.1100006103515625,9.410003662109375,10.720001220703125,8.069999694824219,8.080001831054688,10.220001220703125,8.970001220703125,13.010002136230469,11.05999755859375,8.629997253417969,9.5,8.290000915527344,4.05999755859375,8.279998779296875,9.089996337890625,10.94000244140625,9.099998474121094,9.920005798339844,8.480003356933594,6.930000305175781,7.970001220703125,9.779998779296875,10.599998474121094,7.189994812011719,6.569999694824219,7.730003356933594,8.779998779296875,7.7899932861328125,7.2599945068359375,6.6699981689453125,9.139999389648438,8.75,7.80999755859375,10.080001831054688,10.550003051757812,1.75,6.569999694824219,7.599998474121094,1.3199996948242188,9.409996032714844,8.889999389648438,9.55999755859375,6.620002746582031,3.8400039672851562,8.0,0.7700042724609375,2.220001220703125,8.529998779296875,8.839996337890625,8.080001831054688,2.1699981689453125,8.44000244140625,10.989997863769531,2.9500045776367188,8.0,8.420005798339844,7.9199981689453125,7.900001525878906,6.299995422363281,7.279998779296875,8.019996643066406,5.3000030517578125,9.050003051757812,10.349998474121094,3.5100021362304688,9.029998779296875,9.1300048828125,9.330001831054688,10.069999694824219
-4.810005187988281,0.0,0.0,0.0,0.0,0.0,0.0,0.0,0.0,0.0,0.0,0.0,-0.6800003051757812,0.0,0.0,0.0,0.0,0.0,0.0,-0.6500015258789062,0.0,0.0,0.0,0.0,0.0,0.0,-0.18000030517578125,0.0,0.0,0.0,0.0,0.0,0.0,0.0,0.0,-1.2299957275390625,0.0,0.0,-1.8800048828125,0.0,0.0,0.0,0.0,-1.1999969482421875,0.0,-3.0500030517578125,-1.779998779296875,-0.09999847412109375,0.0,0.0,-1.8700027465820312,0.0,0.0,-0.5199966430664062,0.0,0.0,0.0,0.0,0.0,-1.5800018310546875,0.0,-0.5499954223632812,-0.5499954223632812,-2.8700027465820312,-0.7699966430664062,0.0,0.0,0.0,0.0
0.8289999961853027,1.1350000277161598,2.881000092253089,1.885000005364418,1.0340000092983246,1.1710000224411488,0.0,0.0,1.1740000089630485,0.9000000059604645,0.9809999987483025,0.7069999873638153,0.056000009179115295,0.9839999973773956,0.33299999311566353,0.40700000524520874,0.9130000285804272,1.0960000306367874,0.9519999772310257,0.29600000381469727,0.0,0.9469999670982361,1.1279999613761902,1.5509999617934227,0.0,0.9089999943971634,0.38999998942017555,1.1040000170469284,1.8819999806582928,0.2880000025033951,1.3720000386238098,1.321000011637807,0.973999984562397,0.9110000059008598,1.2330000549554825,0.17499999701976776,2.2969999611377716,1.677000056952238,0.02500000037252903,2.3509999811649323,0.8359999936074018,0.6579999923706055,0.2889999970793724,0.0,0.0,0.0,0.10499999672174454,2.1880000680685043,0.18400000035762787,4.238000072538853,0.1640000008046627,1.1780000403523445,1.1490000560879707,0.6719999760389328,4.142999961972237,1.2209999412298203,2.9579999446868896,2.4979999661445618,1.8429999947547913,2.6570000536739826,2.34400000423193,1.3110000472515821,0.9009999781847,0.5260000019334257,0.005000000819563866,1.230000026524067,3.533000037074089,1.2089999839663506,1.585000030696392
-3.703999936580658,-3.5880000218749046,-3.0849999878555536,-3.5570000261068344,0.0,-3.7229999117553234,-2.964000068604946,-3.263000003993511,-3.399999991990626,-0.056999996304512024,-0.08899999782443047,-0.7000000178813934,-1.040999948978424,-1.8630000054836273,-3.1749999932944775,-4.086000055074692,-3.120999950915575,-1.7029999941587448,-3.2870000451803207,-3.5309999585151672,-3.0500001162290573,-0.04800000786781311,-0.07500000298023224,-0.3669999912381172,-3.3430000841617584,0.0,-3.2360001169145107,-1.810000017285347,-1.4300000555813313,-2.5609999001026154,0.0,-3.7969998996704817,-0.015999995172023773,-0.1639999970793724,-0.19999999552965164,-0.48499999940395355,-0.3499999940395355,-1.0479999668896198,-0.6869999766349792,-0.2279999852180481,-1.6389999706298113,-3.4580000936985016,-0.6929999813437462,-1.4869999438524246,-3.5399998873472214,-1.2349999621510506,-0.5920000076293945,-1.1580000072717667,-2.3510001078248024,-0.03500000014901161,-1.0880000367760658,0.0,-0.12000000476837158,-0.8430000096559525,0.0,0.0,0.0,-0.057999998331069946,-2.068999946117401,-0.7789999954402447,0.0,-1.7939999718219042,-2.905999943614006,-1.7940000505186617,-1.147000040858984,0.0,-0.033000003546476364,-0.04599999636411667,-1.3949999883770943
0.4650000035762787,2.6740000247955322,1.0,0.0,5.00599992275238,4.194999933242798,1.4490000307559967,0.6149999499320984,4.002999842166901,4.222999930381775,4.964999794960022,0.0,0.0,4.029000103473663,0.36299997568130493,3.518999993801117,1.4079999327659607,0.0,3.6179998219013214,0.0,1.4700000286102295,4.882999956607819,4.478999942541122,0.8300000131130219,1.237999975681305,4.268000215291977,0.0,0.0,0.5499999821186066,0.0,4.327999874949455,1.2709999978542328,4.179000109434128,4.47299998998642,5.464000016450882,0.0,3.7460001707077026,3.6460000574588776,0.0,4.124999910593033,0.0,1.178000032901764,0.0,0.0,1.3159999549388885,0.0,0.0,0.9169999659061432,3.1269999146461487,1.0789999663829803,0.0,4.087000101804733,4.995000094175339,0.0,3.446000099182129,4.272000014781952,3.8270001113414764,1.2070000171661377,0.44099998474121094,0.20500001311302185,3.9579998552799225,0.0,0.0,1.5009999573230743,0.0,4.593999981880188,3.2770000398159027,4.442999869585037,0.164000004529953
-3.854999989271164,-3.760999917984009,-4.399999976158142,-3.701000064611435,-0.018999993801116943,-3.1710000038146973,-4.392000049352646,-4.79999977350235,-3.9790000319480896,-0.06300002336502075,-0.5439999997615814,-3.7929999828338623,-3.707000106573105,-3.6690000891685486,-3.4990000128746033,-2.909999907016754,-3.858000099658966,-4.175000101327896,-4.18000003695488,-4.445000112056732,-4.445999979972839,0.0,-0.2669999897480011,-4.490000158548355,-3.5100000500679016,-0.3049999959766865,-4.023000061511993,-3.867000102996826,-4.306000083684921,-3.6879999935626984,0.0,-4.4300000965595245,-0.5530000180006027,-0.35599999874830246,0.0,-3.65299990773201,-4.525000214576721,-3.9859999120235443,-3.6779999434947968,-4.4649997651577,-4.898999899625778,-5.43699985742569,-4.232999950647354,-3.5479998886585236,-4.551000028848648,-3.9049998819828033,-3.4459999203681946,-4.378999799489975,-4.663999974727631,-5.237999826669693,-3.5320000648498535,0.0,-0.015000015497207642,-4.438999891281128,-4.115999937057495,0.0,-4.125000029802322,-4.209000110626221,-4.725000023841858,-7.115999788045883,-3.9340001046657562,-5.1890000104904175,-5.1840000450611115,-4.640000075101852,-3.6200000941753387,0.0,-4.977000147104263,-0.38099999725818634,-4.963999897241592
0.011999964714050293,0.006000041961669922,0.0,0.0,0.0,0.09000003337860107,0.0,0.006000041961669922,0.0,0.0,0.0,0.0,0.0,0.156000018119812,0.004999995231628418,0.0,0.0,0.0,0.0,0.0,0.0,0.0,0.0,0.0,0.0,0.0,0.01900005340576172,0.0,0.0,0.0,0.0,0.0,0.0,0.0,0.0,0.0,0.0,0.0,0.0,0.0,0.018999934196472168,0.003000020980834961,0.0,0.0,0.08700001239776611,0.0,0.0,0.01900005340576172,0.004999995231628418,0.0,0.0,0.0,0.0,0.0,0.0,0.0,0.0,0.0,0.0,0.0,0.0,0.0,0.0,0.04100000858306885,0.0,0.0,0.0,0.0,0.0
-0.3689999580383301,-0.41799992322921753,-0.356999933719635,-0.4720000624656677,-0.7919999957084656,-0.5729999542236328,-0.35700005292892456,-0.37800002098083496,-0.574999988079071,-0.5970000624656677,-0.8080000579357147,-0.4500000476837158,-0.5300000309944153,-0.6140000224113464,-0.4150000214576721,-0.5390000343322754,-0.4110000729560852,-0.4760000705718994,-0.6289999485015869,-0.5450000166893005,-0.45600003004074097,-0.7870000302791595,-0.6990000605583191,-0.3700000047683716,-0.4580000042915344,-0.6489999294281006,-0.4229999780654907,-0.4909999966621399,-0.5010000467300415,-0.4119999408721924,-0.652999997138977,-0.3579999804496765,-0.6529999375343323,-0.7839999794960022,-0.9100000560283661,-0.43299996852874756,-0.5700000524520874,-0.6149999499320984,-0.4450000524520874,-0.6739999651908875,-0.4830000400543213,-0.403999924659729,-0.4639999270439148,-0.5329999923706055,-0.3880000114440918,-0.5169999599456787,-0.42900002002716064,-0.3309999704360962,-0.5240000486373901,-0.42799997329711914,-0.42000001668930054,-0.6579999327659607,-0.9410000443458557,-0.5320000052452087,-0.6189999580383301,-0.7099999785423279,-0.5849999785423279,-0.39500004053115845,-0.38999998569488525,-0.3769999146461487,-0.6930000185966492,-0.34200000762939453,-0.4880000352859497,-0.4190000295639038,-0.39399993419647217,-0.7990000247955322,-0.5280000567436218,-0.8160000443458557,-0.3330000638961792
0.1281,0.08099999999999999,0.0996,0.15,0.1488,0.10799999999999998,0.0894,0.08819999999999999,0.10949999999999999,0.13169999999999998,0.20729999999999998,0.0363,0.0438,0.07709999999999999,0.1113,0.07379999999999999,0.09119999999999999,0.0711,0.14429999999999998,0.1707,0.12119999999999999,0.18209999999999998,0.16829999999999998,0.039,0.1722,0.1347,0.10559999999999999,0.08189999999999999,0.05399999999999999,0.14279999999999998,0.18749999999999997,0.054599999999999996,0.15569999999999998,0.1614,0.5993999999999999,0.0327,0.1296,0.1263,0.0207,0.1425,0.023999999999999997,0.06749999999999999,0.0573,0.09359999999999999,0.105,0.0663,0.04769999999999999,0.048299999999999996,0.060899999999999996,0.060599999999999994,0.07139999999999999,0.17939999999999998,0.39569999999999994,0.0804,0.11399999999999999,0.11009999999999999,0.13649999999999998,0.0435,0.0639,0.059699999999999996,0.1329,0.0561,0.09509999999999999,0.05909999999999999,0.06689999999999999,0.1545,0.1089,0.1914,0.0237
-0.18089999999999998,-0.12689999999999999,-0.0909,-0.10379999999999999,-0.08399999999999999,-0.1074,-0.060599999999999994,-0.41759999999999997,-0.20579999999999998,-0.08159999999999999,-0.16949999999999998,-0.15269999999999997,-0.15689999999999998,-0.32399999999999995,-0.13049999999999998,-0.44039999999999996,-0.31889999999999996,-0.18419999999999997,-0.19619999999999999,-0.1815,-0.1626,-0.36869999999999997,-0.0315,-0.0768,-0.09989999999999999,-0.23099999999999998,-0.10949999999999999,-0.23009999999999997,-0.09179999999999999,-0.11729999999999999,-0.4251,-0.07709999999999999,-0.38699999999999996,-0.0255,-0.1083,-0.09419999999999999,-0.41579999999999995,-0.08819999999999999,-0.07319999999999999,-0.35969999999999996,-0.43739999999999996,-0.15569999999999998,-0.3207,-0.13049999999999998,-0.27299999999999996,-0.1419,-0.0435,-0.3489,-0.1863,-0.0474,-0.47969999999999996,-0.2883,-0.10079999999999999,-0.0744,-0.23159999999999997,-0.09209999999999999,-0.028199999999999996,-0.1689,-0.1209,-0.031799999999999995,-0.43799999999999994,-0.054599999999999996,-0.1266,-0.17639999999999997,-0.207,-0.18569999999999998,-0.047099999999999996,-0.17759999999999998,-0.4311
0.19049999999999997,0.12149999999999998,0.1362,0.20729999999999998,0.058199999999999995,0.08879999999999999,0.1536,0.09989999999999999,0.12539999999999998,0.1551,0.2304,0.09659999999999999,0.0765,0.17309999999999998,0.11279999999999998,0.0807,0.11159999999999999,0.12029999999999999,0.1011,0.1926,0.237,0.062099999999999995,0.1011,0.1347,0.1251,0.0435,0.1752,0.11309999999999999,0.12119999999999999,0.1389,0.11969999999999999,0.11939999999999999,0.0948,0.10139999999999999,0.0561,0.11699999999999999,0.1293,0.11039999999999998,0.14639999999999997,0.1377,0.1671,0.072,0.12,0.18119999999999997,0.17639999999999997,0.21569999999999998,0.0933,0.08729999999999999,0.07379999999999999,0.17969999999999997,0.14129999999999998,0.15569999999999998,0.14129999999999998,0.1536,0.12569999999999998,0.10169999999999998,0.17789999999999997,0.15209999999999999,0.1434,0.12449999999999999,0.1704,0.1425,0.12329999999999999,0.0894,0.1707,0.1176,0.1467,0.04409999999999999,0.1551
-0.059699999999999996,-0.1581,-0.0255,-0.0537,-0.16049999999999998,-0.044399999999999995,-0.0624,-0.41129999999999994,-0.1356,-0.20909999999999998,-0.1941,-0.0537,-0.19349999999999998,-0.42689999999999995,-0.0447,-0.21449999999999997,-0.22949999999999998,-0.19019999999999998,-0.08009999999999999,-0.04649999999999999,-0.0741,-0.4563,-0.1035,-0.0225,-0.0909,-0.4629,-0.11969999999999999,-0.16979999999999998,-0.08819999999999999,-0.0219,-0.48449999999999993,-0.07559999999999999,-0.47159999999999996,-0.18569999999999998,-0.3156,-0.0294,-0.30029999999999996,-0.26999999999999996,-0.09989999999999999,-0.5484,-0.25529999999999997,-0.05399999999999999,-0.20159999999999997,-0.2085,-0.2637,-0.26699999999999996,-0.017699999999999997,-0.37889999999999996,-0.12719999999999998,-0.17009999999999997,-0.5928,-0.4125,-0.28919999999999996,-0.026099999999999998,-0.30419999999999997,-0.2241,-0.0489,-0.19499999999999998,-0.22769999999999999,-0.072,-0.48179999999999995,-0.0411,-0.0654,-0.2703,-0.357,-0.2823,-0.051,-0.4392,-0.2718
30.0,18.0,17.0,32.0,32.0,32.0,32.0,25.0,32.0,32.0,32.0,32.0,32.0,32.0,18.0,18.0,16.0,32.0,32.0,26.0,27.0,32.0,32.0,32.0,18.0,32.0,32.0,32.0,23.0,32.0,32.0,32.0,32.0,32.0,32.0,32.0,32.0,32.0,32.0,32.0,32.0,32.0,32.0,32.0,32.0,32.0,32.0,32.0,32.0,32.0,32.0,32.0,32.0,32.0,32.0,32.0,32.0,32.0,32.0,32.0,32.0,32.0,32.0,32.0,32.0,32.0,32.0,32.0,32.0
15.0,15.0,15.0,15.0,3.0,15.0,15.0,15.0,15.0,3.0,3.0,15.0,3.0,15.0,15.0,15.0,15.0,15.0,15.0,15.0,15.0,3.0,3.0,15.0,15.0,3.0,14.0,15.0,15.0,15.0,3.0,15.0,3.0,3.0,3.0,3.0,15.0,15.0,3.0,15.0,15.0,15.0,15.0,3.0,15.0,3.0,3.0,15.0,15.0,15.0,3.0,3.0,3.0,5.0,15.0,3.0,15.0,15.0,15.0,11.0,15.0,15.0,15.0,15.0,3.0,3.0,15.0,3.0,15.0
0.0,0.0,0.0,0.0,0.0,0.0,0.0,0.0,0.0,1.0,0.0,0.0,0.0,0.0,0.0,0.0,0.0,0.0,0.0,0.0,0.0,1.0,1.0,0.0,0.0,1.0,0.0,0.0,0.0,0.0,1.0,0.0,1.0,1.0,1.0,0.0,0.0,0.0,0.0,0.0,0.0,0.0,0.0,0.0,0.0,0.0,0.0,0.0,0.0,0.0,0.0,1.0,0.0,0.0,0.0,1.0,0.0,0.0,0.0,0.0,0.0,0.0,0.0,0.0,0.0,1.0,0.0,0.0,0.0
0.0,0.0012218874635792493,0.0,0.0,0.0073123100400501045,0.00430079737569708,0.0,0.0,0.0031875521848617333,0.005024962301847319,0.006085873382844165,0.0,0.0,0.0038746413206679625,0.0,0.0032552260785410625,0.0,0.0,0.004942542389529819,0.0,0.0,0.008532949526637718,0.006476738411718225,0.0,0.0,0.006465359343685181,0.0,0.0,0.0,0.0,0.006019024081751118,0.0,0.005510418523554064,0.007402928018529917,0.008701731682069211,0.0,0.0030045532207446934,0.0039788881999850145,0.0,0.005131240527798675,0.0,0.0,0.0,0.0,0.0,0.0,0.0,0.0,0.0,0.0,0.0,0.006505632651587337,0.007730704635839122,0.0,0.003939153715838958,0.005718648629002579,0.004011102082775872,0.0005902578214327658,0.0,0.0,0.005517137085402718,0.0,0.0,0.0006300474072415269,0.0,0.007456068507126712,0.0025354887626143213,0.007260091591837825,0.0
-0.014179900637521517,-0.015322564671268454,-0.015457109495368757,-0.015828173420712466,0.0,-0.002712969205434193,-0.004710511893442987,-0.016146379494513807,-0.010115835344789395,0.0,0.0,-0.009345839571963416,-0.008657713523982882,-0.007409814166859693,-0.01440971160536865,-0.013494995935118034,-0.012996643377546468,-0.011573314113466293,-0.0033426678309583513,-0.021856198982994443,-0.017325604888589155,0.0,0.0,-0.007352961530244728,-0.016947214097830093,0.0,-0.008860438894515266,-0.010464877826711683,-0.01746430927160457,-0.017061822236503835,0.0,-0.010486637057230505,0.0,0.0,0.0,-0.009503246818752545,-0.006000146892573471,-0.005561222434478583,-0.008194231761139384,-0.0006337072104011798,-0.012333354528949514,-0.010916439800317035,-0.008621612717188643,-0.00879289554024093,-0.010960393697078005,-0.009345283948976019,-0.007820760522945766,-0.01247121376958632,-0.006538098067140646,-0.0071573704715078845,-0.008314788152226929,0.0,0.0,-0.007806822312229761,-0.0012043500726134637,0.0,-0.0009630450683850433,-0.003367237002145529,-0.007766698381638806,-0.006907078944317441,-0.0013875046846083816,-0.0078768719664222,-0.010917466441902154,-0.010007340621253913,-0.0066163229426722675,0.0,-0.0045601100427346,0.0,-0.007894344613474047
0.0,0.0,0.0,0.0,0.0,0.0,0.0008859566089525206,0.010621962415973518,0.004226741722569594,0.007478001028366543,0.008112082378200491,0.010540666195122061,0.00022170157854306538,0.007783257319351811,0.0050487094729523285,0.0,0.011546597610460674,0.0,0.0,0.002936598828859771,0.0016719453728263334,0.005009363866388616,0.004870417090791834,0.0023420811711811207,0.0,0.0,0.0011813075643146709,0.0,0.006480874161935268,0.0057968435375302385,0.0,0.0007152041477270776,0.0,0.004173573238902772,0.008832921964119111,0.005969688108786508,0.004104659155724888,0.0,0.0,0.0027802709280728144,0.010295487446717044,0.006630677158211362,0.0,0.005022459750873454,0.0,0.0,0.0,0.011216403620940119,0.0,0.005974242944637997,0.0,0.008710862130824837,0.008037639248371531,0.0,0.003042600338862056,0.0,0.0036300471536330203,0.011562865793981025,0.0,0.0,0.0,0.0034267288693073383,0.0010493093224696604,0.0,0.0,0.0036748459000425227,0.0042653786565304275,0.0,0.010976525510021151
-0.020666538999417172,-0.028306368633411627,-0.026080160656185625,-0.019054298864194408,-0.003916873640567697,-0.01644604171170183,-0.003440468651773998,-0.006096849027543705,-0.013396523284168849,0.0,0.0,0.0,-0.0002489436378111942,-0.006623934260252429,-0.013638417652546642,-0.02566818050561559,-0.00436087070990876,-0.016360795356259117,-0.019628530303742564,-0.018578468065488685,-0.015751946854428378,0.0,0.0,-0.0019960771084644446,-0.018198393269859447,-0.006602323824249523,-0.00349664838735253,-0.014794252802740271,-0.010879699146584043,-0.00900234354683882,-0.0036931037952571133,-0.013805253818788832,-0.00806352074376887,0.0,0.0,0.0,-0.006611355874303504,-0.01690547635488715,-0.001666540727662813,-0.0027746812755829464,0.0,-0.0055344557228762525,-0.008582567232696459,0.0,-0.015829109356324755,-0.007493515738265566,-0.0022534659659937395,-0.002869841687254071,-0.011389449945282015,-0.002240591725127361,-0.0056892366969854,0.0,0.0,-0.002426527713019988,-0.0009546870676799823,-0.0069185886569564925,-0.001134487658670691,0.0,-0.018124991185132833,-0.007123056100547198,-0.015340697477185639,-0.0024148849886693746,-0.007620263226448709,-0.01675281143317514,-0.007599425040380525,0.0,-0.0032857049768330038,-0.010184184533174712,0.0
0.0,0.0,0.0,0.0,0.0,0.0,0.0,0.0,0.0,0.0,0.0,0.0,0.0,0.0,0.0,0.0,0.0,0.0,0.0,0.0,0.0,0.0,0.0,0.0,0.0,0.0,0.0,0.0,0.0,0.0,0.0,0.0,0.0,0.0,0.0,0.0,0.0,0.0,0.0,0.0,0.0,0.0,0.0,0.0,0.0,0.0,0.0,0.0,0.0,0.0,0.0,0.0,0.0,0.0,0.0,0.0,0.0,0.0,0.0,0.0,0.0,0.0,0.0,0.0,0.0,0.0,0.0,0.0,0.0
-0.003399167980600193,-0.0034216187584004687,-0.0022748597297847506,-0.0015156955992937649,-0.0024799614775052325,-0.005116953815536118,-0.0025807177813602644,-0.003062229712749831,-0.004709177519562846,-0.003235330311362139,-0.0033033102053769414,-0.0011236543851225744,-0.0011772940864053227,-0.005171849230074688,-0.003191119880853799,-0.004260202696591442,-0.003141303352191538,-0.0011712300604663772,-0.005010886476924048,-0.0012434206949134552,-0.0021618728292399636,-0.0021991165241886934,-0.0022906529552025323,-0.0018233099377854556,-0.00141245348588398,-0.002013989015659745,-0.0015696923304420185,-0.001627910179148151,-0.00180733758980417,-0.0009930211196583771,-0.0026333317574671056,-0.0031939205109617896,-0.0027643182285347345,-0.002760834570570858,-0.002120080527401369,-0.0007747808023211289,-0.004104749991978296,-0.004577871829821889,-0.0007237150106210177,-0.004669159895472563,-0.0013811636136028538,-0.0032708347920795133,-0.0012977382639492996,-0.0008480975642657929,-0.0027764878272591442,-0.0006989851570554095,-0.0011306454218411588,-0.0024870234989601836,-0.0033401371492032816,-0.0023361239253232857,-0.0008393572495299928,-0.0029450609793096327,-0.002895809443004771,-0.0009067329877489594,-0.003281980210417035,-0.0034490340645536577,-0.003503909584879117,-0.0024830810220310973,-0.002610449540521531,-0.002549629820161381,-0.0046000331106398895,-0.002043744523314517,-0.0020640133955797113,-0.003533951966998572,-0.0009697416033257467,-0.002739067746004742,-0.004051553505539374,-0.0032742548246567083,-0.002241254718510277
0.08876753302810712,0.09286294653660124,0.08229985004699118,0.06073682658361981,0.03434989450294461,0.06798738947305498,0.048571553857373474,0.07460061127020359,0.08542190765632557,0.03994836582962765,0.042916860803452764,0.04093865971048907,0.025167851614454558,0.07117857314742894,0.07676405182910732,0.09445650633815295,0.07083511617135857,0.05499844587351364,0.07175023516754953,0.08867665703735103,0.08398648581171378,0.03133063000879072,0.03100371582282175,0.04380424667425256,0.07605586819713121,0.031295519920409215,0.04168126744565566,0.05149621587075917,0.07013198266147916,0.06757346230475052,0.03289933536109177,0.07155612986352149,0.03856973419866909,0.036764911524759185,0.03166572917524062,0.030394039066896424,0.05895732667563125,0.06035707092457365,0.02585292458179191,0.047576823230979934,0.047313034080742514,0.06416966246057286,0.040779825912181725,0.03324483123643239,0.06208215508335421,0.03241084026842192,0.02242981439267771,0.06671387050553838,0.05825957823283752,0.04884492758742913,0.0297158394588336,0.03515991336009198,0.036538389374583646,0.030845657332359055,0.03940162395141807,0.03983790515464326,0.04033773189093074,0.03439150399903631,0.05538051542076422,0.04834030863094288,0.04574202046681339,0.0437940664128172,0.05352432815750369,0.06578911500235939,0.030573196181503705,0.03360717805896917,0.04909199897635727,0.04027916744113258,0.04521039186390821
0.0,0.0,0.0,0.0,0.0,0.0,0.0,0.0,0.0,0.0,0.0,0.0,0.0,0.0,0.0,0.0,0.0,0.0,0.0,0.0,0.0,0.0,0.0,0.0,0.0,0.0,0.0,0.0,0.0,0.0,0.0,0.0,0.0,0.0,0.0,0.0,0.0,0.0,0.0,0.0,0.0,0.0,0.0,0.0,0.0,0.0,0.0,0.0,0.0,0.0,0.0,0.0,0.0,0.0,0.0,0.0,0.0,0.0,0.0,0.0,0.0,0.0,0.0,0.0,0.0,0.0,0.0,0.0,0.0
0.0,0.0,0.0,0.0,0.0,0.0,0.0,0.0,0.0,0.0,0.0,0.0,0.0,0.0,0.0,0.0,0.0,0.0,0.0,0.0,0.0,0.0,0.0,0.0,0.0,0.0,0.0,0.0,0.0,0.0,0.0,0.0,0.0,0.0,0.0,0.0,0.0,0.0,0.0,0.0,0.0,0.0,0.0,0.0,0.0,0.0,0.0,0.0,0.0,0.0,0.0,0.0,0.0,0.0,0.0,0.0,0.0,0.0,0.0,0.0,0.0,0.0,0.0,0.0,0.0,0.0,0.0,0.0,0.0
-0.28351258557036474,-0.33021742859706116,-0.3392635331611672,-0.29812682397118895,-0.16896858096093492,-0.3620891197773778,-0.3808184126327301,-0.29838356380908104,-0.3054694462230588,-0.3279292701333776,-0.34343441262935914,-0.23121401288481025,-0.0887698676876516,-0.3195879293550772,-0.29588896021396227,-0.2749009672817132,-0.33060374502490253,-0.3801557386258523,-0.3617726881932717,-0.33998827706552914,-0.30883148753449097,-0.1263986988737602,-0.1495852409906826,-0.36200800568212,-0.30656410151759084,-0.12881793384227547,-0.3788451722384617,-0.2641729315967747,-0.3037567686309751,-0.3396771302736653,-0.21248806256243125,-0.24507725490958,-0.30910080857337774,-0.21018942691135212,-0.12896071061929515,-0.17981792108271266,-0.37052727291499077,-0.38031369180907004,-0.17289291304361543,-0.3774814422934748,-0.2715580881543649,-0.29666506556805194,-0.2597387869025434,-0.3261228521099252,-0.3623759389391096,-0.2201784676971409,-0.06361685727269506,-0.3149609072763583,-0.30009389161013167,-0.2905602148592469,-0.19930358849982266,-0.22507786018477094,-0.19903178798226173,-0.34731551406565875,-0.27823344920640325,-0.3502553263865402,-0.2424591463501301,-0.2565079033923613,-0.28014184572908174,-0.357136229536106,-0.3234219446404938,-0.2568252753611877,-0.36905678285997423,-0.3792966915013425,-0.2916198649278766,-0.1868203395401553,-0.37227709304132595,-0.2654108880039455,-0.28240860618254815
0.0,0.0,0.0,0.0,0.0,0.0,0.0,0.0,0.0,0.0,0.0,0.0,0.0,0.0,0.0,0.0,0.0,0.0,0.0,0.0,0.0,0.0,0.0,0.0,0.0,0.0,0.0,0.0,0.0,0.0,0.0,0.0,0.0,0.0,0.0,0.0,0.0,0.0,0.0,0.0,0.0,0.0,0.0,0.0,0.0,0.0,0.0,0.0,0.0,0.0,0.0,0.0,0.0,0.0,0.0,0.0,0.0,0.0,0.0,0.0,0.0,0.0,0.0,0.0,0.0,0.0,0.0,0.0,0.0
-0.6911878356145829,-0.7390672900407805,-0.7450465796892229,-0.7080285137271948,-0.5528943136692689,-0.7665893590717223,-0.7816449177825472,-0.7073126081046662,-0.7142565633736297,-0.7369918054941282,-0.7507679032537793,-0.6360602889244792,-0.40873232108145563,-0.7293572544631697,-0.704870007233127,-0.6821841681185413,-0.7382764211647529,-0.7808402026578087,-0.7663293201951261,-0.7439348659347726,-0.7164041156357139,-0.4833836978222109,-0.5227975558357588,-0.766528146097577,-0.7150147599813276,-0.48769320965849045,-0.7801232026136313,-0.673462645667194,-0.7127688045014795,-0.7461620605676333,-0.6128911205980649,-0.6510380809212131,-0.7194638864084094,-0.6099592375551242,-0.487950626939554,-0.5687601057966468,-0.7735143739345053,-0.7811409547595475,-0.5586815229891331,-0.7790657389667613,-0.6814618510119479,-0.7067460254090802,-0.6688512838026944,-0.7353673270103642,-0.7661482780936575,-0.6226102783085429,-0.3478923031853168,-0.7250283542344774,-0.7104419642720659,-0.7012426875067256,-0.5956979501096427,-0.6286348191844274,-0.595334262036927,-0.7541314861927659,-0.6886686611654493,-0.7566410083095882,-0.6493673563488217,-0.665269008476777,-0.6903140602702684,-0.7624345483347025,-0.7328970832672428,-0.66560933983966,-0.7720908242025147,-0.7799077676236158,-0.7023629748921205,-0.57864125711718,-0.7749229780863475,-0.6750760097508932,-0.6930095917643601
-0.9762700785464951,1.2482557747461498,-1.3608912218786462,-3.9526239185452967,-1.332029084131503,3.6286209509735268,-1.730258696201663,-6.275956394049545,-4.505085596392811,-6.123879780921715,-4.599811248481161,-2.3575338383504763
-4.303787327448389,-7.835460015641595,-8.51193276585322,8.795490567414603,4.692210181211092,-3.3482075992736338,9.59784907625013,2.069885183060307,-0.02648763853404512,-4.077771670807326,6.56740645477119,9.73526284482201
-5.56313501899701,7.634511482621336,4.708887757907461,-2.241914454448428,3.6914329815163227,5.822464878103307,6.820608327089606,-6.419864596958702,-9.535221763806744,4.077196049557101,-4.703880442451898,5.538367347187633,9.61613603381333,7.290518715550995,-3.0420654000337777,7.011033906840125,-6.146379174500214,-4.441111989406958,-5.8739540671484125,6.706116870041745,-0.7126560604991661,6.276139882393276,8.839416793522489,9.506425432173376,-9.806778947934088,3.599656983550643,4.529159303687285,-8.947411809778485,5.850598491177812,-7.277112118464628,-1.3084262371701794,-5.306505076139305,-9.23872757094458,-3.398330931818201,-9.549902794888936,-8.827554094129972,0.05217269002674607,-0.2263796509291205,-8.131109984423578,7.35024730484034,8.409558348264884,-7.211023476575876,4.757637015206435,6.376980765261939,4.811548713092901,0.8028823248798522,-1.5508589766275094,-0.7235498940690399,6.257382164983105,-4.483352732230865,-5.135572854737784,0.8372234547991431,-6.415342414026299,8.745740959533087,2.8926230305614076,8.007701395574573,-2.289294129537487
-7.400242964936383,-2.7984204265504764,-5.484673788684333,-2.3386799374951384,2.725784581147548,6.773809642300074,7.792497176713898,8.057974484138775,-2.0969103949009193,7.6254456209151185,-9.243770902348766,-9.0549802303397,3.968503666509014,4.034353480879385,1.3716312913205209,-7.362521147364285,-1.3820147722918663,-7.327646518572584,5.521506238792397,-2.4295680299952704,-1.7981995270914197,-8.887447799678672,1.3116674888375845,8.655007370735028,5.662060312030521,2.3307221165620406,-5.960936678251274,-4.6171161354031565,1.5062906249698749,7.649362880759338,6.334403275718428,-4.973272397010946,4.157049464149023,-5.703058240462755,-7.530104906331816,-5.984051747047834,-2.789450327974472,5.513659420505214,-5.480946653972776,8.931456364263495,8.207939315227891,-4.540885254226565,0.877188663990407,-5.770910246130374,2.5237372413487713,9.107753974917719,-9.188666816668501,-3.6278502120767575,-8.07967909856474,2.01949356593796,-2.721221108942826,-1.8196833064736984,-8.176874368254767,1.519354962203161,2.8658621919491423,-8.90603066958159,9.338508170489888
1.0,2.0,3.0,3.0,3.0,3.0,3.0,4.0,4.0,4.0,4.0,4.0,4.0,4.0,5.0,6.0,7.0,7.0,7.0,8.0,9.0,9.0,9.0,9.0,10.0,10.0,10.0,10.0,11.0,11.0,11.0,11.0,11.0,11.0,11.0,11.0,11.0,11.0,11.0,11.0,11.0,11.0,11.0,11.0,11.0,11.0,11.0,12.0,12.0,12.0,12.0,12.0,12.0,12.0,12.0,12.0,12.0,12.0,12.0,12.0,12.0,12.0,12.0,12.0,12.0,12.0,12.0,12.0,12.0
1.0,1.0,1.0,0.75,0.6,0.5,0.42857142857142855,0.5,0.4444444444444444,0.3,0.2,0.1,0.1,0.1,0.2,0.3,0.3,0.3,0.3,0.4,0.5,0.5,0.5,0.4,0.4,0.3,0.3,0.3,0.3,0.2,0.2,0.2,0.2,0.1,0.1,0.1,0.1,0.0,0.0,0.0,0.0,0.0,0.0,0.0,0.0,0.0,0.0,0.1,0.1,0.1,0.1,0.1,0.1,0.1,0.1,0.1,0.0,0.0,0.0,0.0,0.0,0.0,0.0,0.0,0.0,0.0,0.0,0.0,0.0
