1,2,3,4,5,6,7,8,9,10,11,12,13,14,15,16,17,18,19,20,21,22,23,24,25,26,27,28,29,30,31,32,33,34,35,36,37,38,39,40,41,42,43,44,45,46,47,48,49,50,51,52,53,54,55,56,57,58,59,60,61,62,63,64,65,66,67,68,69,70,71,72,73,74,75,76,77,78,79,80,81,82,83,84,85,86,87,88,89,90,91,92,93,94,95,96
10008.222,8660.628,14154.625,10600.27,16523.707,9548.799,18677.05,11497.473,10215.967,9963.379,6722.8594,10769.955,8714.625,7776.1777,11595.459,11192.488,10384.16,7527.9,13944.419,11164.62,18578.176,8819.225,20533.17,17383.44,19566.27,19876.477,17617.586,20043.043,14579.4795,19326.652,12298.165,17491.594,11915.7,17724.91,20401.238,22839.621,20066.48,21763.594,22090.59,22346.854,19456.738,21578.61,21898.37,21797.066,11713.172,22466.668,23052.557,10071.996,22601.303,21805.258,22397.877,19473.11,22068.371,11833.066,22826.738,14160.533,18131.566,15201.832,7323.2593,7916.4053,16572.254,22747.299,14549.629,22623.28,21965.23,20842.672,15429.369,20934.703,21006.54,12075.544,23051.992,7280.034,21157.658,18579.621,17305.527,9800.646,11421.213,17616.092,7779.3486,18508.855,11987.885,19457.188,19039.404,11855.6875,15753.793,23121.504,10416.223,18273.05,20003.754,9299.131,10046.332,21209.084,15100.611,13533.158,9745.471,11857.955
18060648.0,13212772.0,38503904.0,20943288.0,62561080.0,16478842.0,106635400.0,25656776.0,19497178.0,18329150.0,6358876.5,19901052.0,12459134.0,9600006.0,25830070.0,25215200.0,18914400.0,8680364.0,36396480.0,21812374.0,98478750.0,13530755.0,130819416.0,63777476.0,121945650.0,117048376.0,87229736.0,114273450.0,38795220.0,111767350.0,26039908.0,71716070.0,25935424.0,83387570.0,122210504.0,188215840.0,92369830.0,142778700.0,169430700.0,186634140.0,78664580.0,176681300.0,138174770.0,146651650.0,22765696.0,192833140.0,184498020.0,16471793.0,185722510.0,165773580.0,190899630.0,106512990.0,160838020.0,23161244.0,185497470.0,35694508.0,93557096.0,41866096.0,8830501.0,9614152.0,52191424.0,193849860.0,34777052.0,179907330.0,150138850.0,124335710.0,41004080.0,110176160.0,155294500.0,23432254.0,198799310.0,7387106.5,112156744.0,96542230.0,56620800.0,15819303.0,22745014.0,55397776.0,9527860.0,102515560.0,22951588.0,79634170.0,79948790.0,24920416.0,45061350.0,198459410.0,17274848.0,91867784.0,115453550.0,14243169.0,16445096.0,136309840.0,39445130.0,33840730.0,16286430.0,24516072.0
-0.081582315,-0.19678286,-0.099386536,-0.28764752,-0.18412247,-0.2125486,-0.2292261,-0.10898274,-0.03228299,-0.31503645,-0.17758016,-0.08588209,-0.15142217,-0.120192595,-0.19089937,-0.24486543,-0.5535923,-0.05683045,-0.09111929,-0.12813398,-0.18028092,-0.13957354,-0.09372756,-0.12675649,-0.066323414,-0.06119401,-0.14223926,-0.050628945,-0.09371633,-0.06979288,-0.19124536,-0.14615875,-0.16817318,-0.15623286,-0.115191385,-0.15720157,-0.110168055,-0.10158159,-0.07135515,-0.16399841,-0.22243407,-0.25029042,-0.11392715,-0.14000057,-0.15631472,-0.20561875,-0.19369563,-0.13360636,-0.10524131,-0.11043115,-0.26560715,-0.096761994,-0.07720291,-0.1135786,-0.21805914,-0.3186841,-0.06862675,-0.13718665,-0.03505129,-0.48203737,-0.1764817,-0.23068558,-0.05444428,-0.10641393,-0.031658184,-0.084793404,-0.06543803,-0.12917556,-0.14786622,-0.14177327,-0.1898539,-0.57595295,-0.06845282,-0.04403429,-0.14496166,-0.21105652,-0.11594591,-0.15347122,-0.19830595,-0.04852401,-0.12410262,-0.04490181,-0.17141312,-0.29706427,-0.15154327,-0.2190451,-0.14437172,-0.08659831,-0.17191814,-0.08924906,-0.10993492,-0.09647984,-0.3344436,-0.102375895,-0.17542103,-0.33181903
-5.596267,-5.569925,-5.5659146,-5.5631623,-5.5727296,-5.52564,-5.5250297,-5.5468307,-5.5137353,-5.4791255,-5.4116883,-5.4230714,-5.4157643,-5.4263186,-5.44041,-5.4800267,-5.4814057,-5.4919763,-5.481314,-5.477286,-5.470036,-5.5104814,-5.5112405,-5.5337186,-5.5232215,-5.5476127,-5.5483904,-5.533727,-5.555491,-5.567654,-5.5945935,-5.59352,-5.5974135,-5.5887423,-5.5790925,-5.563479,-5.5637603,-5.5660195,-5.5307326,-5.5242896,-5.548084,-5.588465,-5.5922294,-5.5877347,-5.5684524,-5.5643625,-5.5741315,-5.587603,-5.562673,-5.5419793,-5.5314107,-5.515675,-5.52354,-5.493358,-5.517057,-5.470013,-5.477632,-5.498113,-5.4808393,-5.4779544,-5.486323,-5.4356036,-5.456228,-5.4832845,-5.466101,-5.4437165,-5.427238,-5.416163,-5.3901362,-5.380382,-5.3878503,-5.376743,-5.3704805,-5.370627,-5.3391833,-5.382958,-5.3831496,-5.3768353,-5.369736,-5.3411837,-5.3254027,-5.3009543,-5.309152,-5.2993293,-5.3213286,-5.3266206,-5.295957,-5.2898088,-5.288384,-5.2972703,-5.3278337,-5.355555,-5.3289332,-5.289476,-5.309074,-5.3609023
0.8726756780518483,0.8675419928796908,1.0038104227146614,1.0274592544689243,1.0054538537235878,0.8992220987354111,0.9830361437627353,0.8865197348569014,0.9687236857094403,1.0146065939084015,0.8553638413537719,0.9834212029256246,0.923883583648109,0.9717636116833879,0.8922435569075919,0.9904219380952737,0.9529484335940117,1.0367297972867426,0.9211643842385815,0.9332134023535996,0.927456992611108,0.8804155357829482,0.879943482465797,1.0892138668596212,0.8237013403430475,0.8700472185082839,0.9937322108112596,0.9274377021958464,1.014746964454406,0.8559912480637324,0.9896000353052254,1.1924295747859457,1.0346441850114825,0.8599299575603965,0.8543620507592706,0.8442198808285701,1.082087837633565,0.9472609449468232,0.921173654875042,0.8331126282780403,0.9841571416321289,0.9789475121552285,0.9976879632961642,0.9404741835581085,0.9170028048956924,0.8734300643884816,0.9689871965276238,0.948575783396757,0.9228404965821015,1.00333022247456,0.8526159872497299,0.8629916086622114,0.9439397160241114,1.0292851016377018,1.0070514934069663,0.8842217407281803,0.9129632421114722,1.009314184202903,1.0329976637904026,0.8066259516961127,1.0581927253349446,0.8741242384095171,1.0513543667675447,0.998366873542017,0.95682477699085,0.8653232205534513,1.0267149815538845,0.9367612468342377,0.9120707326558553,1.0389964210799654,0.8780028292333759,1.0912993854920883,0.8848769593475228,0.9354625149446194,1.0391752788137008,1.061840767603591,1.0284201231630892,1.0519622021338662,1.029978339230812,1.0207752192236164,1.0382463423117887,0.9631839653888663,0.9621874187907469,1.0697435637936952,0.9259101073212814,1.2622344707649842,1.0665768454786602,0.9297044196318622,0.9738540933838593,0.8022244595187582,0.9236923650657598,0.8590232144003149,1.020081607059336,0.8961178401629946,0.8103780311072617,0.9861475191873843
0.16953390816824776,0.1687667864118304,0.26849261474609376,0.23243789219447553,0.3237253812081473,0.19868453491210925,0.3045473372977121,0.22476667463030142,0.21479409179687492,0.28383504987444197,0.11199977643694203,0.19254756086077007,0.15572571655273437,0.10586280238560264,0.2485474490792411,0.22936940516880588,0.20328726545061382,0.16032844709123883,0.2830679281180245,0.21556121355329239,0.3221911376953125,0.16953390816824776,0.30531445905412946,0.300711728515625,0.3060815808105469,0.33676645106724323,0.30761582432338164,0.3060815808105469,0.2915062674386161,0.33216372052873877,0.2270680398995535,0.3551773732212612,0.2523830578613281,0.3083829460797991,0.3022459720284598,0.3106843113490513,0.3183555289132254,0.3030130937848772,0.3804923911830357,0.321424015938895,0.3030130937848772,0.30761582432338164,0.3122185548618861,0.42421833129882813,0.1610955688476562,0.30761582432338164,0.3030130937848772,0.12887645507812506,0.3513417644391741,0.3467390339006696,0.30991718959263403,0.31758840715680803,0.3935334610421317,0.18947907383510032,0.39276633928571436,0.27846519757952015,0.3313965987723214,0.25775291015625,0.1143011417061941,0.08515051496233261,0.2945747544642856,0.3030130937848772,0.25698578839983266,0.31912265066964285,0.3766567824009487,0.3045473372977121,0.21786257882254467,0.31298567661830357,0.3122185548618861,0.17873936924525669,0.35978010375976566,0.17413663870675222,0.30915006783621646,0.30378021554129464,0.2984103632463727,0.21786257882254467,0.18871195207868308,0.2984103632463727,0.10356143711635046,0.36591707781110494,0.2270680398995535,0.32065689418247767,0.360547225516183,0.2738624670410156,0.2876706586565291,0.32295825945172985,0.17183527343750005,0.3551773732212612,0.34443766863141745,0.15265722952706473,0.17183527343750005,0.3060815808105469,0.2792323193359375,0.2661912494768416,0.17950649100167404,0.23550637922014517
0.7564680527624388,0.7385335163800653,0.8915727395449657,0.8877429647602382,0.8321579245493047,0.7763460469293522,0.8932407519042682,0.7404445688204588,0.8486674886534677,0.8983334722464789,0.7146313153635506,0.8632984056613826,0.7744187918168857,0.6982999806521879,0.7589862739734654,0.7893737622662558,0.8281013123555581,0.8988681604248807,0.7974221759654578,0.8185469130177814,0.8144740981519623,0.7552375125491015,0.7635042308891893,0.8090573243682959,0.7124695529381251,0.753982236895558,0.8628046555952595,0.8208382968197889,0.8988195524086624,0.742573925901739,0.8622051447443422,0.8636386617749108,0.8992160864423484,0.7304689000087903,0.7344120934980274,0.7307605481061001,0.8985765123275709,0.82438495627534,0.7985154248982735,0.7251331395854881,0.8533474722899195,0.8640027904644514,0.8766987824559598,0.8133407739710612,0.7940213405585621,0.7424443045251565,0.742840838558843,0.8075999467459396,0.8208707021639348,0.894827750903207,0.7479744970133324,0.7329871212198165,0.8291945612883738,0.8988681604248807,0.8972325534097236,0.7665648101825568,0.7940051378864892,0.8922285163318167,0.8988357550807349,0.6737095975046774,0.8990787951618264,0.7573992749745266,0.8989329711131715,0.8977425061479196,0.8296072979941327,0.7380559689860147,0.8991350730819847,0.8306109888142266,0.7962641163443509,0.8990949978338993,0.7797144769921025,0.8994753291955129,0.7767425809630386,0.8488457180462681,0.8984630936230613,0.8986575256879346,0.8991350730819847,0.898916768441099,0.8991674784261301,0.8600595969752143,0.8988519577528078,0.8405542642659749,0.8452828559186445,0.8837511632547828,0.7855763928256736,0.8974431881466698,0.8987385390482983,0.7928556110335157,0.8560677954697589,0.6776365883218416,0.7254409903548704,0.7592941247428482,0.8472749217194027,0.7369951253973448,0.6929232701323822,0.7083157247119423
0.0,0.0,0.0,0.0,0.0,0.0,0.0,0.0,0.0,0.0,0.0,0.0,0.0,0.0,0.0,0.0,0.0,0.0,0.0,0.0,0.0,0.0,0.0,0.0,0.0,0.0,0.0,0.0,0.0,0.0,0.0,0.0,0.0,0.0,0.0,0.0,0.0,0.0,0.0,0.0,0.0,0.0,0.0,0.0,0.0,0.0,0.0,0.0,0.0,0.0,0.0,0.0,0.0,0.0,0.0,0.0,0.0,0.0,0.0,0.0,0.0,0.0,0.0,0.0,0.0,0.0,0.0,0.0,0.0,0.0,0.0,0.0,0.0,0.0,0.0,0.0,0.0,0.0,0.0,0.0,0.0,0.0,0.0,0.0,0.0,0.0,0.0,0.0,0.0,0.0,0.0,0.0,0.0,0.0,0.0,0.0
0.0,0.0,0.0,0.0,0.0,0.0,0.0,0.0,0.0,0.0,0.0,0.0,0.0,0.0,0.0,0.0,0.0,0.0,0.0,0.0,0.0,0.0,0.0,0.0,0.0,0.0,0.0,0.0,0.0,0.0,0.0,0.0,0.0,0.0,0.0,0.0,0.0,0.0,0.0,0.0,0.0,0.0,0.0,0.0,0.0,0.0,0.0,0.0,0.0,0.0,0.0,0.0,0.0,0.0,0.0,0.0,0.0,0.0,0.0,0.0,0.0,0.0,0.0,0.0,0.0,0.0,0.0,0.0,0.0,0.0,0.0,0.0,0.0,0.0,0.0,0.0,0.0,0.0,0.0,0.0,0.0,0.0,0.0,0.0,0.0,0.0,0.0,0.0,0.0,0.0,0.0,0.0,0.0,0.0,0.0,0.0
-0.10807709578435354,-0.08987564674487558,-0.1877425664046024,-0.15387322934455216,-0.18900551196208504,-0.11231193737090095,-0.17874672782124001,-0.1344165046515311,-0.14071589263106699,-0.11761529245005775,-0.026897969621590967,-0.10496790847476767,-0.09822337844532747,-0.06926086243074803,-0.15228623034561384,-0.16167860296266223,-0.12067587174342531,-0.030792555094610208,-0.16967840864564643,-0.14223808094171364,-0.1677187481890341,-0.10468479314559076,-0.17358919679073814,-0.1809494283589439,-0.18674653350422332,-0.18823631647072503,-0.17980757140990988,-0.19149132782896583,-0.12728311049234353,-0.19469773117098832,-0.13075642649147046,-0.1973455737585974,-0.12633568560818365,-0.13591394553774716,-0.14545214220345137,-0.1537436079679697,-0.12957449429435108,-0.14975180646251474,-0.16414821615747055,-0.15274757506759062,-0.15073163669082046,-0.15344428996672033,-0.15938721916065468,-0.1986247219881534,-0.08044232403132323,-0.15243205439426877,-0.1709737595472749,-0.06690466794044969,-0.17982377408198236,-0.20124015923161576,-0.18240680598129977,-0.1819531311632625,-0.19865712733229834,-0.06828103220244142,-0.19375030628682843,-0.16995385407088293,-0.17456902701904387,-0.140602473926557,-0.027269756230846376,-0.03497025589680547,-0.1578812335220805,-0.13698333387877515,-0.12036035107010257,-0.1660183185013615,-0.17983997675405483,-0.1607635834226473,-0.13042470314607524,-0.17856848644421408,-0.16765392551651814,-0.08557599447003739,-0.1929973134675409,-0.02413670832947279,-0.17478733165993,-0.16778355887732488,-0.16659308192784827,-0.08058816006420333,-0.10062818095184412,-0.15818908429146283,-0.03603109948547534,-0.1817834345385947,-0.07395704873927222,-0.16975942200600969,-0.19417157576071986,-0.14366305321992456,-0.15835878091613065,-0.14310449246551027,-0.08300916524279334,-0.17661737073995987,-0.20237348341251682,-0.08112284824260474,-0.09606161601990237,-0.1603670493889613,-0.1592738004561456,-0.1515818455425446,-0.09291147861381255,-0.12888631216335522
0.0072391549439814185,0.011854327892141914,0.014914907185509474,0.01905253273961982,0.02093884973980842,0.01208116530116099,0.011724706515559902,0.01239668597448329,0.014307738414877313,0.006243122043602334,0.0029395026691432236,0.005457723880169407,0.006048689978729094,0.00678548012594371,0.011595085138977446,0.008340073780736645,0.008599316533901114,0.002445752603020157,0.010712470943107899,0.008073161123632655,0.004639920372591089,0.006769277453870792,0.00622691937152986,0.007830121042541105,0.006486162124693884,0.00962775477842559,0.005109797862701715,0.005198481127005383,0.00367629281635784,0.0073363709764180385,0.004607515028445697,0.005230886471150775,0.003660090144284922,0.005295697159442003,0.0034093801592538497,0.002170307177783215,0.004494096323936159,0.002656387339966315,0.002283725882292753,0.0018871918486063066,0.0012714903098407504,0.002235117866074443,0.00048608016218310013,0.00016202672072740398,0.00019443206487324005,0.00019443206487324005,0.0012714783256160267,0.0002592427531644681,0.001117996357246298,0.002688792684111707,0.001231415061755392,0.0003564587856010881,0.0011742622931794067,0.00017822939280032202,0.00019443206487324005,0.002056888473273677,0.0019520025368975347,0.0007453348995722919,0.0006395741147779965,0.0006395741147779965,0.0014821250467869085,0.0006233714427050785,0.0006233714427050785,0.0012714783256160267,0.0013849090143502885,0.0006071687706321605,0.0005909660985596865,0.0006071687706321605,0.0012714903098407504,0.0006071687706321605,0.0006071687706321605,0.0005747634264867685,0.0005747634264867685,0.0006071687706321605,0.0010446409165969506,0.0005909660985596865,0.0005909660985596865,0.0005747634264867685,0.0005747634264867685,0.0006233714427050785,0.0005747634264867685,0.0005747634264867685,0.0006233714427050785,0.0006233714427050785,0.0005909660985596865,0.0006557767868504705,0.0007129295554269,0.0006719794589233885,0.0006719794589233885,0.0006719794589233885,0.0006881821309963065,0.0006719794589233885,0.0006719794589233885,0.0007367901472146166,0.0007043848030687805,0.0020568764890489533
0.0,0.0,0.0,0.0,0.0,0.0,0.0,0.0,0.0,0.0,0.0,0.0,0.0,0.0,0.0,0.0,0.0,0.0,0.0,0.0,0.0,0.0,0.0,0.0,0.0,0.0,0.0,0.0,0.0,0.0,0.0,0.0,0.0,0.0,0.0,0.0,0.0,0.0,0.0,0.0,-0.00016202672072784807,0.0,-0.0034409106549810886,-0.001408769606138005,-0.0018701023438905118,-0.0010685015083851113,-0.0005261554102684585,-0.0004613447219776745,0.0,0.0,-0.001084716164682753,-0.004226308818414015,-0.00029930601702510273,-0.00291475524471263,-0.0034409106549810886,-0.0002831033449521847,0.0,-0.00029931800124982644,0.0,-0.0006557767868509146,-0.0018701143281156796,-0.00029931800124982644,-0.001100918836755227,0.0,0.0,-0.0018624444241757132,-0.0023075864740804697,-0.002882349900567238,-0.0009550828038755732,-0.0013925669340655311,-0.001311553573701385,-0.00018588731251556467,-0.0038621801288734048,-0.001230540213337683,-0.001327756245774303,-0.00029930601702510273,0.0,-0.0026068924911051283,-0.0010847041804575852,-0.003959396161310025,-0.001084716164682753,-0.0010847041804575852,-0.001554593654792935,-0.00029931800124982644,-0.001100918836755227,-0.001084716164682753,0.0,-0.0019673303605522996,-0.0034409106549810886,-0.0008826141958695466,-0.0020807490650613936,-0.0033198220465320283,-0.0006071687706326045,-0.0010847041804575852,-0.00021829265666095665,0.0
0.01684000913147088,0.009356752304410687,0.023372376834467357,0.020247606836852228,0.023645776951974895,0.015583372070035129,0.027853422337277944,0.01948526951796614,0.01672687804836448,0.018270401475067644,0.001760364394244096,0.016373992159698147,0.010796578629852949,0.009700210602818338,0.02137225763466377,0.021923122918766413,0.01681172636069439,0.005911444237993724,0.024074083562712456,0.020125048163487147,0.029217821549062606,0.01738144682531484,0.02770258089313593,0.027853422337277944,0.02403637320167684,0.028427207850986402,0.024549528124744313,0.024530672944226506,0.022417422661316078,0.02506674809689935,0.016289143847368237,0.029110059398713695,0.01931557289330632,0.021438250766475875,0.030672444397521037,0.03076672030010963,0.029623214321780722,0.026949671164508526,0.03621214756633062,0.032159408674257595,0.029500655648415197,0.029683844912422153,0.03248937433331811,0.03660274381603257,0.016213716733710637,0.03184423314662688,0.027179998379809778,0.009813341685924737,0.030776147890368755,0.027904618946073434,0.025932788908633153,0.030234710196524794,0.033242284061945515,0.014872231359944976,0.031072468237481665,0.028112032323355685,0.03102533028618737,0.025057320506640668,0.005483137627256607,0.005864306286699428,0.028483773392539824,0.02423841764620116,0.020638203086554174,0.02824401858697989,0.028196880635685595,0.02448353499293221,0.0208591027115963,0.02678940213010783,0.025466771936859978,0.017145757068842915,0.031613905931325625,0.005233955231437548,0.026196761435881566,0.029844113946822848,0.02636109551937027,0.011738040163657537,0.01666087852496556,0.028036611601284456,0.00667378155687981,0.030225282606266113,0.015287051722922218,0.027283701872657495,0.02799890124024884,0.023664632132492702,0.025970499269668323,0.025396713755959865,0.01380415249527367,0.03092162679333965,0.030178144654971373,0.013107808308199687,0.015041934376191612,0.026398805880405884,0.027283701872657495,0.02534957580466557,0.015404247855116626,0.020506216822929968
0.0,0.0,0.0,0.0,0.0,0.0,0.0,0.0,0.0,0.0,0.0,0.0,0.0,0.0,0.0,0.0,0.0,0.0,0.0,0.0,0.0,0.0,0.0,0.0,0.0,0.0,0.0,0.0,0.0,0.0,0.0,0.0,0.0,0.0,0.0,0.0,0.0,0.0,0.0,0.0,0.0,0.0,0.0,0.0,0.0,0.0,0.0,0.0,0.0,0.0,0.0,0.0,0.0,0.0,0.0,0.0,0.0,0.0,0.0,0.0,0.0,0.0,0.0,0.0,0.0,0.0,0.0,0.0,0.0,0.0,0.0,0.0,0.0,0.0,0.0,0.0,0.0,0.0,0.0,0.0,0.0,0.0,0.0,0.0,0.0,0.0,0.0,0.0,0.0,0.0,0.0,0.0,0.0,0.0,0.0,0.0
0.0005992112452677389,0.00035952674716055455,0.0005273058958357169,0.0002636529479178584,0.0003834951969714506,0.0003355582973498805,0.00016777914867494026,0.0005033374460248208,0.0005752427954570649,0.0004314320965927987,0.00035952674716055455,0.00035952674716055455,0.0002396844981071844,0.0003115898475392065,0.0003115898475392065,0.00016777914867494026,0.0005033374460248208,0.0003355582973498805,0.0001917475984856143,0.0001917475984856143,0.0005273058958357169,0.0002636529479178584,0.0003834951969714506,0.0004554005464034727,0.00028762139772853246,0.0002396844981071844,0.0002396844981071844,0.0004314320965927987,0.0001917475984856143,0.0005752427954570649,0.0004314320965927987,0.0005992112452677389,0.00014381069886426623,0.0004554005464034727,0.0005273058958357169,0.0004314320965927987,0.00028762139772853246,0.0003834951969714506,0.00014381069886426623,0.00028762139772853246,0.0001917475984856143,0.0002636529479178584,0.00047936899621414675,0.0003834951969714506,0.0005752427954570649,0.0002396844981071844,0.000671116594699761,0.00047936899621414675,0.0003355582973498805,0.00028762139772853246,0.00021571604829651037,0.0005992112452677389,0.00021571604829651037,0.00021571604829651037,0.0005273058958357169,0.00035952674716055455,0.0003355582973498805,0.00016777914867494026,0.00016777914867494026,0.0005033374460248208,0.0003115898475392065,0.00035952674716055455,0.0003115898475392065,0.0002396844981071844,0.00040746364678212466,0.0003115898475392065,0.00016777914867494026,0.0005033374460248208,0.00035952674716055455,0.00047936899621414675,0.0004314320965927987,0.0004314320965927987,0.00040746364678212466,0.0003115898475392065,0.00040746364678212466,0.0003834951969714506,0.0002396844981071844,0.0003834951969714506,0.00047936899621414675,0.00035952674716055455,0.00016777914867494026,0.00014381069886426623,0.0003115898475392065,0.0002396844981071844,0.0003355582973498805,0.00021571604829651037,0.0002396844981071844,0.00028762139772853246,0.0001917475984856143,0.00016777914867494026,0.0002396844981071844,0.0005752427954570649,0.0004314320965927987,0.00021571604829651037,0.0004554005464034727,0.00028762139772853246
-0.017736652859922764,-0.01517202873017709,-0.026940537587234026,-0.028330707676255118,-0.03115898475391843,-0.021931131576796492,-0.03204581739691448,-0.024951156252945417,-0.023177490966953096,-0.018527611703676117,-0.002085255133531305,-0.019294602097618796,-0.014716628183773839,-0.013997574689452508,-0.025118935401620357,-0.024951156252945417,-0.020421119238721808,-0.006040049352298071,-0.027947212479283667,-0.021835257777553574,-0.028330707676255118,-0.01977397109383272,-0.027539748832501765,-0.03039199435997575,-0.024016386710327797,-0.0316143853003219,-0.02547846214878091,-0.025334651449916645,-0.020301276989668438,-0.02629338944234494,-0.018503643253865443,-0.028546423724551406,-0.01783252665916568,-0.022122879175282106,-0.027491811932880417,-0.026197515643102243,-0.027060379836287618,-0.023656859963167243,-0.03314836608820704,-0.028810076672469265,-0.02502306160237744,-0.02387257601146353,-0.02490321935332407,-0.029744846215086662,-0.01145691900951773,-0.02514290385143103,-0.022722090420549623,-0.006327670750026382,-0.0248552824537025,-0.026365294791777183,-0.019366507447050818,-0.02126001498209673,-0.02789927557966232,-0.008077367586208029,-0.023656859963167243,-0.02291383801903546,-0.02785133868004097,-0.01859951705310814,-0.003834951969712952,-0.0016777914867494026,-0.020660803736828992,-0.018791264651593753,-0.014740596633584513,-0.02346511236468163,-0.023608923063545895,-0.017137441614655025,-0.014884407332448779,-0.02130795188171808,-0.02353701771411365,-0.01174454040724604,-0.025861957345752362,-0.001965412884477935,-0.017353157662951535,-0.023345270115628036,-0.021355888781339427,-0.009155947827689914,-0.013901700890209812,-0.020301276989668438,-0.00405066801800924,-0.021355888781339427,-0.010402307217846518,-0.023608923063545895,-0.024112260509570715,-0.020564929937586074,-0.02130795188171808,-0.02147573103039302,-0.01196025645554255,-0.02408829205976004,-0.021571604829635715,-0.009803095972579001,-0.013518205693238361,-0.021188109632664487,-0.024112260509570715,-0.021116204283232465,-0.012367720102324453,-0.019006980699890264
0.0601634231837993,0.04720645631974185,0.09834996381380368,0.0778343194006148,0.09464604576130897,0.06125572616174613,0.09270249210305859,0.0686447070862175,0.07435410687968691,0.06342960064371095,0.018461516306478076,0.05633288140885151,0.05204981530147745,0.034703522202551795,0.08290800559765144,0.08455523890878891,0.060629440155572256,0.019906705173091233,0.09031177665355283,0.07357697942937103,0.08431954276073039,0.056238605506262695,0.08667791678195824,0.09449113926807917,0.09551208657304278,0.09982343545119332,0.0927779128251296,0.09878769801479992,0.06555764744963799,0.10242411452104094,0.06914843441902585,0.10052233627291374,0.06510105806812394,0.07360526220014774,0.06867298985699422,0.07796630566423923,0.06780694904526041,0.07166170854189713,0.08548727285233482,0.08350600883304882,0.08263054043105611,0.07512842842347833,0.07613994813818303,0.10223556271586332,0.034241563888280035,0.07750028869246628,0.08257397488950291,0.03906200903199686,0.08703080267062457,0.10256959342401206,0.09060809700066597,0.09148356540265845,0.10181668369538488,0.03165823797609546,0.09902338777127184,0.08544013490104052,0.09540838308019506,0.06552936467886128,0.017618389332763496,0.010777723449335141,0.07737773001910075,0.06358987606969868,0.05839899374046742,0.08293091943567066,0.08773250939886945,0.07604160718650643,0.06661630511563699,0.08564217295397825,0.08881944983564516,0.045241490846327004,0.09496122128893991,0.010547396234034112,0.08263996802131501,0.08114764120340756,0.08404208398572166,0.03947146046221639,0.05109892617741396,0.07746257833143066,0.0177274617583687,0.08731363037839102,0.03606386275683504,0.08407036675649837,0.10374137578153109,0.07070139182757451,0.07620594126999514,0.07088051604249324,0.03951859841351091,0.08581187597022466,0.0986327915215699,0.03435063631388546,0.045594376734993336,0.07832861914316447,0.0786720774415719,0.07248061140233641,0.041028476528266467,0.06336897644465656
0.0,0.0,0.0,0.0,0.0,0.0,0.0,0.0,0.0,0.0,0.0,0.0,0.0,0.0,0.0,0.0,0.0,0.0,0.0,0.0,0.0,0.0,0.0,0.0,0.0,0.0,0.0,0.0,0.0,0.0,0.0,0.0,0.0,0.0,0.0,0.0,0.0,0.0,0.0,0.0,0.0,0.0,0.0,0.0,0.0,0.0,0.0,0.0,0.0,0.0,0.0,0.0,0.0,0.0,0.0,0.0,0.0,0.0,0.0,0.0,0.0,0.0,0.0,0.0,0.0,0.0,0.0,0.0,0.0,0.0,0.0,0.0,0.0,0.0,0.0,0.0,0.0,0.0,0.0,0.0,0.0,0.0,0.0,0.0,0.0,0.0,0.0,0.0,0.0,0.0,0.0,0.0,0.0,0.0,0.0,0.0
28.40999984741211,31.090001583099365,26.429999351501465,27.54000186920166,33.49000120162964,39.84999817609787,29.580001831054688,28.87999963760376,36.12000131607056,24.410000801086426,4.490001678466797,25.54000186920166,29.31999921798706,35.31000101566315,28.200000762939453,30.1200008392334,29.499998569488525,9.479999542236328,30.599998950958252,26.849998474121094,25.47000026702881,33.00999999046326,29.089999198913574,29.270000457763672,27.73000144958496,32.94000053405762,29.92000102996826,24.840001106262207,28.250000953674316,25.5600004196167,29.800000190734863,21.700000762939453,26.310001373291016,27.140000343322754,21.56999969482422,17.3700008392334,25.84000015258789,20.510000228881836,18.56999969482422,24.19000244140625,16.009998321533203,21.559999465942383,20.22000026702881,12.44999885559082,18.399999618530273,19.000001907348633,17.809999465942383,2.020000457763672,21.53999900817871,22.65999984741211,17.85000228881836,12.049999237060547,24.259998321533203,9.510000228881836,17.319997787475586,28.83000087738037,13.519998550415039,24.47999858856201,6.930000305175781,7.579999923706055,28.000001907348633,18.830001831054688,17.259998321533203,19.729997634887695,24.59999942779541,14.619998931884766,19.149999618530273,17.660001754760742,18.350000381469727,15.460000991821289,16.889999389648438,12.510000228881836,20.360000610351562,22.590001106262207,29.06999969482422,26.420000076293945,19.169998168945312,22.73000144958496,9.710000991821289,23.389999389648438,8.410001754760742,24.119998931884766,25.29999828338623,29.029998779296875,25.729999542236328,22.419998168945312,23.33000087738037,27.719998359680176,26.48000144958496,23.1299991607666,26.550000190734863,23.630000114440918,27.610000610351562,30.01000165939331,20.969998359680176,24.920000076293945
-14.900001525878906,-2.1399993896484375,-3.8600006103515625,-2.05999755859375,0.0,0.0,-1.2899971008300781,-0.6500015258789062,0.0,-15.700000762939453,-9.689998626708984,-16.889999389648438,-5.450000762939453,-0.7599983215332031,-8.5,-3.1699981689453125,-0.6800003051757812,-2.759998321533203,-0.15000152587890625,0.0,-15.060001373291016,-7.6399993896484375,-1.7000007629394531,0.0,-5.299999237060547,0.0,-1.9399986267089844,0.0,-4.649997711181641,-6.939998626708984,0.0,-13.029998779296875,-9.269996643066406,-4.079998016357422,0.0,-14.09000015258789,-8.900001525878906,-13.060001373291016,-21.25,-8.239997863769531,-25.0,-0.2700004577636719,-31.419998168945312,-21.300003051757812,-17.0,-10.919998168945312,-7.150001525878906,-29.829998016357422,-2.4099998474121094,0.0,-13.509998321533203,-23.650001525878906,-1.8000030517578125,-12.110000610351562,-14.800003051757812,-19.270000457763672,-5.590000152587891,0.0,-10.879997253417969,-0.3800010681152344,-8.529998779296875,-4.539997100830078,-11.220001220703125,-4.220001220703125,-2.1199989318847656,-5.799999237060547,-3.8199996948242188,-14.579998016357422,-1.5100021362304688,-11.59000015258789,-10.479999542236328,-4.340000152587891,-6.020000457763672,-0.75,0.0,0.0,-1.1100006103515625,-0.4499969482421875,0.0,-8.150001525878906,-3.1100006103515625,0.0,-4.19000244140625,0.0,-2.9399986267089844,0.0,0.0,-2.69000244140625,-2.6499977111816406,0.0,0.0,-0.5200004577636719,-0.8799972534179688,0.0,-2.5600013732910156,0.0
8.729995727539062,6.590003967285156,16.650001525878906,20.090003967285156,17.23999786376953,17.68000030517578,16.43000030517578,10.629997253417969,10.770004272460938,3.8799972534179688,1.9399948120117188,2.0999984741210938,5.349998474121094,11.80999755859375,9.879997253417969,13.25,17.800003051757812,3.6199951171875,10.650001525878906,20.330001831054688,12.099998474121094,6.180000305175781,20.519996643066406,19.720001220703125,9.039993286132812,14.680000305175781,19.520004272460938,11.55999755859375,10.129997253417969,16.37000274658203,14.849998474121094,17.660003662109375,13.240005493164062,19.790000915527344,31.459999084472656,26.770004272460938,13.889999389648438,26.230003356933594,16.29999542236328,9.029998779296875,6.430000305175781,16.860000610351562,22.12000274658203,14.709999084472656,23.730003356933594,15.029998779296875,28.159996032714844,5.6999969482421875,22.159996032714844,14.550003051757812,15.32000732421875,29.98999786376953,23.75,14.099998474121094,15.010002136230469,14.209999084472656,7.760002136230469,26.149993896484375,4.040000915527344,27.68999481201172,26.0,22.779998779296875,18.279998779296875,16.23999786376953,20.93000030517578,33.83000183105469,14.150001525878906,27.029998779296875,20.599998474121094,24.840003967285156,18.93000030517578,7.2599945068359375,29.37999725341797,24.45000457763672,28.970001220703125,10.140007019042969,12.550003051757812,27.279998779296875,6.530006408691406,29.759994506835938,7.9199981689453125,18.19000244140625,27.490005493164062,23.400001525878906,31.98999786376953,10.470001220703125,10.519996643066406,24.68000030517578,26.75,27.079994201660156,28.289993286132812,22.110000610351562,21.5,23.37999725341797,20.480003356933594,13.470001220703125
-21.75,-18.79999542236328,-10.050003051757812,-17.219993591308594,-16.76000213623047,-22.110008239746094,-16.079994201660156,-17.48999786376953,-19.949996948242188,-21.220008850097656,-24.269996643066406,-27.19000244140625,-19.1300048828125,-7.780006408691406,-22.350006103515625,-22.41999053955078,-5.1699981689453125,-18.44000244140625,-12.819999694824219,-5.8699951171875,-21.350006103515625,-23.680007934570312,-4.780006408691406,-11.610000610351562,-9.8800048828125,-4.149993896484375,-10.029998779296875,-17.270004272460938,-5.69000244140625,-16.389999389648438,-13.590003967285156,-21.81999969482422,-16.92999267578125,-16.229995727539062,-7.160003662109375,-13.290000915527344,-10.629997253417969,-8.599998474121094,-26.62999725341797,-14.520004272460938,-19.979995727539062,-19.080001831054688,-13.379997253417969,-21.270004272460938,-1.9799957275390625,-7.7299957275390625,-15.980003356933594,-22.530006408691406,-3.3000030517578125,-8.349998474121094,-15.739997863769531,-0.12000274658203125,-4.909996032714844,-4.040000915527344,-11.029998779296875,-25.85999298095703,-19.68000030517578,-2.8400039672851562,-13.69000244140625,-0.0200042724609375,-12.110000610351562,-13.919998168945312,-2.8199996948242188,-7.19000244140625,-8.470001220703125,-1.7099990844726562,-5.040000915527344,-6.340003967285156,-11.489997863769531,-6.379997253417969,-5.5500030517578125,-4.510002136230469,0.0,-0.15999603271484375,-4.279998779296875,-5.6699981689453125,-3.589996337890625,-0.6699981689453125,-1.0799942016601562,-0.910003662109375,-0.6700057983398438,-15.480003356933594,-11.360000610351562,-8.040000915527344,-3.720001220703125,-5.4499969482421875,-5.290000915527344,-3.1699981689453125,-4.790000915527344,-3.0600051879882812,-3.5900039672851562,-3.4399948120117188,-0.44000244140625,-1.0500030517578125,-2.4799957275390625,-6.1999969482421875
4.720001220703125,7.6699981689453125,9.209999084472656,15.430000305175781,9.650001525878906,7.560005187988281,14.870002746582031,7.739997863769531,12.239997863769531,10.519996643066406,5.290000915527344,6.959999084472656,6.040000915527344,12.879997253417969,7.569999694824219,8.519996643066406,11.339996337890625,4.040000915527344,7.629997253417969,9.379997253417969,9.150001525878906,9.150001525878906,9.449996948242188,7.379997253417969,7.780006408691406,8.709999084472656,7.530006408691406,8.139999389648438,6.9499969482421875,6.910003662109375,8.760002136230469,10.970001220703125,10.319999694824219,12.350006103515625,11.030006408691406,10.32000732421875,11.550003051757812,11.049995422363281,10.650001525878906,7.200004577636719,6.900001525878906,9.920005798339844,9.969993591308594,7.629997253417969,11.189994812011719,9.600006103515625,12.279998779296875,6.319999694824219,11.1300048828125,9.580001831054688,8.540000915527344,10.569999694824219,10.950004577636719,7.899993896484375,8.860000610351562,10.329994201660156,8.300003051757812,9.319999694824219,7.05999755859375,10.830001831054688,10.110000610351562,14.930000305175781,8.979995727539062,10.510002136230469,8.480003356933594,10.55999755859375,10.670005798339844,11.360000610351562,10.520004272460938,10.540000915527344,12.099998474121094,7.879997253417969,12.200004577636719,12.419998168945312,12.050003051757812,9.480003356933594,7.720001220703125,12.709999084472656,8.650001525878906,12.069999694824219,9.430000305175781,11.290000915527344,10.650001525878906,14.129997253417969,15.209999084472656,13.029998779296875,10.139999389648438,11.229995727539062,11.769996643066406,10.519996643066406,11.980003356933594,13.599998474121094,14.310005187988281,9.889999389648438,9.339996337890625,16.389999389648438
-1.3600006103515625,0.0,0.0,0.0,0.0,-0.30999755859375,-3.9300003051757812,0.0,0.0,0.0,0.0,-1.8199996948242188,-1.339996337890625,0.0,-1.9799957275390625,-0.6699981689453125,0.0,0.0,0.0,0.0,0.0,0.0,0.0,0.0,0.0,0.0,0.0,0.0,0.0,0.0,0.0,0.0,0.0,0.0,0.0,0.0,0.0,0.0,0.0,0.0,0.0,0.0,0.0,0.0,0.0,0.0,0.0,0.0,0.0,0.0,0.0,0.0,-1.4099960327148438,0.0,0.0,0.0,0.0,0.0,0.0,0.0,0.0,0.0,0.0,0.0,0.0,0.0,0.0,0.0,0.0,0.0,0.0,0.0,0.0,0.0,0.0,0.0,0.0,0.0,0.0,-1.9499969482421875,0.0,0.0,0.0,0.0,-8.590003967285156,-2.1500015258789062,0.0,0.0,-1.0100021362304688,0.0,0.0,0.0,0.0,0.0,0.0,0.0
4.2140002399683,4.339999794960022,3.1520000845193863,4.099000059068203,4.333999969065189,3.974000111222267,3.9720000326633453,4.095000013709068,4.200000047683716,4.341999977827072,3.7260000705718994,4.820999979972839,3.915000006556511,4.1369999051094055,4.4280001521110535,4.740000084042549,2.072999984025955,3.7599999755620956,4.058999910950661,1.8360000401735306,4.747999966144562,3.8670000582933426,2.0130000077188015,3.64000004529953,1.8039999455213547,3.8600000590085983,3.4470000341534615,3.5920000672340393,1.2319999784231186,3.298999898135662,3.6159999072551727,3.642999991774559,3.6409999281167984,3.847999930381775,2.61200001090765,1.8790000528097153,2.319999948143959,2.05000002682209,3.243000072427094,3.0250000320374966,2.681999944150448,3.522999994456768,0.2920000031590462,3.278999999165535,0.2289999984204769,1.9409999661147594,2.2850000113248825,2.7940000519156456,0.9089999943971634,2.9110000655055046,3.0259999185800552,0.3739999979734421,1.3329999893903732,0.07999999821186066,1.6569999605417252,3.5410000011324883,3.711000084877014,0.8229999728500843,2.4289999082684517,0.25200000405311584,2.1019999645650387,2.2450001165270805,0.23999999463558197,1.463999979197979,1.4609999880194664,0.4389999955892563,0.8379999697208405,1.0510000139474869,3.2530000656843185,0.3240000009536743,0.2680000066757202,0.24899999424815178,0.18800000473856926,0.6979999989271164,1.3060000091791153,1.724999949336052,1.5559999495744705,0.6769999712705612,0.21400000154972076,0.4690000116825104,0.48399998992681503,3.8150000646710396,2.5860000625252724,2.376999892294407,1.1780000403523445,1.1009999513626099,0.8319999724626541,0.6100000105798244,0.8050000295042992,0.0,0.5950000248849392,0.18299999833106995,1.4469999819993973,1.0780000239610672,0.7080000191926956,2.438999928534031
-0.32099999487400055,0.0,-1.202000007033348,-1.965000070631504,-1.2530000433325768,-1.1620000451803207,-0.31700000166893005,-0.47999997437000275,0.0,-0.04399999976158142,0.0,0.0,-0.03800000250339508,0.0,-0.032999999821186066,0.0,-0.664000004529953,-0.03700000047683716,-0.3189999908208847,-1.8379999846220016,-0.6539999842643738,-0.03200000524520874,-2.3640000857412815,-1.6240000128746033,-0.26900000870227814,-0.03300000727176666,-1.1610000059008598,-0.75,-0.41099999845027924,-1.5879999473690987,-0.5919999778270721,-1.2610000520944595,-1.0080000013113022,-1.7680000066757202,-3.1200001016259193,-3.0929999500513077,-0.7179999798536301,-1.9109999388456345,-2.258000093512237,-0.5799999870359898,-0.4320000186562538,-1.9340000227093697,-2.9570000991225243,-1.1159999817609787,-2.9329999573528767,-1.6059999652206898,-3.6999998837709427,-0.6749999895691872,-2.605000004172325,-0.9289999678730965,-2.6899999231100082,-3.8659999817609787,-2.6149999648332596,-2.411999884992838,-1.4259999841451645,-1.539999969303608,-0.35899999737739563,-3.169999998062849,-0.060999996960163116,-3.6579999923706055,-2.4619999267160892,-3.0160000398755074,-2.5509999692440033,-1.8719999864697456,-1.672999955713749,-4.163999900221825,-1.3789999783039093,-3.5799999088048935,-1.6659999638795853,-2.7820000499486923,-2.6049998849630356,-1.2639999575912952,-3.582000106573105,-2.168000116944313,-3.89400015771389,-0.9309999495744705,-0.7499999850988388,-3.0749999433755875,-0.45400000363588333,-3.21300008893013,-0.8039999976754189,-1.6009999439120293,-2.6679998859763145,-2.5450000390410423,-3.216999940574169,-1.0540000200271606,-1.408000037074089,-3.126999918371439,-3.2640000954270363,-3.449000097811222,-3.4860000051558018,-2.597999982535839,-1.3329999893903732,-2.6369998902082443,-2.2090000957250595,-1.1959999427199364
3.608999878168106,4.096000134944916,3.6820001006126404,3.9039998948574066,3.9889999330043793,4.834000080823898,3.632999897003174,4.310000151395798,3.982999801635742,1.9230000376701355,0.17200002074241638,2.4940000772476196,3.430999994277954,3.9519999474287033,4.428999960422516,4.327000051736832,4.827000021934509,0.31199997663497925,4.446000158786774,4.412999987602234,3.600000113248825,4.4479997754096985,3.9779999256134033,3.7159998416900635,3.6740000545978546,4.072999805212021,4.512999951839447,3.724000185728073,3.7460000813007355,3.67000013589859,4.843999862670898,3.646999806165695,4.061999887228012,4.470999777317047,4.295999974012375,4.215999990701675,3.476999908685684,4.187999904155731,3.420999974012375,2.562000036239624,1.938000112771988,3.1209999918937683,4.148999869823456,2.546999901533127,3.6779999136924744,3.3379998803138733,4.009999841451645,0.47300001978874207,3.9010002315044403,3.280000001192093,3.022000104188919,3.5800000727176666,4.123999774456024,1.6559998691082,3.240000069141388,3.7670000195503235,2.0630000829696655,3.833999752998352,0.23899999260902405,2.4880000054836273,4.3610000014305115,4.242000102996826,3.342999964952469,3.7070001363754272,4.613999843597412,3.561999887228012,2.714999884366989,4.08599978685379,3.2709998786449432,3.3470001220703125,3.479000002145767,1.58800008893013,4.111000061035156,4.575999855995178,3.735999822616577,4.089000195264816,3.605999916791916,4.135999858379364,1.4050000607967377,3.9999998807907104,1.4500000476837158,3.762999951839447,4.3110001385211945,3.985000103712082,4.711000025272369,3.847999930381775,3.203000068664551,4.090000212192535,4.336999833583832,4.492000132799149,4.800000160932541,4.2300001084804535,4.577000051736832,5.022999972105026,4.197999984025955,3.94899982213974
-2.936999887228012,-0.46799999475479126,-1.2329999804496765,-1.048000007867813,-0.679999977350235,-1.0119999945163727,-1.7410000562667847,-0.20799999684095383,-0.710999995470047,-2.3810001015663147,-2.5590000450611115,-3.4880000352859497,-1.440999984741211,0.0,-1.7229999899864197,-1.8419999778270721,-0.42899999022483826,-1.909000039100647,0.0,0.0,-3.4819999039173126,-2.3649999499320984,0.0,-0.5920000076293945,-1.5850000083446503,0.0,-0.03999999165534973,0.0,-1.0349999964237213,-1.4120000004768372,-0.14100000262260437,-2.5699999630451202,-1.6300000250339508,-0.9629999995231628,-0.057999998331069946,-2.150999993085861,-1.7130000293254852,-2.0639999508857727,-3.1270001232624054,-2.0640000104904175,-4.090999931097031,-0.9470000267028809,-4.092999994754791,-4.036999970674515,-1.0040000081062317,-1.5539999604225159,-1.495000034570694,-4.592999905347824,-0.23899998515844345,-0.36899999156594276,-0.9080000221729279,-1.8599999845027924,-0.08500000834465027,-1.5020000040531158,-2.2579999566078186,-3.393999993801117,-1.9449999332427979,-0.15700002014636993,-2.045999974012375,0.0,-1.1019999980926514,-1.0929999947547913,-0.40800000727176666,-0.465000007301569,-0.7160000205039978,-0.0429999977350235,-0.8940000236034393,-0.8600000143051147,-0.8959999978542328,-1.8949999809265137,-0.11500000953674316,-0.5489999949932098,0.0,0.0,0.0,0.0,0.0,-0.07300001382827759,0.0,-0.14899998903274536,0.0,-0.15299999713897705,-0.6649999916553497,0.0,-0.07300001382827759,-0.3590000085532665,0.0,-0.2970000095665455,-0.714000016450882,0.0,0.0,0.0,-0.018000006675720215,0.0,0.0,0.0
0.0,0.0,0.0,0.0,0.0,0.0,0.0,0.0,0.0,0.0,0.0,0.0,0.0,0.0,0.0,0.0,0.0,0.0,0.0,0.0,0.0,0.0,0.0,0.0,0.0,0.0,0.0,0.0,0.0,0.018999934196472168,0.0,0.0,0.0,0.0,0.0,0.0,0.0,0.0,0.0,0.0,0.0,0.0,0.0,0.0,0.0,0.0,0.0,0.0,0.0,0.0,0.0,0.0,0.0,0.0,0.0,0.0,0.0,0.0,0.0,0.0,0.0,0.0,0.0,0.0,0.0,0.0,0.0,0.0,0.0,0.0,0.0,0.0,0.0,0.0,0.0,0.0,0.0,0.0,0.0,0.0,0.0,0.0,0.0,0.0,0.0,0.0,0.0,0.0,0.0,0.0,0.0,0.0,0.0,0.0,0.0,0.0
-0.45399999618530273,-0.453000009059906,-0.3880000710487366,-0.42500001192092896,-0.4719999432563782,-0.4440000057220459,-0.49800002574920654,-0.4800000786781311,-0.5839999914169312,-0.5220000147819519,-0.4280000329017639,-0.4389999508857727,-0.5239999890327454,-0.35100001096725464,-0.5099999904632568,-0.4630000591278076,-0.4350000023841858,-0.5149999260902405,-0.4590000510215759,-0.46699994802474976,-0.4449999928474426,-0.4779999852180481,-0.46199995279312134,-0.46799999475479126,-0.4700000286102295,-0.5020000338554382,-0.45500004291534424,-0.421999990940094,-0.39399999380111694,-0.4050000309944153,-0.37300002574920654,-0.4010000228881836,-0.3489999771118164,-0.45499998331069946,-0.4569999575614929,-0.4360000491142273,-0.3920000195503235,-0.4179999828338623,-0.4290000796318054,-0.39800000190734863,-0.453000009059906,-0.4129999876022339,-0.3710000514984131,-0.5220000147819519,-0.34999996423721313,-0.37300002574920654,-0.4909999966621399,-0.4209999442100525,-0.4700000286102295,-0.4049999713897705,-0.43299996852874756,-0.5350000262260437,-0.3760000467300415,-0.36799997091293335,-0.40799999237060547,-0.35199999809265137,-0.47499996423721313,-0.4459999203681946,-0.45299994945526123,-0.32899999618530273,-0.3779999613761902,-0.41499996185302734,-0.46799999475479126,-0.4479999542236328,-0.37699997425079346,-0.4930000305175781,-0.4129999876022339,-0.4099999666213989,-0.44999998807907104,-0.4540000557899475,-0.44499993324279785,-0.34700000286102295,-0.5309999585151672,-0.5230000019073486,-0.38399994373321533,-0.43300002813339233,-0.37099993228912354,-0.4029999375343323,-0.3790000081062317,-0.47999995946884155,-0.4180000424385071,-0.437000036239624,-0.46700000762939453,-0.4899999499320984,-0.4520000219345093,-0.39900004863739014,-0.40400004386901855,-0.38099992275238037,-0.4520000219345093,-0.46800005435943604,-0.44999992847442627,-0.47600001096725464,-0.5320000052452087,-0.5049999952316284,-0.4699999690055847,-0.4129999876022339
0.0687,0.0852,0.11699999999999999,0.10139999999999999,0.09749999999999999,0.11309999999999999,0.07709999999999999,0.09539999999999998,0.08579999999999999,0.0807,0.06839999999999999,0.0726,0.075,0.09449999999999999,0.0933,0.06149999999999999,0.13349999999999998,0.0573,0.07919999999999999,0.11789999999999999,0.09419999999999999,0.0831,0.12329999999999999,0.1161,0.1266,0.08249999999999999,0.10169999999999998,0.1185,0.0861,0.10679999999999999,0.11249999999999999,0.1374,0.09209999999999999,0.12,0.15419999999999998,0.153,0.1065,0.1359,0.14789999999999998,0.075,0.05399999999999999,0.0957,0.1098,0.0924,0.13379999999999997,0.087,0.1437,0.0678,0.12269999999999999,0.0933,0.0957,0.1434,0.12149999999999998,0.09839999999999999,0.11909999999999998,0.0939,0.07619999999999999,0.1299,0.0624,0.14609999999999998,0.15119999999999997,0.1362,0.13199999999999998,0.13349999999999998,0.1251,0.1719,0.11339999999999999,0.1536,0.12719999999999998,0.1359,0.16529999999999997,0.08099999999999999,0.1611,0.13829999999999998,0.1599,0.1263,0.11009999999999999,0.1536,0.07319999999999999,0.1659,0.09209999999999999,0.12869999999999998,0.1536,0.1434,0.1299,0.10949999999999999,0.12149999999999998,0.1299,0.1803,0.16649999999999998,0.14939999999999998,0.1473,0.13679999999999998,0.1425,0.16229999999999997,0.11789999999999999
-0.058199999999999995,-0.0324,-0.039599999999999996,-0.0375,-0.029699999999999997,-0.035699999999999996,-0.041999999999999996,-0.055799999999999995,-0.040499999999999994,-0.034499999999999996,-0.06899999999999999,-0.039,-0.051,-0.025199999999999997,-0.023999999999999997,-0.0426,-0.030299999999999997,-0.05519999999999999,-0.038099999999999995,-0.060599999999999994,-0.0687,-0.06899999999999999,-0.0312,-0.036599999999999994,-0.0237,-0.0351,-0.045899999999999996,-0.0426,-0.04529999999999999,-0.0399,-0.04529999999999999,-0.035699999999999996,-0.034199999999999994,-0.0312,-0.055499999999999994,-0.029699999999999997,-0.0237,-0.031799999999999995,-0.036,-0.0462,-0.04409999999999999,-0.0288,-0.0687,-0.0489,-0.0789,-0.029699999999999997,-0.06029999999999999,-0.06659999999999999,-0.06149999999999999,-0.051,-0.06689999999999999,-0.09,-0.0537,-0.0663,-0.045,-0.06839999999999999,-0.034199999999999994,-0.0768,-0.0693,-0.09449999999999999,-0.054599999999999996,-0.0351,-0.0726,-0.0498,-0.06029999999999999,-0.09929999999999999,-0.0414,-0.1146,-0.026699999999999998,-0.07139999999999999,-0.052199999999999996,-0.0288,-0.11789999999999999,-0.06839999999999999,-0.07319999999999999,-0.035399999999999994,-0.0426,-0.0705,-0.020399999999999998,-0.0885,-0.020399999999999998,-0.039299999999999995,-0.07559999999999999,-0.07949999999999999,-0.0837,-0.05669999999999999,-0.052199999999999996,-0.0657,-0.045599999999999995,-0.0711,-0.07379999999999999,-0.07319999999999999,-0.07559999999999999,-0.06599999999999999,-0.0573,-0.060899999999999996
0.22199999999999998,0.1752,0.1833,0.16469999999999999,0.2133,0.1989,0.1818,0.19379999999999997,0.23159999999999997,0.2784,0.18059999999999998,0.2004,0.2115,0.18569999999999998,0.24929999999999997,0.16199999999999998,0.15269999999999997,0.16319999999999998,0.1863,0.14429999999999998,0.1551,0.19049999999999997,0.14579999999999999,0.15,0.1548,0.15689999999999998,0.18209999999999998,0.1752,0.10469999999999999,0.15749999999999997,0.1734,0.19229999999999997,0.15209999999999999,0.17639999999999997,0.13019999999999998,0.1596,0.14759999999999998,0.1452,0.204,0.12569999999999998,0.1533,0.1422,0.09839999999999999,0.2067,0.09839999999999999,0.11909999999999998,0.13949999999999999,0.24599999999999997,0.1278,0.1467,0.11249999999999999,0.12209999999999999,0.1452,0.09899999999999999,0.13799999999999998,0.2019,0.20789999999999997,0.10229999999999999,0.144,0.13019999999999998,0.18239999999999998,0.1503,0.1362,0.15,0.14309999999999998,0.2022,0.12869999999999998,0.1392,0.18599999999999997,0.11099999999999999,0.1689,0.08969999999999999,0.1533,0.1518,0.12539999999999998,0.1674,0.11279999999999998,0.14129999999999998,0.08879999999999999,0.14579999999999999,0.12059999999999998,0.21359999999999998,0.1455,0.1275,0.11099999999999999,0.11309999999999999,0.1323,0.1113,0.1707,0.11279999999999998,0.12029999999999999,0.11879999999999999,0.1293,0.1263,0.16349999999999998,0.15749999999999997
-0.07319999999999999,-0.0996,-0.062099999999999995,-0.075,-0.052199999999999996,-0.056999999999999995,-0.102,-0.08099999999999999,-0.07469999999999999,-0.0654,-0.0765,-0.12119999999999999,-0.07559999999999999,-0.055799999999999995,-0.07469999999999999,-0.11309999999999999,-0.059699999999999996,-0.0894,-0.1284,-0.0672,-0.09749999999999999,-0.08969999999999999,-0.0642,-0.0972,-0.0498,-0.07709999999999999,-0.07079999999999999,-0.062099999999999995,-0.06029999999999999,-0.08099999999999999,-0.0549,-0.048299999999999996,-0.05639999999999999,-0.053399999999999996,-0.0399,-0.0225,-0.041699999999999994,-0.026699999999999998,-0.027599999999999996,-0.04529999999999999,-0.05279999999999999,-0.051899999999999995,-0.041999999999999996,-0.0414,-0.08099999999999999,-0.0255,-0.0375,-0.022199999999999998,-0.036599999999999994,-0.060899999999999996,-0.0438,-0.07229999999999999,-0.0375,-0.026099999999999998,-0.0321,-0.048299999999999996,-0.0243,-0.060599999999999994,-0.0336,-0.08399999999999999,-0.036599999999999994,-0.0192,-0.0537,-0.0372,-0.0474,-0.0639,-0.0288,-0.10079999999999999,-0.0339,-0.050699999999999995,-0.016499999999999997,-0.023999999999999997,-0.0996,-0.036599999999999994,-0.0498,-0.0339,-0.030899999999999997,-0.075,-0.013499999999999998,-0.078,-0.018299999999999997,-0.04529999999999999,-0.07079999999999999,-0.07559999999999999,-0.09,-0.031799999999999995,-0.0327,-0.059399999999999994,-0.019799999999999998,-0.08789999999999999,-0.0846,-0.06449999999999999,-0.048299999999999996,-0.058199999999999995,-0.019799999999999998,-0.042899999999999994
32.0,32.0,32.0,32.0,31.0,32.0,23.0,32.0,32.0,32.0,32.0,32.0,32.0,32.0,32.0,32.0,32.0,32.0,32.0,32.0,25.0,32.0,21.0,32.0,21.0,23.0,26.0,24.0,32.0,23.0,32.0,30.0,32.0,26.0,23.0,15.0,29.0,21.0,17.0,15.0,32.0,15.0,22.0,20.0,32.0,14.0,16.0,32.0,15.0,17.0,14.0,24.0,18.0,32.0,16.0,32.0,24.0,32.0,32.0,32.0,32.0,14.0,32.0,16.0,20.0,22.0,32.0,26.0,17.0,32.0,14.0,32.0,25.0,24.0,32.0,32.0,32.0,32.0,32.0,23.0,32.0,31.0,29.0,32.0,32.0,14.0,32.0,25.0,23.0,32.0,32.0,21.0,32.0,32.0,32.0,32.0
15.0,15.0,15.0,15.0,15.0,15.0,15.0,15.0,15.0,15.0,15.0,15.0,15.0,15.0,15.0,15.0,15.0,15.0,15.0,15.0,15.0,15.0,15.0,15.0,15.0,15.0,15.0,15.0,15.0,15.0,15.0,15.0,15.0,15.0,15.0,15.0,15.0,15.0,15.0,15.0,15.0,15.0,15.0,15.0,15.0,15.0,15.0,15.0,15.0,15.0,15.0,15.0,15.0,15.0,15.0,15.0,15.0,15.0,15.0,15.0,15.0,15.0,15.0,15.0,15.0,15.0,15.0,15.0,15.0,15.0,15.0,11.0,15.0,15.0,15.0,15.0,15.0,15.0,15.0,15.0,15.0,15.0,15.0,15.0,15.0,15.0,15.0,15.0,15.0,15.0,15.0,15.0,15.0,15.0,15.0,15.0
0.0,0.0,0.0,0.0,0.0,0.0,0.0,0.0,0.0,0.0,0.0,0.0,0.0,0.0,0.0,0.0,0.0,0.0,0.0,0.0,0.0,0.0,0.0,0.0,0.0,0.0,0.0,0.0,0.0,0.0,0.0,0.0,0.0,0.0,0.0,0.0,0.0,0.0,0.0,2.0,0.0,0.0,0.0,0.0,0.0,0.0,0.0,0.0,0.0,0.0,1.0,0.0,0.0,1.0,0.0,0.0,0.0,0.0,1.0,0.0,0.0,0.0,0.0,0.0,0.0,0.0,0.0,0.0,0.0,0.0,2.0,0.0,0.0,0.0,0.0,0.0,0.0,0.0,0.0,0.0,0.0,0.0,0.0,0.0,0.0,0.0,0.0,0.0,0.0,0.0,0.0,0.0,0.0,0.0,0.0,0.0
0.0,0.0,0.0,0.0,0.0,0.0,0.0,0.0,0.0,0.0,0.0,0.0,0.0,0.0,0.0,0.0,0.0,0.0,0.0,0.0,0.0,0.0,0.0,0.0,0.0,0.0,0.0,0.0,0.0,0.0,0.0,0.0,0.0,0.0,0.0,0.0,0.0,0.0,0.0,0.0,0.0,0.0,0.0,0.0,0.0,0.0,0.0,0.0,0.0,0.0,0.0,0.0,0.0,0.0,0.0,0.0,0.0,0.0,0.0,0.0,0.0,0.0,0.0,0.0,0.0,0.0,0.0,0.0,0.0,0.0,0.0,0.0,0.0,0.0,0.0,0.0,0.0,0.0,0.0,0.0,0.0,0.0,0.0,0.0,0.0,0.0,0.0,0.0,0.0,0.0,0.0,0.0,0.0,0.0,0.0,0.0
-0.013205376215040782,-0.010137630915134074,-0.020107809044486155,-0.015709253012580207,-0.018709779703868334,-0.013246333565630014,-0.018844523706507257,-0.014067459561995649,-0.015559099573933186,-0.013601894034818374,-0.004596012362579713,-0.01210616279124263,-0.011076032015764972,-0.007359111799472601,-0.017647102258087577,-0.017428413214518504,-0.01238279091773467,-0.004946479117384883,-0.018776339254987326,-0.015165311825640418,-0.016835150856957803,-0.012102826416716686,-0.01717762385149739,-0.0192836060975074,-0.019193063744663896,-0.02053622819794497,-0.018802358917248185,-0.01993608640749471,-0.013617606043239458,-0.02093448424801564,-0.014533590195646887,-0.020023392386914834,-0.013568514251343144,-0.01569843136742423,-0.013212307712445331,-0.01577169703351121,-0.014205198254764684,-0.013890493740586055,-0.01751759963400655,-0.01777769647951649,-0.017692281878201488,-0.014804741520899486,-0.014673263083291005,-0.02045271529669576,-0.006203061831217313,-0.015717751899607613,-0.01596444517330467,-0.008976866894487026,-0.01678311112892189,-0.020422372330512237,-0.01783540014848964,-0.018158075050180827,-0.020336094517548448,-0.006282011179014391,-0.019793347001954814,-0.017046645423123216,-0.020112021208407063,-0.01247567553007184,-0.004342263864855589,-0.0012526694278130746,-0.015223261948074385,-0.012087719830998808,-0.011586439951138977,-0.016494594228632364,-0.017032839694576807,-0.01451491203908982,-0.013686475515563234,-0.016412443034475768,-0.018418329150593993,-0.009728496263635089,-0.01844402001730898,-0.0019909678356489213,-0.015676835976327935,-0.015726571793823654,-0.016847479789624878,-0.008000215834662011,-0.010582614872272925,-0.015227692057782058,-0.003704968621992266,-0.01672319370828075,-0.007369932761821657,-0.01658499145620701,-0.0214094568746723,-0.014044613106009768,-0.014773439967170884,-0.01415894265566972,-0.007848108445210944,-0.01662192392008416,-0.018962039040992876,-0.006134979721322362,-0.008986587773949506,-0.015352103104543283,-0.01556237044170064,-0.014023539187908052,-0.007603420445788933,-0.012657023459810332
3.780816090043215e-05,0.0,2.76435367240202e-05,0.0,0.0,1.6176865939854235e-05,0.0,1.236321259234785e-05,4.7437012812956425e-05,1.4312705907237877e-05,0.0,0.0,1.951272277600502e-05,2.2230107155074563e-05,0.0,0.0,0.0,0.0,0.0,0.0,4.021803637843657e-05,0.0,0.0,0.0,0.0,0.0,0.0,0.0,0.0,7.848392881593114e-06,0.0,3.079282149259788e-05,0.0,0.0,1.9641943524550953e-05,4.145869846428063e-05,0.0,0.0,0.0,0.0,0.0,0.0,0.0,0.0,0.0,0.0,0.0,0.0,0.0,0.0,0.0,0.0,0.0,0.0,0.0,0.0,0.0,0.0,0.0,0.0,0.0,0.0,0.0,0.0,0.0,0.0,0.0,0.0,0.0,0.0,0.0,0.0,0.0,0.0,0.0,0.0,0.0,0.0,0.0,0.0,0.0,0.0,0.0,0.0,0.0,0.0,0.0,0.0,0.0,0.0,0.0,8.693272894932935e-06,0.0,0.0,0.0,0.0
-0.012337776040280524,-0.00822679902954876,-0.019222181838753127,-0.01589105833177129,-0.01912969065636816,-0.012510932566328958,-0.020860601772980325,-0.014782178121774125,-0.014357470428058128,-0.013039998906708372,-0.002143047239520135,-0.012292394309665389,-0.00963164237443248,-0.007433994639421737,-0.016881118777510584,-0.01726911708770662,-0.012813024905478032,-0.003925574210440652,-0.0189947850936541,-0.01534916255065888,-0.02017983899829462,-0.012580489521807015,-0.019809018388733945,-0.021111095836007898,-0.019303180905948347,-0.021577539635143972,-0.0194715444943665,-0.020145374449691555,-0.015041506620554312,-0.0206683490214703,-0.01357733070305256,-0.022040163960748926,-0.013765672515085037,-0.015875284039881365,-0.018748695113842362,-0.019645218026543287,-0.018170710287755965,-0.017551315752921626,-0.023069577578203437,-0.02118380583401236,-0.019677373109218632,-0.018739495571411746,-0.019977645686639123,-0.02478157039496731,-0.00922683159652482,-0.019913389622113753,-0.018790415456025333,-0.007084098874746703,-0.02059154379288536,-0.021829282213699508,-0.018994117685281586,-0.020743488104980168,-0.023407309289440126,-0.008083882587499591,-0.022184310335344237,-0.019413246797554573,-0.022043997206980748,-0.015753690748125604,-0.003480241846041454,-0.002654784913520891,-0.01822707534262258,-0.015395991863864977,-0.013100849553973892,-0.019226087585719087,-0.019788493368294358,-0.016667611846029662,-0.014324015229970177,-0.01903401704253982,-0.01918883507882896,-0.010515321758406637,-0.02209812110336451,-0.002374154605923051,-0.01805603223876434,-0.01958371685128396,-0.018630436591780652,-0.008080517745656657,-0.011235388704301075,-0.01793070186018758,-0.003895816904088578,-0.020291285263300263,-0.008920223190053422,-0.019282216953483866,-0.021862437902648746,-0.016310688040246712,-0.017693654110994106,-0.016964596060889126,-0.00902882185129017,-0.020585753580587007,-0.021607372037396266,-0.008102015554884656,-0.010412727816988987,-0.018248437255960814,-0.018748079681895347,-0.01713551765014487,-0.009737052865811224,-0.014206661462811077
0.0013960302961739668,0.0017540942830082118,0.001928782602704071,0.0024841856988730426,0.002199512727471098,0.002072598631736977,0.001920118101911339,0.0019224782531340745,0.0021266952040053244,0.0014702624491752525,4.414021417781244e-05,0.0015217280809690648,0.0014795445048513822,0.001737964983503093,0.0017301819288395581,0.0016700458861220735,0.0014800184029135632,0.0005051199612325918,0.0019592790258157744,0.0010611585043211469,0.0013276514692310282,0.001530720277244213,0.0012641187189176284,0.0016714513740401227,0.001112869195624533,0.0023360116996149483,0.001267851598872105,0.0011351106887305673,0.0008829615285019798,0.0014015285951007317,0.0012753450861444082,0.0008802717737312893,0.000691626618130381,0.0010376076688093372,0.0005431680724766741,0.00042379039809975483,0.001203948029657842,0.0004538652017328504,0.0009225788757584175,0.00046288262269233993,0.0002491675233690094,0.0006300246899764161,0.00010040140822192845,0.0,0.0,7.084559974401827e-05,0.00014816592845035004,0.0,2.342222507256686e-05,0.0006864632757310196,0.00013743404936228387,0.0,0.0003736234209808509,0.0,0.0,0.0009106261699751705,0.00046695333275909023,0.00047788987805974514,0.0,0.0,0.0005993569342711558,0.0,0.0,0.0004974403773201352,0.0004986289419575685,0.0,0.0001914602427612877,0.0,0.0005494345704671333,0.0,0.0,0.0,0.0,0.0002451639428256991,0.0006425636511254162,0.0005418954635686424,0.00031454484578935515,0.0,0.0,0.00018799518445794527,0.0,0.0004990695660664901,0.00018719326977001405,0.0006749166440347398,0.000518879748662493,0.00025232614600567693,0.0005331774737671324,0.0005226293057921105,0.0003664181693536772,8.588687834992781e-05,0.00036613473118790596,0.0,0.000576929727054587,0.0003564677573709707,0.00028695439378023657,0.000836195991680333
-0.00041742218559498445,-0.0003350653930704328,-0.00039836744404597724,-0.0002878640368072505,-0.0003367962233731814,-0.0003039544615764944,-0.00028131601743081047,-0.00040537880635793666,-0.00039851926415607197,-0.0003506206150505897,-0.00041655518278976844,-0.0003181859159883116,-0.00029727560433828737,-0.0003060947778006362,-0.0003233414980437499,-0.0003012927949641586,-0.00039986794422230965,-0.0003859907564796039,-0.00032303976736675066,-0.000316173953159693,-0.0003949554743646333,-0.0003167910106774974,-0.0004160866409835817,-0.0004953407516029018,-0.0007023606063755183,-0.00032105722259845315,-0.00037433482374410465,-0.0004047603839966163,-0.0005241660177564555,-0.0008734910306365529,-0.00036644508673788767,-0.0005491100348435363,-0.00044845281141414617,-0.0007029078495073282,-0.0004688306845544443,-0.0006844176104651156,-0.0004195288732187774,-0.000575933439482812,-0.0011032750295272287,-0.00039332886736653805,-0.0008285223368880157,-0.0005981738135284465,-0.001732120526512726,-0.0005275185358531997,-0.0013849801042299936,-0.000888637989022556,-0.0007335406668402822,-0.001128305790525419,-0.0006337033232893807,-0.0003672310517335853,-0.0014648882581603795,-0.0018036195959031942,-0.0006286464606800046,-0.001450528729149081,-0.0011037234658556327,-0.0009364930024909346,-0.00046189984505784487,-0.0009354078498954865,-0.0004850938871967525,-0.0011501167611681629,-0.0011019119038749858,-0.0006585165195380771,-0.001105464785012611,-0.00048086182682161027,-0.0004823824096086282,-0.001430633207892107,-0.0009076654696709707,-0.0014815010124704098,-0.0004172278767470283,-0.0011151404021369493,-0.0010485388356415992,-0.0009980905955889185,-0.0015386411790816457,-0.000638708023407264,-0.0012869799432870255,-0.00041201705593463256,-0.0004864831796628777,-0.0010917096191344622,-0.0005780762587790367,-0.0013272034565229296,-0.0008112908857893508,-0.0003436754421088928,-0.0007756323590462633,-0.0007925726311054371,-0.0008843711843109503,-0.0005381358371626677,-0.00047093715473384146,-0.0007734088777258119,-0.0011545545462454676,-0.000601903534706294,-0.0008086428872201568,-0.0007444284910786969,-0.0005229529042760639,-0.0005833972989626179,-0.00048365225951896296,-0.00033205809443037637
0.055303386301481586,0.051122595481492686,0.08467147624889361,0.07586316348867701,0.09163625228667202,0.0572819680205964,0.07964357483641299,0.0690920566683043,0.06960198789340186,0.05916232672648607,0.02339637399061919,0.05267536336025687,0.05128500059320235,0.04289578158871146,0.0722815583943,0.07494275551716634,0.06391423630813306,0.029402571116334535,0.07765098534827332,0.06889901007342042,0.07900596966880227,0.054109291787563504,0.08360584049935307,0.08109778195218745,0.08818216068680042,0.08552108228868148,0.07879160110919607,0.08492126452177633,0.06290355009380537,0.08794240098287105,0.06215242859234418,0.08631217767551648,0.062487529572234204,0.06632280102365111,0.0770710205065857,0.07643694066126194,0.06522739951559585,0.07540115520482324,0.07590182031237053,0.06986212552114793,0.06819895029070656,0.07525504362445402,0.07728903941540784,0.08820974017728637,0.05169137835769769,0.07506380864287586,0.08484391983513619,0.039314635841983206,0.0860784388589113,0.08485846661246092,0.08702228423804326,0.08600377884080214,0.0883069531226307,0.04636508247512741,0.08220357585906274,0.08130740839155574,0.07588439367054507,0.07177279139026554,0.027835047131683256,0.03549570309354671,0.074547256996386,0.07315132182370093,0.06373760259837571,0.0761951241023231,0.08462067499327437,0.08211174276075536,0.06318982533594833,0.08678163934308011,0.07470789993632934,0.050075525055481074,0.08961859935525389,0.030520831290785862,0.08594104330590141,0.07996987111888246,0.0767837587957391,0.048103437786434194,0.053293363912078076,0.0756457633391058,0.03313354745109303,0.08427425941803884,0.04666643341896219,0.0783157036577648,0.08063588797341525,0.06837149313642528,0.07790450335569472,0.06765331225754116,0.049112713423742294,0.08442130210398878,0.09066944060621693,0.05241409567694687,0.05355027496300961,0.07711119611850689,0.07420922192602362,0.07642465977744506,0.05645974537190651,0.0668583554945574
0.0,0.0,0.0,0.0,0.0,0.0,0.0,0.0,0.0,0.0,0.0,0.0,0.0,0.0,0.0,0.0,0.0,0.0,0.0,0.0,0.0,0.0,0.0,0.0,0.0,0.0,0.0,0.0,0.0,0.0,0.0,0.0,0.0,0.0,0.0,0.0,0.0,0.0,0.0,0.0,0.0,0.0,0.0,0.0,0.0,0.0,0.0,0.0,0.0,0.0,0.0,0.0,0.0,0.0,0.0,0.0,0.0,0.0,0.0,0.0,0.0,0.0,0.0,0.0,0.0,0.0,0.0,0.0,0.0,0.0,0.0,0.0,0.0,0.0,0.0,0.0,0.0,0.0,0.0,0.0,0.0,0.0,0.0,0.0,0.0,0.0,0.0,0.0,0.0,0.0,0.0,0.0,0.0,0.0,0.0,0.0
0.0,0.0,0.0,0.0,0.0,0.0,0.0,0.0,0.0,0.0,0.0,0.0,0.0,0.0,0.0,0.0,0.0,0.0,0.0,0.0,0.0,0.0,0.0,0.0,0.0,0.0,0.0,0.0,0.0,0.0,0.0,0.0,0.0,0.0,0.0,0.0,0.0,0.0,0.0,0.0,0.0,0.0,0.0,0.0,0.0,0.0,0.0,0.0,0.0,0.0,0.0,0.0,0.0,0.0,0.0,0.0,0.0,0.0,0.0,0.0,0.0,0.0,0.0,0.0,0.0,0.0,0.0,0.0,0.0,0.0,0.0,0.0,0.0,0.0,0.0,0.0,0.0,0.0,0.0,0.0,0.0,0.0,0.0,0.0,0.0,0.0,0.0,0.0,0.0,0.0,0.0,0.0,0.0,0.0,0.0,0.0
-0.2747269183581107,-0.26258452064030935,-0.3745383006128423,-0.3715136028819068,-0.3297484010862226,-0.2885913347895058,-0.37585334232617607,-0.2641324139018886,-0.34137434517752796,-0.3794410945897535,-0.2468420875688342,-0.35225915622975534,-0.28721207701901164,-0.23599154349206553,-0.2766826005333486,-0.2982267889408088,-0.32615989871216877,-0.3800397894832064,-0.3039584312275727,-0.3191224741802282,-0.3165309472949078,-0.2739031973017224,-0.2804666241260615,-0.3125823655257143,-0.2462125211045223,-0.27382154500711564,-0.3525128132836768,-0.3213896527443062,-0.3798710120529012,-0.26618860920598597,-0.3515308862247757,-0.3534488334106667,-0.3801574680328068,-0.25723630479939774,-0.26046394195084255,-0.2578436518616951,-0.3798073376261486,-0.32375955407785184,-0.3047969153414819,-0.25377697830306944,-0.344798955870548,-0.35335000089308966,-0.36322710848056095,-0.31603346123185627,-0.30133476578766105,-0.2656761309253467,-0.26646041933143316,-0.3108731044278862,-0.321571642616972,-0.3775276351896406,-0.270000554413113,-0.25981507964104056,-0.3276479789091591,-0.3800075847640427,-0.379276042697548,-0.2824992242116542,-0.3014555784362509,-0.375129550995423,-0.38008123653088033,-0.2206127444775069,-0.38046885417537435,-0.2760172693684533,-0.38008091091557894,-0.3794294206255674,-0.32795039625370015,-0.2631473532724272,-0.38015585705054056,-0.3282739522616439,-0.3031565673023585,-0.3800281484293466,-0.29222339414521303,-0.3807436028791875,-0.2900007329797192,-0.34212325777720676,-0.37995596081890004,-0.3797429881070755,-0.3800545393535497,-0.3803472756794454,-0.38026884167622566,-0.3508365577917454,-0.379923124683909,-0.3358475643781563,-0.3393211478952889,-0.3683719521049238,-0.2958529361148252,-0.3790014601860643,-0.3798040158942443,-0.30127739087034766,-0.3481088483472099,-0.22299245775582976,-0.25385446929630695,-0.2774616791914556,-0.3407375430222921,-0.2622242316710228,-0.23275116933951456,-0.24285751248241694
0.0,0.0,0.0,0.0,0.0,0.0,0.0,0.0,0.0,0.0,0.0,0.0,0.0,0.0,0.0,0.0,0.0,0.0,0.0,0.0,0.0,0.0,0.0,0.0,0.0,0.0,0.0,0.0,0.0,0.0,0.0,0.0,0.0,0.0,0.0,0.0,0.0,0.0,0.0,0.0,0.0,0.0,0.0,0.0,0.0,0.0,0.0,0.0,0.0,0.0,0.0,0.0,0.0,0.0,0.0,0.0,0.0,0.0,0.0,0.0,0.0,0.0,0.0,0.0,0.0,0.0,0.0,0.0,0.0,0.0,0.0,0.0,0.0,0.0,0.0,0.0,0.0,0.0,0.0,0.0,0.0,0.0,0.0,0.0,0.0,0.0,0.0,0.0,0.0,0.0,0.0,0.0,0.0,0.0,0.0,0.0
-0.6845453591701413,-0.671702670894286,-0.7738649952829574,-0.7728383568334197,-0.7351551902558865,-0.6987402325079307,-0.7752013107971104,-0.6722987117632715,-0.7476954609425565,-0.7799540744658179,-0.6542776190277596,-0.7579141685427331,-0.6975243383840227,-0.641683743039641,-0.6854890290997933,-0.7068330397556561,-0.7343473605825661,-0.7810350945791589,-0.7122715469756493,-0.7274584982066901,-0.7239518754469704,-0.6836565386378486,-0.6880062060813169,-0.7199599939155557,-0.6500831169227946,-0.6808860641093301,-0.7558345591960762,-0.727649501353216,-0.7800456668489859,-0.6723133608242027,-0.7567349509214248,-0.7557363936841357,-0.7803127565341786,-0.6649327790627353,-0.6674834087886133,-0.6646665296587186,-0.7797860887116345,-0.7310937169607503,-0.7131412598267858,-0.6606180107264779,-0.7506138787118408,-0.7572375079966553,-0.7651443463390075,-0.7222791540358701,-0.7115904867931435,-0.6733256569282771,-0.6729970830706855,-0.72115707913414,-0.7278098596008377,-0.7754083772399051,-0.6764752933690027,-0.6655172502112707,-0.7329992143705333,-0.7809546876882292,-0.7771760419600124,-0.6903321766932187,-0.7098471297745204,-0.7754413504743761,-0.7810527067223495,-0.6231486428108743,-0.7793067714464335,-0.684484859253787,-0.78020212542066,-0.7782873610462882,-0.7337371527442997,-0.6697395294994856,-0.7801275378737316,-0.7370465951895082,-0.7115336870160109,-0.7809114628556404,-0.6989202667831377,-0.7816089375042499,-0.6972849422609604,-0.7468911090354684,-0.7787548399514144,-0.7806423821366089,-0.7806973095016836,-0.7791940225233072,-0.7812959232974368,-0.7537329854782098,-0.7808794774741287,-0.7414269987427481,-0.7440914627600723,-0.7701155016811635,-0.7040751170713033,-0.7787153251232238,-0.7806665262737109,-0.7086514610137624,-0.7504473512536033,-0.6256259604664044,-0.6617647403078402,-0.6853068208393347,-0.7461672384383482,-0.6692254684437132,-0.6372643584522013,-0.6484361486647588




0.0,0.0,0.0,0.0,1.0,1.0,2.0,2.0,2.0,2.0,2.0,2.0,2.0,2.0,2.0,2.0,2.0,2.0,2.0,2.0,3.0,3.0,4.0,5.0,6.0,7.0,8.0,9.0,9.0,10.0,10.0,11.0,11.0,12.0,13.0,14.0,15.0,16.0,17.0,18.0,19.0,20.0,21.0,22.0,22.0,23.0,24.0,24.0,25.0,26.0,27.0,28.0,29.0,29.0,30.0,30.0,31.0,31.0,31.0,31.0,31.0,32.0,32.0,33.0,34.0,35.0,35.0,36.0,37.0,37.0,38.0,38.0,39.0,40.0,40.0,40.0,40.0,40.0,40.0,41.0,41.0,42.0,43.0,43.0,43.0,44.0,44.0,45.0,46.0,46.0,46.0,47.0,47.0,47.0,47.0,47.0
0.0,0.0,0.0,0.0,0.2,0.16666666666666666,0.2857142857142857,0.25,0.2222222222222222,0.2,0.2,0.2,0.2,0.1,0.1,0.0,0.0,0.0,0.0,0.0,0.1,0.1,0.2,0.3,0.4,0.5,0.6,0.7,0.7,0.7,0.7,0.7,0.6,0.6,0.6,0.6,0.6,0.7,0.7,0.8,0.8,0.9,0.9,0.9,0.8,0.8,0.8,0.7,0.7,0.7,0.7,0.7,0.7,0.7,0.7,0.6,0.7,0.6,0.5,0.4,0.3,0.3,0.3,0.3,0.4,0.4,0.4,0.5,0.6,0.6,0.6,0.6,0.6,0.6,0.5,0.5,0.4,0.3,0.3,0.3,0.3,0.3,0.3,0.3,0.3,0.4,0.4,0.5,0.5,0.5,0.4,0.4,0.4,0.4,0.3,0.3
