1,2,3,4,5,6,7,8,9,10,11,12,13,14,15,16,17,18,19,20,21,22,23,24,25,26,27,28,29,30,31,32,33,34,35,36,37,38,39,40,41,42,43,44,45,46,47,48,49,50,51,52,53,54,55,56,57,58,59,60,61,62,63,64,65,66,67,68,69,70,71,72,73,74,75,76,77,78,79,80
14829.531,17661.605,20579.959,16259.595,-2.3031762,15623.995,18670.158,20309.34,18822.674,6425.965,3594.8413,17237.432,3306.763,18487.947,19458.879,19016.307,20071.975,20603.164,16576.643,19395.79,20000.605,8216.99,17681.523,15990.991,15760.442,19719.498,19235.154,19470.637,21367.246,18410.873,16227.7705,13893.855,14780.289,13566.277,18255.586,1968.2249,19935.49,20921.646,3465.0635,20239.697,12221.748,19250.773,19789.426,2756.599,17969.596,3127.064,12885.947,21341.621,18620.771,21136.654,17031.613,18844.086,13307.837,19679.45,18395.168,19930.887,20920.729,20855.23,21114.83,20446.469,19393.832,15888.162,21022.701,21197.777,21394.031,18197.033,21965.582,18739.285,21360.43,9070.658,5138.2686,2462.6948,19167.432,15874.248,17699.596,14787.23,14303.164,19095.148,6748.804,3182.9734
52395716.0,92015016.0,151763140.0,64468750.0,39.050983,60989692.0,111293610.0,139699970.0,112623620.0,9856668.0,2740851.5,90296770.0,1645028.2,108090160.0,120547320.0,126855530.0,147069140.0,150462530.0,77089980.0,131550660.0,144508780.0,15070203.0,110499400.0,70086860.0,70104440.0,140231980.0,111992140.0,128045330.0,163689970.0,100540920.0,79923740.0,37804710.0,65878252.0,59431708.0,120464850.0,583863.25,133242030.0,145664400.0,2115118.5,144290050.0,29825536.0,128027060.0,132970470.0,1197062.4,105848970.0,1706206.0,45969228.0,177895150.0,110854376.0,174082370.0,90890880.0,130367450.0,46108004.0,139334850.0,116022130.0,137482300.0,147734350.0,160746860.0,173620750.0,155665820.0,108320280.0,68650390.0,161930670.0,165023620.0,171171870.0,115448270.0,178630460.0,112120780.0,178015200.0,15672095.0,5372534.0,1030466.3,120493360.0,59807360.0,97015080.0,56412772.0,59238100.0,121294744.0,9096948.0,1788570.8
-0.14410682,-0.14346519,-0.079699725,-0.081503235,-0.21728916,-0.026397273,-0.15334012,-0.17680365,-0.070357144,-0.11505239,-0.13126689,-0.0726725,-0.36700904,-0.13662057,-0.021370348,-0.1652786,-0.12616855,-0.22667928,-0.11271384,-0.23194982,-0.06961649,-0.14104335,-0.110373296,-0.017193003,-0.09993855,-0.2945203,-0.013926065,-0.06755138,-0.20301953,-0.050397802,-0.05219013,-0.19893502,-0.14321972,-0.03756277,-0.10552096,-0.18873243,-0.19993928,-0.042841014,-0.10103378,-0.052530415,-0.26631802,-0.14620839,-0.20563601,-0.18413971,-0.04265,-0.17542434,-0.019807592,-0.2750134,-0.08929309,-0.048262738,-0.074669555,-0.07971536,-0.08873248,-0.21751554,-0.13030212,-0.16491257,-0.11904105,-0.14743102,-0.1766331,-0.03267117,-0.046366792,-0.08576067,-0.08213752,-0.12021309,-0.08391424,-0.20348303,-0.21986534,-0.1125638,-0.12500682,-0.36055765,-0.11541419,-0.11846981,-0.028503014,-0.27233925,-0.1449525,-0.17932434,-0.05960281,-0.30868953,-0.12632635,-0.03181793
-5.6601386,-5.648501,-5.638289,-5.659928,-5.637337,-5.650783,-5.6739774,-5.681845,-5.6917486,-5.6951556,-5.6667457,-5.629226,-5.6120877,-5.6005807,-5.6045184,-5.605434,-5.57192,-5.5714784,-5.5440764,-5.5110536,-5.4770026,-5.4503083,-5.4486356,-5.4477396,-5.4482684,-5.4652467,-5.466783,-5.462211,-5.4901977,-5.515884,-5.506999,-5.5368,-5.5527844,-5.562144,-5.5619597,-5.5775495,-5.5627265,-5.530478,-5.5194345,-5.5355554,-5.520004,-5.533255,-5.547068,-5.5516458,-5.518124,-5.4789615,-5.4906373,-5.4943233,-5.480224,-5.4632425,-5.452846,-5.451493,-5.453399,-5.456986,-5.445866,-5.425401,-5.416907,-5.429692,-5.438327,-5.4256816,-5.4311495,-5.449359,-5.4691405,-5.465519,-5.4351163,-5.427503,-5.4239707,-5.4236703,-5.4342237,-5.50143,-5.530351,-5.596087,-5.574059,-5.5769944,-5.5694137,-5.54865,-5.5747914,-5.5538526,-5.5347695,-5.531588
0.9282481805652061,0.8898373117107046,0.837606826820001,0.9321132868269404,0.0,0.8555326793087059,0.9267801425066908,0.8958179022985164,0.8341238767945873,0.8683732599489922,0.8340865133203672,0.8507407903292881,0.7990827438293289,0.8294033436230783,0.8253854123239324,0.8977016207130786,0.9588452138825079,0.8205809752103153,0.7849928746938812,0.815553949178851,0.9333638863211975,0.756144339598726,0.8269653535195227,0.8035291845470984,0.8655659426716926,0.8406898284785129,0.856745353471988,0.899796316339214,0.8571110285768231,0.8795989706320739,0.7911973651986355,0.9714036487888971,0.8816005853224333,0.7816844748337461,0.808592918553235,0.4686378367575045,0.7964820961951464,0.9319999790479774,0.8295771446460165,0.8269607650226887,0.9805234267107397,0.8530592922295734,0.8212693433782139,0.6594613401649787,0.8905961929013793,0.731866790135407,0.7971563243013726,0.8474123509115512,0.8919953098645912,0.8149735511507412,0.8792671005753425,0.8287840838360678,0.8200341013019317,0.8427107335841335,0.8012263209931658,0.8633029709473783,0.8136701371214963,0.892280733096227,0.885374108933072,0.9747855582411691,0.8959917969642472,0.8341294017193466,0.8739649520194213,0.9164710074769065,0.9641207678853505,0.801246266907975,0.7912565474435156,0.8214871565136419,0.8884128175507164,0.7817572352835429,0.8509215209188736,0.6007617302378268,0.8134968043125208,0.9552886606221644,0.8177103554052645,0.7680593548776316,0.8345082804579287,0.7999130744707053,0.8461531362803811,0.7287616887778576
0.32449250296456456,0.3620814690290178,0.3467390339006695,0.31298567661830345,0.0,0.3030130937848772,0.32832811174665166,0.3122185548618861,0.3198897724260602,0.17336951695033476,0.14038328142438605,0.3313965987723213,0.0813149061802454,0.32525962472098213,0.3106843113490513,0.3298623552594865,0.3313965987723213,0.30684870256696417,0.31912265066964274,0.37895814767020075,0.3083829460797991,0.24164335327148423,0.3022459720284597,0.34060205984933023,0.3106843113490513,0.3628485907854352,0.3198897724260602,0.33446508579799095,0.3137527983747209,0.3429034251185824,0.31145143310546863,0.24854744907924098,0.304547337297712,0.3375335728236606,0.3160541636439732,0.0636711057826449,0.304547337297712,0.3444376686314172,0.08591763671874986,0.33062947701590395,0.252383057861328,0.3076158243233815,0.30378021554129453,0.055999888218470906,0.3099171895926338,0.057534131731305616,0.3275609899902342,0.3083829460797991,0.32065689418247756,0.31298567661830345,0.321424015938895,0.31912265066964274,0.3336979640415735,0.35747873849051326,0.3076158243233815,0.3076158243233815,0.3007117285156249,0.3429034251185824,0.30378021554129453,0.30531445905412935,0.3452047903878348,0.3551773732212611,0.3198897724260602,0.3697526865931918,0.3022459720284597,0.33062947701590395,0.3452047903878348,0.3106843113490513,0.30684870256696417,0.13654767264229895,0.17950649100167393,0.0636711057826449,0.3413691816057477,0.3766567824009486,0.36438283429827,0.30147885027204235,0.3260267464773994,0.34060205984933023,0.14421889020647316,0.07978066266741057
0.8727231836225768,0.8379550296945846,0.7695605787876336,0.8528937974718818,0.0023075864740804697,0.8067249904697849,0.8686341660846848,0.834254876286439,0.7795038422551568,0.7914382966750195,0.7710179444257648,0.8047662048615907,0.670049507360392,0.7646784931823687,0.7625244006608831,0.8617438120065897,0.8669823563974552,0.7449787284082556,0.7379263476094327,0.740646670789272,0.857816821189425,0.7560229107125345,0.7755282434217738,0.7611804417430363,0.781746618040946,0.7976976213906948,0.7807667878126399,0.8166520512652355,0.77573887815872,0.790976963937267,0.7733502783242758,0.899702166604532,0.8278582722744665,0.7539984395676309,0.7381446522503183,0.4188031084222368,0.7379425502815056,0.79802934473609,0.7175784639681839,0.7418371357545244,0.7540794529279946,0.8022479836505645,0.76947189552333,0.5672919693272682,0.8325706612550636,0.628196567289431,0.7330843372522531,0.7559581000242432,0.838214272447749,0.7346389309070465,0.8083853449093725,0.7511971030274278,0.7644431110209919,0.7860377375476508,0.744241938261041,0.7980455474081629,0.7533827260446406,0.8416151078546448,0.777414560421962,0.8982285863101027,0.819154081788414,0.7695605787876336,0.786248372284597,0.8524000474057587,0.8566672943364515,0.732331344432966,0.7368168960045445,0.7471242881616083,0.8087256010229007,0.6998383716349084,0.7729852747863171,0.5323779913506206,0.7513753324202281,0.8459548353775683,0.7339183434319043,0.6996601422421076,0.7603140302192393,0.7339345461039772,0.7415940956734328,0.6226262995531702
0.0,0.0,0.0,0.0,0.0,0.0,0.0,0.0,0.0,0.0,0.0,0.0,0.0,0.0,0.0,0.0,0.0,0.0,0.0,0.0,0.0,0.0,0.0,0.0,0.0,0.0,0.0,0.0,0.0,0.0,0.0,0.0,0.0,0.0,0.0,0.0,0.0,0.0,0.0,0.0,0.0,0.0,0.0,0.0,0.0,0.0,0.0,0.0,0.0,0.0,0.0,0.0,0.0,0.0,0.0,0.0,0.0,0.0,0.0,0.0,0.0,0.0,0.0,0.0,0.0,0.0,0.0,0.0,0.0,0.0,0.0,0.0,0.0,0.0,0.0,0.0,0.0,0.0,0.0,0.0
0.0,0.0,0.0,0.0,0.0,0.0,0.0,0.0,0.0,0.0,0.0,0.0,0.0,0.0,0.0,0.0,0.0,0.0,0.0,0.0,0.0,0.004040409521673283,0.0,0.0,0.0,0.0,0.0,0.0,0.0,0.0,0.0,0.0,0.0,0.004760996996815869,0.0049554290616891095,0.0,0.0,0.0,0.0,0.0,0.0,0.0,0.0,0.0,0.0,0.0,0.0,0.0,0.0,0.0,0.0,0.0,0.001505985638574181,0.0,0.0,0.0,0.0,0.0,0.0,0.0,0.0,0.0,0.0,0.0,0.0,0.002615437243463248,0.0,4.860801621831001e-05,0.0,0.0,0.0,0.0,0.0,0.0,0.0,0.0,0.0,0.0,0.0,0.0
-0.2222514775794302,-0.20402529309974682,-0.24574861179412544,-0.22228388292357604,-0.009116927191811897,-0.18794465638919,-0.23076889392032474,-0.22140126872770605,-0.20261652349360837,-0.14675603785743796,-0.08022403137466227,-0.2515056416913204,-0.060070591782512395,-0.20545026537795774,-0.2330202144584721,-0.2024382941008085,-0.2262270764128127,-0.2255550969538893,-0.19389613033548336,-0.28519674935856987,-0.22143367407185188,-0.18491648243996828,-0.17839880180377143,-0.2310204787537744,-0.23584628643888106,-0.19992007288978186,-0.2297652031002313,-0.17280379862730477,-0.24082558807658216,-0.24072837204414554,-0.21094805252198778,-0.18065778026163404,-0.2098795390293775,-0.17851222050828142,-0.18668172281593254,-0.0576981946201407,-0.21603310296025846,-0.17916799729513144,-0.059479625683952264,-0.20128876724783407,-0.18890829592964842,-0.21186307206200272,-0.24476878156581972,-0.06010299712665734,-0.2220408428424845,-0.06476677809103659,-0.2671325915996139,-0.22770065670724193,-0.22962791181970932,-0.20255171280531759,-0.2449956189748379,-0.1974589924631065,-0.21685856438755202,-0.25281719526502133,-0.21737706187810524,-0.21970085102425863,-0.21272948358579935,-0.21893165553289862,-0.21212231481516675,-0.20929624283475778,-0.18966128874893595,-0.2616186017835105,-0.23856660961872045,-0.23383801796605042,-0.19779071580850172,-0.18783978243703903,-0.2022276593638619,-0.18407481834060224,-0.21284290229030844,-0.09385891548219849,-0.1920174832392343,-0.06321218443624321,-0.229579303803491,-0.23098807340962857,-0.19517527856503936,-0.18407481834060224,-0.18484401383196225,-0.19362068491024598,-0.12665973904963845,-0.060839775289647235
0.01810510785545949,0.02422626644219461,0.020493707689903662,0.019416661429160875,0.012364280630337898,0.019773120214761963,0.02169184255909551,0.010696268271035425,0.01855023792113908,0.017449331068608576,0.010024288812112037,0.01805649983924118,0.0008340061796512366,0.030865910535258667,0.019449066773306267,0.020048565639998905,0.0233760575904709,0.009692565466716818,0.02165176731101015,0.01581372405345194,0.010842092319690355,0.0214087272299186,0.019497674789524577,0.02419386109804922,0.01656671687273903,0.018550249905364247,0.011497869106540826,0.01305246276133376,0.011441591186382993,0.011757111859705294,0.0189553167071832,0.012267064597901278,0.01748173641275441,0.01462324710397489,0.016979441594273226,0.00416237297854094,0.012331875286192062,0.01208116530116099,0.0036276728159143623,0.013538542923517305,0.009125471944169572,0.016437095496157017,0.014080901005858237,0.00284227465248188,0.008121769139850965,0.002267523210219835,0.007044722879108178,0.018186121215823192,0.0153847846756201,0.01226705261367611,0.006996114862889868,0.0217242479032409,0.016906972986267643,0.013765380332535937,0.021902477296041667,0.023392260262543374,0.015424859923705458,0.017764839757706152,0.011360577826018847,0.016979453578498394,0.02718962970312555,0.015489670611996242,0.008186579828142193,0.014817691153072854,0.008154174483996357,0.01519035261074686,0.01222698934981592,0.01786206777436794,0.009910870107602499,0.010777281631399127,0.005983867306213142,0.00284227465248188,0.01254251002313822,0.007781513026322795,0.01297998216910301,0.009910858123377775,0.009514336073916052,0.010825889647617437,0.0034818487672594323,0.0020568764890489533
0.0,-7.246860800602661e-05,0.0,-0.00029931800124982644,0.0,0.0,0.0,0.0,0.0,0.0,-0.00029930601702510273,0.0,-0.0018701143281156796,0.0,0.0,0.0,0.0,0.0,0.0,0.0,0.0,0.0,0.0,0.0,0.0,0.0,0.0,0.0,0.0,0.0,0.0,0.0,0.0,-0.0015946569186535697,0.0,0.0,0.0,0.0,0.0,0.0,0.0,0.0,0.0,0.0,0.0,0.0,0.0,0.0,0.0,0.0,0.0,0.0,0.0,0.0,0.0,0.0,0.0,0.0,0.0,0.0,0.0,0.0,0.0,0.0,0.0,0.0,0.0,0.0,0.0,0.0,0.0,0.0,0.0,0.0,0.0,0.0,0.0,0.0,0.0,0.0
0.02466672425693872,0.03231025011839961,0.02282687409153583,0.018581518345197168,0.0,0.033444328506469834,0.022219443265879768,0.022492843383386862,0.03153848520925484,0.020200468885557932,0.021353402454145964,0.015117355098262397,0.0,0.030672444397521037,0.024540100534485187,0.03154791279951352,0.02157023703010008,0.02148538871777017,0.03208935049335748,0.013239794571823893,0.01608709940284392,0.03213111951189429,0.03219711903529321,0.024874131242633712,0.01589854759766629,0.036165009615036325,0.02000785203129274,0.014143545744593311,0.021409967995698942,0.019066390497487706,0.03993492079934313,0.01753635331854486,0.03096876474463439,0.050920051234373265,0.0367670715079349,0.0,0.023362949244208675,0.03094048197385746,0.0,0.03549694819873883,0.008641552936819341,0.023274035882790756,0.014934165834255886,0.0,0.021579664620358763,0.0,0.01372873177320244,0.02094395102392621,0.023047773716577957,0.021170213190139453,0.01492473824399676,0.03864057337687177,0.03409889728342019,0.01927786253227115,0.026281609748211476,0.030597023675450252,0.0284743458022807,0.02663449563687781,0.023904386938052635,0.02369291490326919,0.03008386875238278,0.02232314675872704,0.016317426618144726,0.026587357685583513,0.008937873283932252,0.03464976256752328,0.031242164862141486,0.03897460408502029,0.021236206321951556,0.013192656620529597,0.0013414853737656607,0.0,0.03666873694784467,0.022351429529503974,0.03257828769473603,0.03238567084047084,0.020040199851157237,0.03073843752933314,0.0026829707475308773,0.0
-0.00621719217536576,-0.0050831137872955345,-0.006056923140964621,-0.007502112007577999,-0.062280987787675546,-0.004494538142157278,-0.005605702692208059,-0.007017239855287016,-0.005073686197036409,-0.004283066107373834,-0.0009131787630280996,-0.0097190657833357,-0.01017972021393776,-0.0020661123316161323,-0.005162599558454328,-0.004541676093451574,-0.007464401646542385,-0.007939846208574242,-0.002856732421278707,-0.009930537818119145,-0.009841630848288041,-0.0042736385171151525,-0.0024378534007998276,-0.0056757544815218,-0.009775637716475938,-0.002550984483906671,-0.007873853076762138,-0.00861327655762878,-0.005958588580874835,-0.00799641175012722,0.0,-0.006570078064032092,-0.004320782859996264,0.0,0.0,-0.011940084608181856,-0.005111396558072023,-0.0052285926902664315,-0.010034241310966863,-0.00018318926400651137,-0.009366186286256184,-0.0041322246632318205,-0.009366186286256184,-0.010871999351923733,-0.00576060279385171,-0.010758868268817334,-0.010692875137005231,-0.005713464842557414,-0.0051814547389721355,-0.0067020643276562986,-0.009728499765181198,0.0,0.0,-0.010528541053516083,-0.00383590431611891,-0.0039961797421064205,-0.004626524405781485,-0.004075659121678843,-0.00530401341233766,-0.006456946980925693,-0.001981264019286222,-0.007186936479946837,-0.008387007999829166,-0.0056568993010039925,-0.01000595854018993,-0.00020204444452431858,-0.004701951519439085,-0.00044716179125492417,-0.008132463062839435,-0.004075659121678843,-0.010147378785660077,-0.011408074504596577,-0.0007057717773326644,-0.008494776541764892,-0.004353124288273946,-0.0037039180524947035,-0.007454974056283259,-0.0044191174200860495,-0.009728499765181198,-0.00975678253595813
0.00790958843753331,0.006591323697944462,0.0074302194413191636,0.00862864193185442,0.052562810434879426,0.006183860051162338,0.006950850445105017,0.007837683088101066,0.006831008196051425,0.005872270203623131,0.004458131664791587,0.010042780470686186,0.010474212567278762,0.0035473305719846415,0.006016080902487397,0.005944175553055375,0.008724515731097338,0.008293083634504539,0.004530037014223609,0.009946906671443267,0.010306433418603822,0.005752427954569539,0.004530037014223609,0.006831008196051425,0.009875001322011245,0.004410194765170017,0.009179916277500588,0.008173241385450947,0.006926881995294343,0.008700547281286442,0.0,0.008221178285072295,0.005920207103244479,0.0,0.003139866925202517,0.011984224905353225,0.006711165946997832,0.006327670750026604,0.009611348374093387,0.003163835375013413,0.009803095972579001,0.005081311359869778,0.009875001322011245,0.010953581563492909,0.0074302194413191636,0.011408982109896382,0.011001518463114257,0.007022755794537039,0.006831008196051425,0.008412925883558131,0.00973119062314698,0.0016777914867496246,0.0020852551335315272,0.0102345280691718,0.005320995857976962,0.0048416268617628155,0.005776396404380435,0.005848301753812457,0.006519418348512218,0.007813714638290392,0.00393082576895587,0.008149272935640273,0.009419600775607773,0.007310377192265571,0.009707222173336305,0.004002731118388114,0.005944175553055375,0.003211772274634761,0.00879642108052936,0.005752427954569539,0.009875001322011245,0.011408982109896382,0.0035712990217953156,0.008652610381665093,0.005632585705516169,0.005392901207408984,0.00862864193185442,0.005728459504758865,0.009803095972579001,0.010522149466900332
-0.02590989424537371,-0.03542536882022418,-0.025790051996320118,-0.027108316735908966,0.0,-0.029912625363761602,-0.029433256367547456,-0.022506374372253335,-0.027443875033258847,-0.015531555477337866,-0.009563411474471817,-0.023513049264302976,0.0,-0.03262106019237154,-0.025837988895941466,-0.026365294791777183,-0.026029736494427302,-0.020732709086261014,-0.028378644575876466,-0.017065536265223002,-0.014357101436613062,-0.017065536265223002,-0.02370479686278859,-0.030751521107136304,-0.021188109632664487,-0.02857039217436208,-0.02303368026808883,-0.01445297523585598,-0.020996362034178873,-0.021068267383610895,-0.02861832907398343,-0.013326458094752747,-0.020301276989668438,-0.032237564995400314,-0.025334651449916645,0.0,-0.015651397726391236,-0.017425063012383557,0.0,-0.02159557327944661,-0.011169297611789197,-0.020732709086261014,-0.017257283863708617,0.0,-0.017736652859922764,0.0,-0.015603460826769888,-0.022218752974524802,-0.01871935930216173,-0.01704156781541233,-0.01677791486749447,-0.029601035516222396,-0.021859226227364248,-0.020732709086261014,-0.020564929937586074,-0.02396844981070645,-0.01953428659572576,-0.020397150788911134,-0.020133497840993497,-0.01838380100481185,-0.025262746100484623,-0.022338595223578395,-0.015028218031312823,-0.019246665197997226,-0.008820389530340034,-0.022027005376039188,-0.019797939543643617,-0.02463956640540621,-0.015867113774687747,-0.005249090508544718,-0.0036911412708486857,0.0,-0.023129554067331748,-0.01737712611276221,-0.021907163126985596,-0.021236046532285835,-0.018503643253865443,-0.02291383801903546,-0.0011265171411032338,0.0
0.11369613771292553,0.10133181154309412,0.12235118328909134,0.12180974559524738,0.006588933244549899,0.08023039739129167,0.1190419201438,0.11389818215744985,0.09787451925177182,0.06792950771862594,0.03165823797609546,0.13611075446771692,0.03898658830992585,0.0965289688289186,0.12049653660067206,0.09154955853447055,0.11394532010874436,0.1143076335876696,0.09072122808377237,0.14475230740453604,0.11144147357613199,0.06434278579832564,0.07115798120908856,0.12141914934554565,0.1273520053987034,0.08645701715691612,0.12025678818669872,0.08169850648751042,0.12460840406053131,0.1281897634396605,0.08732305796864992,0.08857969503008545,0.08895143609926959,0.07305975945721577,0.07841346745549438,0.03796027846379113,0.10415619614450833,0.08320431955317797,0.038026271595603234,0.08693246171894797,0.10372788953377099,0.10308274834707931,0.1254367345112295,0.0385771368797061,0.10809986900256274,0.04170726941849212,0.14209761942778165,0.11794149345926397,0.11317355519959937,0.10256959342401206,0.13247282954703454,0.08849484671775554,0.10056410529145055,0.13065589961123725,0.09507435237204653,0.09411403565772392,0.09545552103148958,0.10791667973855601,0.10849989284252337,0.10424510950592603,0.09056095904937145,0.1339975041848065,0.12563877895575382,0.11565854655169394,0.10591119799758131,0.08487984202667875,0.09161961671537067,0.08022096980103277,0.1039016512075186,0.041005562690247466,0.1058734876365457,0.042003589765605254,0.10844332730097017,0.11965878495130156,0.09240617175594545,0.08877231188435086,0.09711218193288573,0.09439686336549036,0.06934641381446238,0.038826319275524934
0.0,0.0,0.0,0.0,0.0,-0.008207883784910663,0.0,0.0,-0.004960555113930232,-0.010702302727264135,-0.014764469209596065,0.0,0.0,-0.00635860602924887,0.0,-0.004730227898629202,0.0,0.0,-0.010613389365846215,0.0,0.0,-0.021346531498533494,-0.015936257958701683,0.0,0.0,-0.015258768952145507,0.0,0.0,0.0,0.0,-0.017032625985736294,0.0,-0.012406101579954809,-0.02445780885680171,-0.022716299643075644,0.0,-0.004979410294447817,-0.007360698153694667,0.0,-0.012462667121508009,0.0,0.0,0.0,0.0,0.0,0.0,0.0,0.0,0.0,0.0,0.0,-0.01689657467302408,-0.020357932013434388,0.0,-0.008311587277758381,-0.012994677225093065,-0.008302159687499477,0.0,0.0,0.0,-0.013206149259876288,0.0,0.0,0.0,0.0,-0.01987586576766809,-0.0027341737479131822,-0.018430676901055154,0.0,-0.010358844428856484,0.0,0.0,-0.00970963819307702,0.0,-0.009634217471006012,-0.006034002911359249,0.0,-0.0016566609013963784,0.0,0.0
28.410000562667847,27.610000133514404,28.830000400543213,19.90999984741211,0.0,28.88999992609024,30.25,21.940000534057617,30.95000171661377,27.180000379681587,31.460000813007355,22.16999912261963,0.0,22.240001678466797,10.329999923706055,20.780000686645508,13.139999389648438,4.299999237060547,23.149999618530273,6.85999870300293,13.349998474121094,29.519999027252197,26.570000171661377,8.969999313354492,10.940000534057617,22.41999912261963,10.84000015258789,13.420000076293945,1.6599998474121094,5.430000305175781,25.90000057220459,11.279998779296875,28.139999389648438,31.510000705718994,25.49000072479248,0.0,20.179999351501465,22.41999912261963,0.0,26.020000457763672,11.670000076293945,13.329999923706055,2.1599998474121094,0.0,12.850000381469727,0.0,2.1700000762939453,9.670000076293945,11.210000991821289,14.720000267028809,0.0,27.939999103546143,31.94000007584691,16.850001335144043,19.569998741149902,19.6299991607666,28.730000019073486,12.960000991821289,12.269998550415039,12.219999313354492,22.33000087738037,1.5900001525878906,1.6199989318847656,11.739997863769531,0.0,25.34999942779541,10.190000534057617,28.380000591278076,19.059999465942383,19.590001106262207,2.010000228881836,0.0,18.880000114440918,0.0,14.879999160766602,9.139999389648438,0.2599983215332031,15.229999542236328,0.0,0.0
-21.610000610351562,-5.539999008178711,-6.1699981689453125,-14.240001678466797,0.0,-4.750001907348633,-13.319999694824219,-20.829999923706055,-13.629997253417969,-9.620000839233398,-16.819997787475586,-20.619998931884766,-29.589998245239258,-11.539997100830078,-16.830001831054688,-15.939998626708984,-18.920000076293945,-28.400001525878906,-19.53999900817871,-25.930002212524414,-29.690000534057617,-5.560001373291016,-11.760000228881836,-27.270002365112305,-16.209999084472656,-6.040000915527344,-25.549999237060547,-15.060001373291016,-16.869998931884766,-28.350000381469727,-8.539999008178711,-17.81999969482422,-8.020002365112305,-18.389997482299805,-15.200000762939453,-30.200000762939453,-28.46000099182129,-24.1299991607666,-28.67999839782715,-16.119998931884766,-24.89000129699707,-20.420000076293945,-25.149999618530273,-32.19999885559082,-32.78000068664551,-29.69999885559082,-32.310001373291016,-19.1200008392334,-21.149999618530273,-17.489999771118164,-26.619998931884766,-15.55000114440918,-20.969999313354492,-32.20999526977539,-14.90999984741211,-28.780000686645508,-26.450000762939453,-24.699996948242188,-20.76000213623047,-31.1200008392334,-22.540000915527344,-27.290000915527344,-29.360000610351562,-30.40999984741211,-30.27999496459961,-22.029998779296875,-22.360000610351562,-31.020000457763672,-28.559999465942383,-18.270000457763672,-25.589998245239258,-28.260000228881836,-30.03999900817871,-30.84000015258789,-31.369998931884766,-29.369998931884766,-22.459999084472656,-26.98000144958496,-30.270000457763672,-29.920000076293945
12.1300048828125,7.349998474121094,13.839996337890625,3.2300033569335938,0.0,29.099998474121094,8.540000915527344,16.43000030517578,4.689994812011719,10.050003051757812,9.120002746582031,1.0499954223632812,0.34999847412109375,9.629997253417969,0.6399993896484375,19.469993591308594,10.80999755859375,12.5,6.260002136230469,16.730003356933594,29.01000213623047,25.520004272460938,26.349998474121094,13.629997253417969,26.860000610351562,21.8800048828125,22.18000030517578,27.73999786376953,18.840003967285156,19.409996032714844,25.81999969482422,24.650001525878906,22.830001831054688,18.830001831054688,16.720001220703125,0.34999847412109375,25.37000274658203,21.100006103515625,0.0,19.779998779296875,20.95000457763672,11.969993591308594,16.87999725341797,1.0100021362304688,25.409996032714844,0.0,15.879997253417969,20.389999389648438,22.23999786376953,24.56999969482422,8.889999389648438,17.459999084472656,9.300003051757812,18.94000244140625,27.93000030517578,25.100006103515625,23.44000244140625,10.639999389648438,13.430000305175781,9.680000305175781,7.709999084472656,18.970001220703125,12.980003356933594,23.470001220703125,15.05999755859375,19.900001525878906,24.98999786376953,15.479995727539062,24.56999969482422,8.530006408691406,14.290000915527344,0.0,16.98999786376953,9.129997253417969,10.329994201660156,0.9399948120117188,8.230003356933594,5.339996337890625,3.5699996948242188,0.0
-27.290000915527344,-18.300003051757812,-11.810005187988281,-27.93000030517578,0.0,-5.6699981689453125,-19.899993896484375,-19.669998168945312,-26.160003662109375,-24.169998168945312,-16.479995727539062,-29.64000701904297,-6.970001220703125,-17.62000274658203,-29.030006408691406,-26.30999755859375,-19.459999084472656,-21.329994201660156,-21.269996643066406,-20.529991149902344,0.0,-2.2900009155273438,-16.69000244140625,-15.599998474121094,-15.25,-2.9799957275390625,-10.539993286132812,0.0,-10.090003967285156,-10.330001831054688,0.0,-4.3600006103515625,-3.2299957275390625,-10.850006103515625,-8.660003662109375,-4.510002136230469,-22.219993591308594,-13.17999267578125,-11.159996032714844,-3.1399993896484375,-20.830001831054688,-24.76000213623047,-21.910003662109375,-8.019996643066406,-15.400001525878906,-9.349998474121094,-17.089996337890625,-10.470001220703125,-19.490005493164062,-16.139999389648438,-19.280006408691406,-19.029991149902344,-20.770004272460938,-9.819999694824219,-2.8600006103515625,-6.879997253417969,-5.94000244140625,-18.469993591308594,-16.400009155273438,-14.710006713867188,-25.720008850097656,-12.990005493164062,-14.269996643066406,-12.760002136230469,-14.370002746582031,-13.849998474121094,-7.8300018310546875,-17.960006713867188,-4.569999694824219,-25.029991149902344,-15.6199951171875,-11.879997253417969,-10.840003967285156,-24.580001831054688,-23.850006103515625,-24.98999786376953,-29.720001220703125,-29.740005493164062,-23.6300048828125,-8.680000305175781
4.1100006103515625,5.2700042724609375,6.260002136230469,4.3300018310546875,0.0,6.8800048828125,5.209999084472656,8.220001220703125,5.8000030517578125,6.379997253417969,7.3300018310546875,5.1100006103515625,3.3499984741210938,7.660003662109375,6.279998779296875,6.220001220703125,9.860000610351562,7.430000305175781,5.069999694824219,5.579994201660156,6.540000915527344,9.590003967285156,8.020004272460938,6.160003662109375,5.0500030517578125,7.7299957275390625,7.399993896484375,9.450004577636719,7.810005187988281,8.3699951171875,6.480003356933594,5.599998474121094,7.69000244140625,9.709999084472656,6.170005798339844,0.09000396728515625,8.090003967285156,8.30999755859375,2.2399978637695312,7.30999755859375,5.8899993896484375,7.3000030517578125,5.769996643066406,1.5699996948242188,6.689994812011719,3.55999755859375,12.459999084472656,7.140007019042969,5.4499969482421875,6.8699951171875,6.3800048828125,6.470001220703125,7.25,6.540000915527344,7.599998474121094,7.340003967285156,6.6999969482421875,4.970001220703125,5.4499969482421875,5.099998474121094,4.5800018310546875,6.370002746582031,6.950004577636719,7.8600006103515625,5.75,6.8000030517578125,6.7400054931640625,6.200004577636719,6.549995422363281,6.430000305175781,5.6199951171875,4.010002136230469,8.620002746582031,6.129997253417969,7.55999755859375,5.2700042724609375,4.239997863769531,5.099998474121094,3.2699966430664062,3.220001220703125
-1.8799972534179688,-0.29999542236328125,0.0,-5.1399993896484375,0.0,-1.4099960327148438,0.0,0.0,0.0,0.0,0.0,-0.31999969482421875,-1.6500015258789062,0.0,0.0,0.0,0.0,0.0,-1.1100006103515625,-0.8700027465820312,0.0,0.0,0.0,0.0,-0.9599990844726562,-0.2700042724609375,0.0,0.0,0.0,0.0,-1.8300018310546875,-2.3499984741210938,-0.9599990844726562,0.0,-2.1699981689453125,-5.05999755859375,0.0,-0.470001220703125,-2.910003662109375,-0.4199981689453125,-1.2900009155273438,0.0,-0.20000457763671875,-1.94000244140625,-0.18000030517578125,-2.1200027465820312,-0.6100006103515625,0.0,-1.470001220703125,0.0,-0.6199951171875,-2.1999969482421875,0.0,-1.5100021362304688,0.0,-0.04000091552734375,0.0,-0.34000396728515625,-0.8300018310546875,0.0,-0.8700027465820312,-0.75,-0.55999755859375,0.0,-0.06999969482421875,0.0,-0.32999420166015625,-0.899993896484375,-0.8700027465820312,-0.26999664306640625,-3.1300048828125,-0.9300003051757812,0.0,-1.3100051879882812,0.0,-0.6899948120117188,-4.790000915527344,-0.470001220703125,-3.6500015258789062,0.0
3.9019998610019684,3.3649999536573887,3.1469999849796295,3.9690000414848328,0.0,1.070000033825636,3.482999976724386,2.842000000178814,3.6600000113248825,3.9139998964965343,3.0749999843537807,3.8560000620782375,0.10399999842047691,3.4549999982118607,3.554999966174364,3.8860001116991043,1.285999994724989,2.2429999709129333,3.789999932050705,2.1390000954270363,0.05900000035762787,0.6750000268220901,3.68499999307096,3.4759999811649323,2.127999909222126,0.8729999847710133,0.6609999947249889,0.0,0.8129999786615372,0.6429999768733978,0.4189999997615814,1.0539999827742577,0.6410000286996365,1.7029999961378053,1.3290000334382057,0.0,4.064999938011169,1.280999943614006,0.0,1.4889999441802502,2.1969999074935913,2.4950000047683716,2.342999953776598,0.02699999511241913,1.6910000443458557,0.0,1.3580000326037407,0.6750000193715096,1.693999968469143,2.097000040113926,1.9779999554157257,2.5100000202655792,2.233000112581067,0.17800000682473183,0.16300000250339508,0.46700000762939453,0.4689999893307686,2.837000012397766,1.1430000513792038,0.38599999994039536,3.247999891638756,1.667999954894185,1.330999966710806,2.0709999576210976,0.5539999911561608,1.6870000213384628,0.6920000091195107,2.050999931525439,0.13499999791383743,3.442000061273575,1.6719999890774488,0.23399999737739563,1.170999951660633,3.200000084936619,2.514999955892563,3.1379998922348022,4.00099990516901,3.4289999194443226,2.184999942779541,0.2920000031590462
-1.19200000166893,-0.2149999998509884,-0.6599999964237213,-0.3619999885559082,0.0,-3.4840001054108143,-0.31200001016259193,-1.7050000503659248,-0.7140000015497208,-0.5639999695122242,0.0,-0.1460000015795231,-0.8110000044107437,-0.3870000094175339,-0.4560000114142895,-2.214000031352043,-2.1059999652206898,-1.8739998936653137,-0.12700000405311584,-2.8609999045729637,-3.0650000274181366,-2.984999880194664,-2.9530000183731318,-2.199999898672104,-3.2020000144839287,-3.048000078648329,-3.190999884158373,-3.483000010251999,-3.35500006377697,-3.398999959230423,-3.167999893426895,-3.097999908030033,-3.3020000495016575,-2.2289999256609008,-1.5199999436736107,-0.9770000060088933,-2.408000111579895,-3.184000089764595,-1.1569999810308218,-3.3430000729858875,-3.109000086784363,-3.0070000886917114,-2.0750000290572643,-1.0059999898076057,-3.0270000100135803,-0.9730000160634518,-3.136999972164631,-2.479999952018261,-3.152000106871128,-2.2359999045729637,-2.4239998757839203,-2.8979999721050262,-1.288000034284778,-3.1719999872148037,-3.24700003862381,-3.1700000762939453,-3.6760000213980675,-3.0700000524520874,-2.2309999018907547,-3.0409999564290047,-0.8000000268220901,-3.172000078484416,-3.1930000819265842,-2.695000074803829,-2.87199994828552,-3.1530000120401382,-3.514000080525875,-3.2820000131614506,-3.191000059247017,-0.445000022649765,-1.8169999737292528,-0.6919999867677689,-3.066000036895275,-2.1019999608397484,-1.7600000202655792,-0.7480000257492065,-1.0729999765753746,0.0,-2.2070000171661377,-0.6440000012516975
3.4150000512599945,3.5020000338554382,3.178999900817871,1.648999959230423,0.0,4.156000047922134,3.264000028371811,3.2680000364780426,3.482000082731247,3.680999904870987,3.8260001838207245,2.36599999666214,0.0,2.6189999878406525,1.268000066280365,3.206999883055687,2.7610000669956207,1.5489999651908875,2.675999954342842,2.322999954223633,3.033000096678734,3.885000169277191,3.3940000534057617,0.7729999870061874,3.1439999490976334,3.248000055551529,2.6269999891519547,3.3699999153614044,0.3630000054836273,1.8219999074935913,3.4400000274181366,3.1569999754428864,3.71099990606308,4.033000200986862,3.8359997868537903,0.0,3.1260000467300415,2.816999912261963,0.0,3.054999902844429,1.9719999730587006,1.784000039100647,0.976000040769577,0.0,2.7909999936819077,0.0,1.531000018119812,2.6649999916553497,2.674999952316284,2.887999966740608,0.0,3.541999891400337,3.9999999701976776,3.126000076532364,3.3470000326633453,3.320999950170517,3.39900004863739,1.3790000081062317,1.4850000143051147,1.597000002861023,2.835000053048134,0.4360000193119049,0.30400002002716064,2.3290000557899475,0.0,3.351999908685684,1.6700000017881393,3.6380000710487366,3.304999887943268,2.4539999067783356,0.6030000150203705,0.0,2.287000000476837,0.0,2.043000042438507,0.9469999969005585,0.07400000095367432,2.0459999442100525,0.0,0.0
-3.3340000212192535,-0.46699999272823334,-0.800000011920929,-3.7509998977184296,0.0,-0.7510000169277191,-2.8979999125003815,-3.6590000092983246,-3.391999989748001,-2.5519998967647552,-3.089999943971634,-3.6000000834465027,-3.5380001068115234,-3.111000031232834,-3.5550000071525574,-3.5240000635385513,-2.9259999692440033,-3.562999904155731,-3.5960001200437546,-3.7060000896453857,-3.494000092148781,-0.8370000123977661,-1.7610000371932983,-3.619000032544136,-2.57199989259243,-0.8239999711513519,-3.7909999936819077,-0.8929999768733978,-2.729999989271164,-3.160999894142151,-0.882999986410141,-1.4559999406337738,-0.7369999885559082,-2.3520000278949738,-1.4920000433921814,-3.514999955892563,-3.600000023841858,-3.174999952316284,-3.527000069618225,-1.411999985575676,-3.876000076532364,-3.8890000581741333,-3.7289998829364777,-3.690000057220459,-4.195000067353249,-3.7859999537467957,-3.6239999532699585,-2.344000071287155,-3.9700000286102295,-3.35500006377697,-3.4279999136924744,-3.014000102877617,-3.7600000202655792,-3.2400000989437103,-0.710999995470047,-3.4069999754428864,-3.1269999742507935,-3.6669999957084656,-3.427000045776367,-3.7850000858306885,-4.275999769568443,-4.05799987912178,-3.781000077724457,-3.577000081539154,-3.4979998767375946,-3.2150000035762787,-2.5820000916719437,-3.456999957561493,-3.1230000853538513,-3.701000064611435,-3.5240000188350677,-3.5879999697208405,-3.437999904155731,-3.8939999639987946,-4.580000102519989,-3.927999883890152,-4.364999949932098,-4.171000063419342,-4.251000016927719,-3.6089999079704285
0.0,0.0,0.0,0.01399993896484375,0.0,0.0,0.0,0.0,0.0,0.0,0.0,0.0,0.0,0.0,0.0,0.0,0.0,0.0,0.0,0.0,0.0,0.0,0.0,0.0,0.0,0.0,0.0,0.0,0.0,0.003000020980834961,0.0,0.0,0.0,0.0,0.0,0.0,0.004999995231628418,0.0,0.0,0.0,0.0,0.0,0.0,0.0,0.0,0.0,0.0,0.0,0.0,0.0,0.0,0.0,0.0,0.0,0.0,0.0,0.0,0.0,0.0,0.0,0.0,0.0,0.0,0.0,0.0,0.0,0.0,0.023000001907348633,0.0,0.0,0.01100003719329834,0.054000020027160645,0.0,0.0,0.0,0.0,0.0,0.0,0.0,0.0
-0.5430000424385071,-0.5839999914169312,-0.5089999437332153,-0.5100000500679016,0.0,-0.6249999403953552,-0.5139999389648438,-0.4710000157356262,-0.4650000333786011,-0.6309999823570251,-0.5929999947547913,-0.7419999837875366,-0.47300004959106445,-0.5590000748634338,-0.46900004148483276,-0.49599993228912354,-0.4699999690055847,-0.5349999666213989,-0.531000018119812,-0.5580000281333923,-0.48900002241134644,-0.6580000519752502,-0.5370000600814819,-0.5819999575614929,-0.5270000696182251,-0.597000002861023,-0.4999999403953552,-0.4569999575614929,-0.5049999952316284,-0.46699994802474976,-0.6579999327659607,-0.4650000333786011,-0.643000066280365,-0.6969999670982361,-0.6330000162124634,-0.4230000376701355,-0.5,-0.47200000286102295,-0.5149999856948853,-0.5779999494552612,-0.6289999485015869,-0.41700005531311035,-0.5459999442100525,-0.5260000228881836,-0.42000001668930054,-0.546999990940094,-0.5240000486373901,-0.406000018119812,-0.4229999780654907,-0.38700002431869507,-0.6019999980926514,-0.6170000433921814,-0.6299999356269836,-0.48799997568130493,-0.6170000433921814,-0.546999990940094,-0.46299993991851807,-0.39000004529953003,-0.48100000619888306,-0.40599995851516724,-0.5790000557899475,-0.4930000305175781,-0.46399998664855957,-0.34700000286102295,-0.5099999308586121,-0.6629999876022339,-0.4310000538825989,-0.5089999437332153,-0.43199992179870605,-0.5199999809265137,-0.5230000019073486,-0.4950000047683716,-0.49000000953674316,-0.4440000057220459,-0.5289999842643738,-0.421999990940094,-0.5590000748634338,-0.4769999384880066,-0.5659999847412109,-0.5300000309944153
0.09839999999999999,0.5834999999999999,0.17129999999999998,0.0867,0.0,0.14609999999999998,0.11669999999999998,0.1263,0.0774,0.1677,0.1674,0.09539999999999998,0.08189999999999999,0.5205,0.0807,0.5015999999999999,0.1377,0.0852,0.0867,0.16319999999999998,0.15089999999999998,0.1176,0.1545,0.10919999999999999,0.1989,0.14579999999999999,0.0972,0.17639999999999997,0.1275,0.1644,0.08969999999999999,0.13199999999999998,0.05399999999999999,0.15,0.1425,0.06659999999999999,0.0861,0.47489999999999993,0.06659999999999999,0.0774,0.20639999999999997,0.06509999999999999,0.09749999999999999,0.09929999999999999,0.11969999999999999,0.046799999999999994,0.26789999999999997,0.09899999999999999,0.10769999999999999,0.5706,0.08249999999999999,0.10379999999999999,0.15209999999999999,0.2004,0.44279999999999997,0.0867,0.11339999999999999,0.1344,0.1122,0.41009999999999996,0.0711,0.1266,0.11189999999999999,0.49499999999999994,0.09059999999999999,0.0438,0.14279999999999998,0.12119999999999999,0.17159999999999997,0.06659999999999999,0.11819999999999999,0.0399,0.4629,0.075,0.06689999999999999,0.30539999999999995,0.075,0.5262,0.0741,0.0702
-0.2022,-0.08789999999999999,-0.09179999999999999,-0.147,0.0,-0.15059999999999998,-0.14459999999999998,-0.08339999999999999,-0.4377,-0.07379999999999999,-0.026999999999999996,-0.13679999999999998,-0.10379999999999999,-0.3702,-0.0768,-0.1392,-0.0924,-0.11429999999999998,-0.2535,-0.18419999999999997,-0.1959,-0.5159999999999999,-0.04769999999999999,-0.0741,-0.21419999999999997,-0.40169999999999995,-0.31079999999999997,-0.1881,-0.1059,-0.17789999999999997,-0.48179999999999995,-0.19499999999999998,-0.31079999999999997,-0.12449999999999999,-0.08549999999999999,-0.072,-0.351,-0.10229999999999999,-0.1356,-0.417,-0.13049999999999998,-0.22859999999999997,-0.09989999999999999,-0.2502,-0.1659,-0.32549999999999996,-0.18719999999999998,-0.1782,-0.45239999999999997,-0.0915,-0.2526,-0.37289999999999995,-0.033299999999999996,-0.2118,-0.37079999999999996,-0.1137,-0.1098,-0.3393,-0.1083,-0.156,-0.24269999999999997,-0.10679999999999999,-0.17099999999999999,-0.22679999999999997,-0.22169999999999998,-0.39869999999999994,-0.13949999999999999,-0.16679999999999998,-0.1347,-0.21209999999999998,-0.11039999999999998,-0.0996,-0.3378,-0.11339999999999999,-0.3021,-0.0315,-0.13049999999999998,-0.16799999999999998,-0.11099999999999999,-0.0852
0.2535,0.20099999999999998,0.23909999999999998,0.2688,0.0,0.13829999999999998,0.24599999999999997,0.23639999999999997,0.0939,0.1251,0.1311,0.28019999999999995,0.16349999999999998,0.13199999999999998,0.1878,0.09299999999999999,0.1722,0.1662,0.1248,0.23309999999999997,0.24269999999999997,0.126,0.1122,0.33089999999999997,0.23669999999999997,0.1356,0.20789999999999997,0.26909999999999995,0.15209999999999999,0.19499999999999998,0.10319999999999999,0.17969999999999997,0.11279999999999998,0.11429999999999998,0.06,0.16859999999999997,0.1578,0.0987,0.1989,0.15749999999999997,0.23099999999999998,0.2727,0.2115,0.14609999999999998,0.2643,0.1629,0.2055,0.2352,0.22319999999999998,0.15269999999999997,0.22979999999999998,0.10319999999999999,0.1497,0.2229,0.1566,0.0963,0.08819999999999999,0.1518,0.1788,0.1581,0.1488,0.21899999999999997,0.21419999999999997,0.177,0.20879999999999999,0.0891,0.08819999999999999,0.10469999999999999,0.1755,0.0837,0.2748,0.10379999999999999,0.1389,0.1863,0.07919999999999999,0.13319999999999999,0.24719999999999998,0.1002,0.21899999999999997,0.1593
-0.1581,-0.1299,-0.12389999999999998,-0.1404,0.0,-0.18089999999999998,-0.17729999999999999,-0.054599999999999996,-0.26189999999999997,-0.1977,-0.12029999999999999,-0.13829999999999998,-0.05789999999999999,-0.4866,-0.08789999999999999,-0.1533,-0.0774,-0.0321,-0.35879999999999995,-0.09209999999999999,-0.14609999999999998,-0.6444,-0.1059,-0.1662,-0.13199999999999998,-0.3999,-0.0948,-0.1455,-0.041999999999999996,-0.0735,-0.40319999999999995,-0.09269999999999999,-0.43229999999999996,-0.36479999999999996,-0.18119999999999997,-0.0375,-0.40859999999999996,-0.1011,-0.18119999999999997,-0.47429999999999994,-0.078,-0.1989,-0.0633,-0.2178,-0.13649999999999998,-0.369,-0.050699999999999995,-0.1896,-0.1662,-0.0402,-0.2673,-0.5025,-0.12569999999999998,-0.11729999999999999,-0.40979999999999994,-0.14279999999999998,-0.0759,-0.051899999999999995,-0.03779999999999999,-0.0336,-0.2067,-0.036899999999999995,-0.0288,-0.27509999999999996,-0.1089,-0.4467,-0.056999999999999995,-0.1566,-0.14129999999999998,-0.1449,-0.19379999999999997,-0.0186,-0.42329999999999995,-0.060899999999999996,-0.2883,-0.020399999999999998,-0.10379999999999999,-0.22769999999999999,-0.1449,-0.0312
32.0,26.0,18.0,31.0,32.0,32.0,23.0,20.0,23.0,32.0,32.0,25.0,32.0,23.0,22.0,20.0,18.0,18.0,27.0,20.0,18.0,32.0,21.0,28.0,28.0,19.0,23.0,20.0,17.0,24.0,26.0,32.0,27.0,27.0,20.0,32.0,20.0,20.0,32.0,19.0,32.0,20.0,20.0,32.0,22.0,32.0,31.0,15.0,22.0,15.0,24.0,19.0,32.0,19.0,21.0,20.0,19.0,17.0,15.0,17.0,25.0,29.0,17.0,17.0,16.0,21.0,16.0,23.0,15.0,32.0,32.0,32.0,22.0,32.0,24.0,31.0,28.0,22.0,32.0,32.0
15.0,15.0,15.0,15.0,0.0,15.0,15.0,15.0,15.0,15.0,15.0,15.0,3.0,15.0,15.0,15.0,15.0,15.0,15.0,15.0,15.0,15.0,15.0,15.0,15.0,15.0,15.0,15.0,15.0,15.0,15.0,15.0,15.0,15.0,15.0,3.0,15.0,15.0,3.0,15.0,15.0,15.0,15.0,3.0,15.0,3.0,15.0,15.0,15.0,15.0,15.0,15.0,15.0,15.0,15.0,15.0,15.0,15.0,15.0,15.0,15.0,15.0,15.0,15.0,15.0,15.0,15.0,15.0,15.0,15.0,15.0,3.0,15.0,15.0,15.0,15.0,15.0,15.0,15.0,3.0
0.0,0.0,3.0,0.0,0.0,0.0,0.0,0.0,0.0,0.0,0.0,0.0,0.0,0.0,0.0,0.0,3.0,0.0,0.0,0.0,0.0,0.0,0.0,0.0,0.0,2.0,0.0,0.0,2.0,0.0,0.0,0.0,1.0,1.0,0.0,0.0,0.0,1.0,0.0,0.0,0.0,0.0,0.0,0.0,0.0,1.0,0.0,3.0,0.0,0.0,0.0,0.0,0.0,3.0,0.0,3.0,0.0,0.0,0.0,0.0,0.0,0.0,0.0,0.0,0.0,0.0,0.0,0.0,0.0,0.0,0.0,0.0,0.0,0.0,0.0,0.0,0.0,0.0,0.0,0.0
0.0,0.0009737056187906212,0.0,0.0,0.00021773470868516331,0.003919561660064741,0.0,0.0,0.0030609275375954315,0.004716846740826924,0.005821301771712986,0.0,0.0,0.0034214095522626664,0.0,0.0029315224459070116,0.0,0.0,0.004604242314118295,0.0,0.0,0.00777251052150317,0.006071204573622174,0.0,0.0,0.005898058775477957,0.0,0.0,0.0,0.0,0.006321817320112971,0.0,0.005303579066215688,0.008386403028919326,0.008059131804350472,0.0,0.0031012540430186974,0.0036964155208810273,0.0,0.0051608233709708184,0.0,0.0,0.0,0.0,0.0,0.0,0.0,0.0,0.0,0.0,0.0,0.006312548463636158,0.007421684918516164,0.0,0.003991860866032121,0.005314710421533669,0.003988559744309519,0.000669511042170598,0.0,0.0,0.005328516634797262,0.0,0.0,0.0005755665932922482,0.0,0.007207198112774496,0.0024707685441450744,0.006877295994343932,0.0,0.004608603372505474,0.0,0.0,0.004407899514234426,0.0,0.004340914925519648,0.0032792067691412713,0.0,0.002185437389384176,0.0,0.0
-0.022620553740728508,-0.019748751563362185,-0.023722891623698394,-0.025485456292852204,0.0,-0.01375230844261699,-0.023785086536664835,-0.02277650502320637,-0.018690656216793333,-0.012776769978446192,-0.005283123890613098,-0.028122200314876042,-0.00916933169569821,-0.017997257224762725,-0.02410183968497799,-0.016512082735496106,-0.02242199102371542,-0.02259487652436723,-0.01692014276714772,-0.02845261533824825,-0.0220174169308595,-0.008412731059857029,-0.011359714586012135,-0.024561206062940502,-0.02636795707097661,-0.014932958321140874,-0.02432046385749606,-0.015521496502318669,-0.02492638647725033,-0.026202889536838636,-0.014323131635440356,-0.017347053168947232,-0.015007536563885357,-0.012057992767781162,-0.013223192409007878,-0.008950543769404642,-0.019856384237161295,-0.01551541696428052,-0.00886701724595522,-0.014993056946563249,-0.022029029827365168,-0.01980952343262332,-0.02500374549399166,-0.00904939988983594,-0.02073240694737037,-0.00982100551295799,-0.028967459269167634,-0.0237067079291728,-0.021884646605820277,-0.020412519241833377,-0.027408666755280503,-0.015837154995596944,-0.01846146513955023,-0.02607780825053989,-0.016553215274761182,-0.016004397946637494,-0.017052608337381203,-0.020900525889050225,-0.021665009280388087,-0.020435857387489376,-0.0172293946996539,-0.026468517831926913,-0.025561835743470956,-0.02236980249553787,-0.022079410335859403,-0.015383003426493222,-0.016559923445159982,-0.014065986651523421,-0.020034671988245142,-0.007438717861264904,-0.02260803806321443,-0.010005685640354783,-0.020113936167555357,-0.02401500688932283,-0.017405082597074933,-0.017049497209450412,-0.019947459089396602,-0.018225874309867135,-0.01487791410285147,-0.00908347037723918
0.0021897615899468814,0.002248840601226987,0.0019960476871371258,0.0012986401726030605,0.024792670655286453,0.0029984301059070018,0.0014636110360176646,0.0015445107768854438,0.0029732028690001577,0.0030706271088929427,0.002288812698437892,0.0018982323090376285,0.0011003250234668527,0.0019570214012116782,0.0018000172498360278,0.0026849764220040484,0.002517543389459198,0.0017923220584736832,0.002571982723143018,0.00218691668444726,0.0027330173888772125,0.004085023928385445,0.002836575706014921,0.001297656129057967,0.002205244740695056,0.0029364011386551203,0.0014373564655384974,0.0022074201972180907,0.0010907941781508335,0.0015659610266433033,4.6888673276068715e-05,0.002617033838358984,0.0033907955368148723,0.0,0.0027526533099016537,0.0020902476579782725,0.003101012421937832,0.0032773479964526286,0.0013205265431358582,0.0018491663032377814,0.001653416149439313,0.0012056108385989361,0.002273298246271538,0.0015901471680627166,0.001399097866030874,0.0015133490421356255,0.001749794785192993,0.0017120687197565987,0.0021473714039271785,0.002720362363957063,0.0013894859281939897,0.001851289832554226,0.0020912126310015933,0.0022171273990060913,0.0027480825418315646,0.0032351454736172514,0.0032266463277976776,0.001870167922054411,0.001764302008789409,0.0024195811957821167,0.0024268532484369443,0.0016870998755514899,0.001939510343005657,0.0025548760894131273,0.0022223792992352442,0.002605990743459352,0.002697770294351587,0.0024313346257259782,0.0026100383031899543,0.0030773303173501354,0.0011862938377564247,0.0016786289875511118,0.0017800930182650943,0.002267752812014634,0.0031190530392149474,0.002596713830974484,0.001962385168308045,0.0024504620471769156,0.0019110767347829127,0.0012654425612264597
-0.02092849199994945,-0.022467955758206037,-0.021405820340425152,-0.020537252722325372,0.0,-0.019768572582429145,-0.02135316684876354,-0.02047811858886961,-0.020920228773168736,-0.012682585711784156,-0.008756497353748505,-0.021032536145068725,0.0,-0.02044270139073412,-0.021601331564186643,-0.01991061272904099,-0.019802261108389785,-0.020076339602213555,-0.020121862845695837,-0.020882191383284177,-0.017161291728056027,-0.015330197661117095,-0.017355654189252778,-0.022263929049801234,-0.019778077495425872,-0.020997610277033285,-0.02069851067806605,-0.013054089962547477,-0.021219026429667665,-0.02106638358424262,-0.02203817813837272,-0.013959362127472508,-0.018672574149814325,-0.024017222503637192,-0.01975938300136504,0.0,-0.018135243633467524,-0.01795077612303264,0.0,-0.020087828017977705,-0.013945505634846866,-0.018541654757561588,-0.018886910241013022,0.0,-0.018968564265334553,0.0,-0.02105483730176766,-0.019869193774137706,-0.019443866277435995,-0.01762073898747224,-0.020259541460598385,-0.021679770093368522,-0.02105504142916892,-0.021243859602805948,-0.01790438877610878,-0.019339609293631432,-0.018823653898962178,-0.019724045833421855,-0.019637618939704504,-0.018258881456089282,-0.018505592461039277,-0.022555209512109764,-0.019307981233526395,-0.020734297260858847,-0.013966116125572858,-0.01948103721987554,-0.019410517412321526,-0.02024198487290635,-0.017847498732624645,-0.006807735698612816,-0.011367144119015682,0.0,-0.023218929594169102,-0.020578174957757045,-0.020008574153646652,-0.01967652569358236,-0.017187439735373178,-0.020161108773627923,-0.0073355085700633205,0.0
0.0006047046684310442,0.0011120975565921953,0.0008237528387750048,0.002379742365827553,0.0,0.0,0.0019015759040275637,0.0003051684562745405,0.0,0.0,0.0,0.002487360479787093,0.0,0.0,0.00017441671520568303,0.0,0.0007543255379319769,7.241470100116665e-05,0.0,0.0007842021179653713,0.0,0.0,0.0,0.0014327677649108583,0.0013538373013466387,0.0,0.0011787353433931336,0.00031380609500225587,0.00011837744109272075,0.0009768584094874688,0.0,0.0,0.0,0.0,0.0,0.0,0.0,0.0,0.0,0.0,0.0008419940599145859,0.0,0.0005889692925987178,0.0,0.0,0.0,0.0008427850655959856,4.375840687642629e-05,0.0,0.0,0.001057921664077588,0.0,0.0,0.0009679347799504412,0.0,0.0,0.0,0.0,0.0,0.0,0.0,0.0,0.0,0.0,0.0,0.0,0.0,0.0,0.0,0.0,0.0007146376961266743,0.0,0.0,0.0,0.0,0.0,0.0,0.0,0.0,0.0
-0.001648924936135665,-0.001829607140306888,-0.001311582572014247,-0.0010710323548484002,-0.0017367892722336964,-0.00280627232605557,-0.0013361296438375025,-0.0010617324919890425,-0.002779868604408986,-0.0029741605976854046,-0.0038954601598230054,-0.0007946883539033389,-0.0008017370716572603,-0.0025949848244780083,-0.001141589016009692,-0.002697299294749489,-0.001509777588545147,-0.001209340410619153,-0.0030188532278206393,-0.0009144092561454986,-0.0012950117532389838,-0.005444235341051817,-0.003785557692802255,-0.0021140207380275777,-0.0009146357525651738,-0.00357939314853406,-0.0011417156745360257,-0.0012886191054704565,-0.0010242058017373434,-0.0010918777552342274,-0.0039956025526755035,-0.0025671050974890863,-0.003724574563965022,-0.0052515316025258385,-0.004261998902116038,-0.0010895413055959091,-0.0038768891962295826,-0.004016384292524489,-0.0007552683516839354,-0.004173262651993026,-0.0009522784747842405,-0.001529812745515835,-0.0010657599741439872,-0.0009313614723378549,-0.00198689107922545,-0.001080719893489679,-0.0009936953626604739,-0.0014843860193941016,-0.0024193804474065828,-0.0020551533344572714,-0.000799018725618772,-0.0038368787983102393,-0.004564188563405014,-0.0009444396728611748,-0.003449286974231025,-0.005141355173979845,-0.004245148874683413,-0.002288136319670009,-0.0021980963808792,-0.002535745927061739,-0.0032915696817839013,-0.00120893294394947,-0.0013360717081070117,-0.0024209727780479806,-0.0008551788729258547,-0.004863469028414724,-0.0034829390081935196,-0.0052573069410607465,-0.002072427285634504,-0.003347314559026815,-0.0008174776826873065,-0.000929588180392793,-0.00440050571556716,-0.001336957920718862,-0.004130911469795162,-0.0034374241846474862,-0.00156402404152034,-0.0026044357063094714,-0.0008798523476608588,-0.001049179567947811
0.1018672268276952,0.10267756190375642,0.11718292388614056,0.09297885004652691,0.0026588718127234373,0.1112143119128548,0.10238892017923083,0.09829393634896709,0.10715205301117059,0.08870724971508939,0.06666318935055895,0.10429137553429146,0.029567040960686203,0.11493383342522231,0.11013772411381849,0.11023343612986738,0.10608418922090604,0.10466232314948207,0.10905768407382649,0.12722048352480678,0.10023600994923439,0.1287000443803289,0.11280191966400478,0.10820042654646592,0.10170467503361257,0.11512585660879295,0.10049845806813854,0.08914447730651551,0.10783903006865589,0.10305603853161052,0.12607635909550913,0.09071945448073257,0.12039932070260762,0.11573829287470484,0.11485212557126942,0.026556806985129248,0.11186973079474294,0.10300910133378756,0.031516648351512355,0.1182875832359762,0.083183309424237,0.10657115161302565,0.11028236593703536,0.02988527800765523,0.10362524071056659,0.031574298467775236,0.11177764335661156,0.10754592113330173,0.1107545396604906,0.1007732550591395,0.09888467808598367,0.11660436179089831,0.12093891524084285,0.11183636584470188,0.12438827055819043,0.12626632653890993,0.11871929837592238,0.11019425605166724,0.10115404641088509,0.10275587444383047,0.1089054845901489,0.11874980733222565,0.10335514173695197,0.11303899844535885,0.0841257830192796,0.1106754291464703,0.11287062218604071,0.1139645711602926,0.1037579143776254,0.06779434370644005,0.08335710174575223,0.029014007724284377,0.12221738166160682,0.10087586668241433,0.10771105649552408,0.10090318971987985,0.08749987659004395,0.10174850856505183,0.060889288623286145,0.03085006282954246
0.0,0.0,0.0,0.0,0.0,0.0,0.0,0.0,0.0,0.0,0.0,0.0,0.0,0.0,0.0,0.0,0.0,0.0,0.0,0.0,0.0,0.0,0.0,0.0,0.0,0.0,0.0,0.0,0.0,0.0,0.0,0.0,0.0,0.0,0.0,0.0,0.0,0.0,0.0,0.0,0.0,0.0,0.0,0.0,0.0,0.0,0.0,0.0,0.0,0.0,0.0,0.0,0.0,0.0,0.0,0.0,0.0,0.0,0.0,0.0,0.0,0.0,0.0,0.0,0.0,0.0,0.0,0.0,0.0,0.0,0.0,0.0,0.0,0.0,0.0,0.0,0.0,0.0,0.0,0.0
0.0,0.0,0.0,0.0,4.30685233647754e-05,0.0,0.0,0.0,0.0,0.0,0.0,0.0,0.0,0.0,0.0,0.0,0.0,0.0,0.0,0.0,0.0,0.0,0.0,0.0,0.0,0.0,0.0,0.0,0.0,0.0,0.0,0.0,0.0,0.0,0.0,0.0,0.0,0.0,0.0,0.0,0.0,0.0,0.0,0.0,0.0,0.0,0.0,0.0,0.0,0.0,0.0,0.0,0.0,0.0,0.0,0.0,0.0,0.0,0.0,0.0,0.0,0.0,0.0,0.0,0.0,0.0,0.0,0.0,0.0,0.0,0.0,0.0,0.0,0.0,0.0,0.0,0.0,0.0,0.0,0.0
-0.3604777256705711,-0.3341997751880219,-0.2859686111144616,-0.34501238158246594,0.0,-0.3112510796950142,-0.357480324710177,-0.33165528756715035,-0.2921751127879618,-0.30037102320569675,-0.2860657222460966,-0.31026761277235826,-0.21785205528805351,-0.28206334480905815,-0.2803844546850637,-0.3527175974767489,-0.3562530628747258,-0.2686482933301598,-0.2636810293116768,-0.2673571208358009,-0.349398210111207,-0.2779370672638022,-0.2902748834079645,-0.27924639812541296,-0.29357655289253926,-0.3058772664946041,-0.2931623034132652,-0.31848682343609547,-0.28989409503784513,-0.30038057072756463,-0.289342208069051,-0.38117076053384413,-0.32812215387618515,-0.27523575873116835,-0.26447759245205116,-0.08748396135046277,-0.2639623794422499,-0.30521280335859413,-0.24840748097205512,-0.2671201380416727,-0.27311468069855926,-0.30847678323334893,-0.28573368189495163,-0.15809665149682706,-0.33087590093898067,-0.19246198984104457,-0.26138047038435475,-0.27579002422557486,-0.33490948555645217,-0.2611067755187674,-0.31292868977029775,-0.273045643274895,-0.28184076010689885,-0.29739513260692885,-0.26906534326152454,-0.30667911071017295,-0.2736803393825129,-0.3371484564829912,-0.290517762389747,-0.3801197828487457,-0.32037027405112384,-0.2860951330798456,-0.29711414022717686,-0.3454643067667247,-0.3478334115418743,-0.2600682307258495,-0.2633962051583928,-0.2702184610476651,-0.313193323185174,-0.23758947051108303,-0.2860400364626374,-0.13971809344187025,-0.2734588842351444,-0.3404341239070199,-0.2609383613660642,-0.2381257411549229,-0.27809101784889945,-0.2607412881887612,-0.26463559460680064,-0.18923099853501135
0.0,0.0,0.0,0.0,0.0,0.0,0.0,0.0,0.0,0.0,0.0,0.0,0.0,0.0,0.0,0.0,0.0,0.0,0.0,0.0,0.0,0.0,0.0,0.0,0.0,0.0,0.0,0.0,0.0,0.0,0.0,0.0,0.0,0.0,0.0,0.0,0.0,0.0,0.0,0.0,0.0,0.0,0.0,0.0,0.0,0.0,0.0,0.0,0.0,0.0,0.0,0.0,0.0,0.0,0.0,0.0,0.0,0.0,0.0,0.0,0.0,0.0,0.0,0.0,0.0,0.0,0.0,0.0,0.0,0.0,0.0,0.0,0.0,0.0,0.0,0.0,0.0,0.0,0.0,0.0
-0.7604328608347244,-0.7383139999596463,-0.6893512717057136,-0.7481050295836984,-0.002393947826884056,-0.7215151248950763,-0.7575511793628674,-0.7354879852082176,-0.6981182201622234,-0.7110256513613268,-0.6967558517782313,-0.7146056743807381,-0.6197024679235906,-0.6872654322869435,-0.6850565861034501,-0.7536061779730605,-0.7564486121764601,-0.6727558822486092,-0.6683638465379628,-0.6668941948138373,-0.7508615032091518,-0.681397051134399,-0.6959022012380662,-0.684241223348793,-0.699079873616908,-0.7106149272964892,-0.6985394319781437,-0.7250987503739366,-0.6943697765744464,-0.7053507341492098,-0.6927781146775898,-0.7789569424277729,-0.7306102642674459,-0.6843748169574423,-0.6686076137482148,-0.4058926726887401,-0.6675722907230596,-0.7119782607437222,-0.6562099281721354,-0.6706863016873948,-0.6833156221532566,-0.7137069551940136,-0.6896875445670186,-0.5363170521463752,-0.734015560444375,-0.5864565739473653,-0.6628474891102838,-0.6805834264576882,-0.7373381661688888,-0.6659099550776827,-0.7175144423956136,-0.6777706282135553,-0.6924314040856411,-0.7011040758084078,-0.6716700909443788,-0.7097516003899557,-0.683898345480302,-0.7400061384931494,-0.6965737125656185,-0.7768226325225349,-0.7260591228138471,-0.6888562941778886,-0.7020645837088618,-0.7464557088452115,-0.7513917545967028,-0.6644119557524897,-0.6671194422851121,-0.6753746747109041,-0.7182029660032706,-0.643015309694427,-0.696725835827357,-0.5065401361983746,-0.6765605531040199,-0.7428841295943217,-0.665396339315409,-0.6401974610536451,-0.685449797897682,-0.6655941698837989,-0.6733358159264659,-0.5820112816553185
2.5140763335816785
0
-8.804193787095347
0
1.0,2.0,3.0,4.0,4.0,5.0,6.0,7.0,8.0,8.0,8.0,9.0,9.0,10.0,11.0,12.0,13.0,14.0,15.0,16.0,17.0,17.0,18.0,19.0,20.0,21.0,22.0,23.0,24.0,25.0,26.0,26.0,27.0,28.0,29.0,29.0,30.0,31.0,31.0,32.0,32.0,33.0,34.0,34.0,35.0,35.0,36.0,37.0,38.0,39.0,40.0,41.0,42.0,43.0,44.0,45.0,46.0,47.0,48.0,49.0,50.0,51.0,52.0,53.0,54.0,55.0,56.0,57.0,58.0,58.0,58.0,58.0,59.0,60.0,61.0,62.0,63.0,64.0,64.0,64.0
1.0,1.0,1.0,1.0,0.8,0.8333333333333334,0.8571428571428571,0.875,0.8888888888888888,0.7,0.6,0.6,0.5,0.6,0.6,0.6,0.6,0.6,0.7,0.8,0.8,0.8,0.8,0.8,0.8,0.8,0.8,0.8,0.8,0.8,0.9,0.8,0.8,0.8,0.8,0.7,0.7,0.7,0.6,0.6,0.6,0.6,0.6,0.5,0.6,0.5,0.5,0.6,0.6,0.7,0.7,0.7,0.8,0.8,0.9,0.9,0.9,0.9,0.9,0.9,0.9,0.9,0.9,0.9,0.9,0.9,0.9,0.9,0.9,0.8,0.7,0.6,0.6,0.6,0.6,0.6,0.6,0.6,0.6,0.6
