1,2,3,4,5,6,7,8,9,10,11,12,13,14,15,16,17,18,19,20,21,22,23,24,25,26,27,28,29,30,31,32,33,34,35,36,37,38,39
20527.688,10822.828,14231.843,21002.885,2454.777,3571.1396,19787.05,21765.678,8207.834,3583.3374,3822.0508,22929.932,22359.59,5780.2925,13532.643,8207.018,20667.535,11890.01,4676.2896,22939.164,20686.643,2434.422,3192.771,8087.562,20049.314,2094.808,21695.322,13478.067,22061.834,21542.953,2622.468,20713.97,6802.5566,3176.6768,1693.7405,14261.636,6155.6973,8606.182,21749.467
0.0,0.0,0.0,0.0,0.0,0.0,0.0,0.0,0.0,0.0,0.0,0.0,0.0,0.0,0.0,0.0,0.0,0.0,0.0,0.0,0.0,0.0,0.0,0.0,0.0,0.0,0.0,0.0,0.0,0.0,0.0,0.0,0.0,0.0,0.0,0.0,0.0,0.0,0.0
0.0,0.0,0.0,0.0,0.0,0.0,0.0,0.0,0.0,0.0,0.0,0.0,0.0,0.0,0.0,0.0,0.0,0.0,0.0,0.0,0.0,0.0,0.0,0.0,0.0,0.0,0.0,0.0,0.0,0.0,0.0,0.0,0.0,0.0,0.0,0.0,0.0,0.0,0.0
0.0,0.0,0.0,0.0,0.0,0.0,0.0,0.0,0.0,0.0,0.0,0.0,0.0,0.0,0.0,0.0,0.0,0.0,0.0,0.0,0.0,0.0,0.0,0.0,0.0,0.0,0.0,0.0,0.0,0.0,0.0,0.0,0.0,0.0,0.0,0.0,0.0,0.0,0.0
0.971529832451833,0.8652238187291791,0.9020436965385715,0.9818175232821277,0.7313364441799052,0.9216190668177177,0.9473404008562863,0.8851917395946168,0.8709531657046291,0.7745780637727252,0.8063313982922052,0.9195581762396864,0.9629084214718425,0.9222652020861847,0.8869135496208923,0.8486280684655904,0.8914641211239568,0.9587278326420697,0.9051888770113247,0.8799516762101437,1.0211381318660715,0.7055201563497099,0.9275968481217537,1.2413311052235532,0.8561034789505811,0.6379172706370481,0.9536424671508584,0.957488376640124,0.9646896010285827,1.0468693920406484,0.7720535477288705,0.8919383282253358,0.847543965856454,0.8260441425479946,0.5170719023747954,1.0276735559996322,0.8880332364911904,0.8903228027685838,0.9338122011904418
0.31528704188755596,0.2255337963867189,0.22476667463030142,0.3007117285156251,0.042958818359375095,0.04065745309012281,0.33446508579799117,0.34060205984933045,0.28460217163085944,0.04756154889787956,0.04909579241071438,0.31528704188755596,0.30147885027204246,0.18180785627092644,0.2761638323102681,0.1979174131556921,0.32295825945173007,0.19331468261718754,0.059835497000558235,0.34060205984933045,0.3045473372977121,0.04756154889787956,0.12197235927036842,0.1887119520786832,0.3398349380929131,0.08975324550083719,0.33062947701590417,0.2347392574637278,0.3198897724260604,0.3045473372977121,0.024547896205357245,0.3375335728236608,0.2623556406947545,0.034520479038783636,0.041424574846540385,0.2002187784249444,0.12350660278320336,0.18564346505301355,0.3030130937848773
0.8559219714211039,0.7251732028493483,0.7987337295391592,0.8315908310267575,0.6334598471205029,0.7985879054905043,0.7918109701169183,0.7826130295647427,0.7437072500826396,0.6713534030143786,0.6650702177069157,0.8240284974897389,0.8321903298934501,0.8109683768086899,0.7438530741312945,0.7312867035163686,0.7556826545990063,0.7980455474081629,0.8041180979786797,0.7429056492471342,0.8973621747863061,0.6141566163800762,0.8402216660721615,0.8992808971306396,0.7402825420997314,0.5436328083918451,0.8054705896646599,0.8034623211918293,0.8193485138532872,0.8655897894633902,0.6413948421151954,0.7718604953577741,0.746436106030612,0.7052141953220712,0.46838040875094444,0.8993781131630763,0.7828799422218466,0.7742729677682307,0.8061178216991527
0.0,0.0,0.0,0.0,0.0,0.0,0.0,0.0,0.0,0.0,0.0,0.0,0.0,0.0,0.0,0.0,0.0,0.0,0.0,0.0,0.0,0.0,0.0,0.0,0.0,0.0,0.0,0.0,0.0,0.0,0.0,0.0,0.0,0.0,0.0,0.0,0.0,0.0,0.0
0.0,0.0,0.0,0.0,0.0004212814581165958,0.0,0.0,0.0,0.0,0.0,0.0,0.0,0.0,0.0,0.0,0.0,0.0,0.0,0.0,0.0,0.0,0.002566829227244938,0.0,0.0,0.0,0.0010446409165973947,0.0,0.0,0.0,0.0,0.0,0.0,0.0,0.0017328230475932571,0.002712653275899868,0.0,0.0,0.0,0.0
-0.1572740647514479,-0.10264411932861517,-0.11915368343277777,-0.17578336456030907,-0.00286614722849432,-0.009538196665704213,-0.14490979610533472,-0.1591603817516365,-0.12265173487211012,-0.01122241169707916,-0.006971367438459275,-0.17328134602135492,-0.17177536038278074,-0.09696810279178436,-0.12114574923353594,-0.09886295256010502,-0.14122584536926208,-0.12209317411769671,-0.007513725520800207,-0.17910318660684066,-0.13173625671977707,-0.0008340061796516807,-0.024509369787146795,-0.08922753986196508,-0.18435793366977915,-0.001376364261992613,-0.18277093467084082,-0.1293962649015512,-0.15449660078725724,-0.18224477926057236,-0.0035381266874177086,-0.14935527242882785,-0.11024739097791247,-0.0019349130321817398,0.0,-0.14273183100783715,-0.058904862257465496,-0.08942962984655267,-0.17084413817069244
0.013918874285130833,0.00702852020703526,0.004866757781610165,0.008728937910483126,0.0028422866367066035,0.0028584893087795216,0.008340073780736645,0.01540865725163254,0.015157947266601024,0.008631721878046505,0.008599316533901114,0.017352115036171956,0.007012317534962342,0.014340143759022705,0.012283267269973752,0.009741173482935128,0.016631527561030257,0.002348536570583537,0.0005022948184807419,0.010696268271035425,0.0096763627946439,0.0071905469277631084,0.01013770751662113,0.007603283633522029,0.006550972812985112,0.0,0.009643957450498508,0.0036276728159143623,0.017076669610935014,0.01574891336516071,0.00411376496232263,0.011789517203850686,0.015157947266601024,0.006866493486307412,0.007700499665958649,0.010906903007981583,0.010008086140039119,0.009222687976606192,0.006000081962510784
0.0,-0.003149250573446505,-0.0040480674413889695,-0.002655512491548606,-0.0008254614272935612,-0.00026690067287926666,0.0,0.0,0.0,0.0,0.0,0.0,0.0,0.0,0.0,-0.0009064747876572632,0.0,-0.0019511276884793816,-0.003440898670756365,0.0,0.0,0.0,0.0,0.0,-0.00031552067332274447,-0.0026555005073234383,0.0,-0.0025420818028139003,0.0,0.0,0.0,-2.38605917877166e-05,-0.0026392978352505203,0.0,0.0,0.0,0.0,-0.0018701023438905118,-0.0015946569186535697
0.042580181185838395,0.044293407628788195,0.04883508372223977,0.04686731234230024,0.0208591027115963,0.024530672944226506,0.03566128228222798,0.006396316390284262,0.03164218870210256,0.0,0.0,0.002503846532612375,0.024285555597495456,0.013041815176387583,0.013658673592302328,0.04374254234468511,0.006184844355501262,0.038259404717428946,0.031119606188776405,0.02697795393528546,0.017211750200655018,0.0,0.005977437369805827,0.010669954907399415,0.04245762251247287,0.02690253321321423,0.028253446177238573,0.040555844264345886,0.006871760952316119,0.013870145627085773,0.006786912639986209,0.03601416817089431,0.06154693323956639,0.004396197190480677,0.0,0.0010209409133770109,0.009549369158676324,0.04591641682665015,0.031015902695928688
0.0,0.0,0.0,0.0,0.0,0.0,-0.002188671004981213,-0.031044185466705176,-0.005694609662039607,-0.01498536883463819,-0.015785416514559447,-0.03091219920308097,-0.00949817254988039,-0.016242005896073497,-0.01455706222390063,0.0,-0.029989592849793745,0.0,0.0,-0.010443692741186172,-0.008264449326463641,-0.008551342083318314,-0.008207883784910663,-0.008504204132023574,0.0,0.0,-0.005445427266220548,0.0,-0.02694430862333741,-0.019611893240419676,0.0,-0.0038170491356011027,0.0,-0.004598241635004996,-0.014862810161272666,-0.023560935031231356,-0.0073229877926590525,0.0,-0.0032096183099450393
0.0,0.0,0.0,0.0,0.0,0.0,0.0042184471666844026,0.027108316735909188,0.00757403014018343,0.01416535383812767,0.015076154930934393,0.026724821538937737,0.009012137128825648,0.015124091830555964,0.01323058429551005,0.0,0.02595783114499528,0.0,0.0,0.010618023266143028,0.008724515731097338,0.009659285273714735,0.009347695426175529,0.00913197937787924,0.0,0.0,0.006807039746240751,0.0,0.023824639111842405,0.017305220763330187,0.001342233189399522,0.005320995857976962,0.0,0.006543386798322892,0.014285196087181262,0.020061592491561475,0.00862864193185442,0.0,0.004434163214980691
-0.03911651009107309,-0.03499393672363138,-0.04033890103141902,-0.04594751828712429,-0.010330401868414496,-0.013685984841913301,-0.029265477218872515,-0.008388957433747235,-0.024351945007677678,0.0,0.0,-0.009683253723525409,-0.025670209747266526,-0.006687197497187158,-0.010306433418603822,-0.03276487089123581,-0.007597998589993882,-0.03360376663461051,-0.018287927205568932,-0.030152309861868787,-0.015986956023741117,0.0,0.0,-0.006615292147754914,-0.04124970212422596,-0.01677791486749447,-0.028498486824930058,-0.03487409447457801,-0.010138654269928882,-0.017928400458408378,0.0,-0.0317102590995646,-0.051795820040936746,0.0,0.0,-0.010330401868414496,-0.004026699568198566,-0.035017905173442276,-0.03271693399161424
0.07409013435243827,0.037465972329655095,0.05104236063586054,0.08860797780086216,0.0,0.0,0.067689752913066,0.078662649851313,0.04554723878369904,0.0,0.0,0.08563811429647683,0.09145528263188174,0.033875191751853606,0.05165921905177551,0.03388461934211251,0.0657879746649388,0.057151784269290795,0.0,0.0919401547841725,0.06515762360967714,0.0,0.0,0.038680840372553815,0.09363452604660427,0.0,0.09086670698674348,0.06169346036274237,0.07385980713713725,0.08970434582789677,0.0,0.06968044452261091,0.03914685734432677,0.0,0.0,0.08144932409169159,0.015187406887575694,0.02699399681769199,0.09307423317224273
0.0,-0.00016026903440091722,0.0,0.0,-0.02098421801960826,-0.011385154274991205,0.0,0.0,-0.005313441002596564,-0.011366299094473398,-0.014053334891092284,0.0,0.0,-0.005530275578550681,0.0,-0.007290639972794777,0.0,0.0,-0.014938230883343673,0.0,0.0,-0.022316275803114793,-0.015813699285336158,0.0,0.0,-0.020537056228353112,0.0,0.0,0.0,0.0,-0.014509924272606334,0.0,-0.017526925728285958,-0.019929625402696827,-0.022782292774887747,0.0,-0.004711372718111395,-0.011079406337619169,0.0
23.88000202178955,21.669998168945312,15.789999008178711,16.920001983642578,31.42999941110611,32.61999815702438,20.789999961853027,24.520000457763672,30.57999849319458,33.139998614788055,31.919999480247498,19.1899995803833,2.4399986267089844,27.660000562667847,22.97999858856201,27.13999843597412,21.879998207092285,18.069997787475586,29.410001277923584,15.869998931884766,26.199998378753662,37.68000018596649,34.96999895572662,17.480000495910645,14.700000762939453,27.18999934196472,19.92999839782715,17.329999923706055,21.429999351501465,14.670001983642578,33.55000075697899,21.0600004196167,28.719999074935913,29.999999523162842,35.74000096321106,8.170000076293945,29.40000009536743,26.639999389648438,7.629997253417969
-7.679996490478516,-7.159999847412109,-4.510002136230469,-12.849998474121094,-3.3899993896484375,0.0,-29.439998626708984,-9.569999694824219,-5.100002288818359,-2.8000030517578125,0.0,-12.849998474121094,-29.64000129699707,-5.319999694824219,-9.310001373291016,-7.180000305175781,-10.90999984741211,-5.480003356933594,-2.4699974060058594,-16.299999237060547,-7.700000762939453,0.0,0.0,-6.420000076293945,-15.920001983642578,-6.569999694824219,-16.5,-12.819999694824219,-7.010002136230469,-15.429996490478516,0.0,-6.880001068115234,-2.5900020599365234,-4.129999160766602,0.0,-28.15999984741211,-4.009998321533203,-1.8400001525878906,-29.03000259399414
21.31999969482422,30.219993591308594,28.659996032714844,28.790000915527344,11.650001525878906,14.660003662109375,26.790000915527344,28.43000030517578,28.660003662109375,15.930000305175781,13.1300048828125,31.220001220703125,25.01000213623047,22.330001831054688,32.910003662109375,27.779998779296875,30.12000274658203,25.44000244140625,12.709999084472656,21.37000274658203,27.80999755859375,14.560005187988281,20.360000610351562,26.48999786376953,26.44000244140625,11.180000305175781,22.590003967285156,30.720001220703125,25.019996643066406,26.709999084472656,11.169998168945312,24.990005493164062,13.709999084472656,17.860000610351562,11.760002136230469,16.95000457763672,24.06999969482422,37.709999084472656,21.75
-5.3300018310546875,-1.9200057983398438,0.0,-0.1199951171875,-1.3400039672851562,0.0,0.0,-0.649993896484375,-2.4099960327148438,0.0,0.0,0.0,-4.749992370605469,-5.749992370605469,-0.67999267578125,0.0,0.0,-1.05999755859375,-0.9099960327148438,-4.409996032714844,0.0,0.0,0.0,0.0,-2.0100021362304688,0.0,-5.959991455078125,-4.3800048828125,-8.140007019042969,-12.199996948242188,-0.5,-4.839996337890625,-3.0,0.0,0.0,-17.889999389648438,-1.3600006103515625,-0.06999969482421875,-8.280006408691406
3.4199981689453125,11.589996337890625,12.75,11.529998779296875,11.069999694824219,8.419998168945312,10.739997863769531,10.819999694824219,13.139999389648438,9.700004577636719,11.240005493164062,13.19000244140625,10.580001831054688,12.180000305175781,11.0,11.680000305175781,11.170005798339844,12.770004272460938,9.019996643066406,10.920005798339844,9.299995422363281,10.890007019042969,11.849998474121094,12.729995727539062,11.220001220703125,9.259994506835938,10.580001831054688,12.480003356933594,10.379997253417969,9.969993591308594,9.599998474121094,13.3800048828125,9.930000305175781,9.270004272460938,10.110000610351562,8.069999694824219,9.55999755859375,12.200004577636719,10.490005493164062
-4.319999694824219,0.0,0.0,0.0,0.0,0.0,0.0,0.0,0.0,0.0,0.0,0.0,0.0,0.0,0.0,0.0,0.0,0.0,0.0,0.0,0.0,0.0,0.0,0.0,0.0,0.0,0.0,0.0,0.0,0.0,0.0,0.0,0.0,0.0,0.0,0.0,-0.06000518798828125,0.0,-0.2299957275390625
1.0989999696612358,0.4969999771565199,0.36799999698996544,0.09400000423192978,0.401000015437603,0.7220000103116035,0.0,0.6989999786019325,1.3400000124238431,0.4530000016093254,0.5160000175237656,0.0,0.03199999779462814,1.2680000066757202,0.16999999713152647,0.16099999845027924,0.2680000066757202,0.0,0.5269999913871288,0.0820000022649765,0.0,0.4699999913573265,0.6540000140666962,0.0,0.5190000147558749,0.4530000165104866,0.32099999487400055,0.6460000183433294,0.7300000190734863,1.1429999470710754,0.5929999947547913,1.3019999712705612,1.0220000520348549,0.34200000017881393,0.7459999918937683,3.0630000829696655,0.06399999931454659,0.9079999774694443,0.2749999985098839
-2.077999956905842,-3.623999895527959,-3.226000014692545,-3.1030000373721123,-0.12799999862909317,-0.4220000132918358,-3.3400001153349876,-3.3209999427199364,-3.6050000400282443,-0.3969999924302101,-0.4010000079870224,-2.949000060558319,-3.1139998957514763,-1.9539999961853027,-3.781000022776425,-3.7120000198483467,-3.6580000072717667,-3.1709999553859234,-0.28199999406933784,-3.2689999788999557,-2.7139999456703663,-0.1380000039935112,-1.6399999558925629,-3.437999989837408,-3.5989999561570585,-0.10100000351667404,-3.951000079512596,-3.2449998948723078,-2.936000108718872,-3.3369999527931213,-0.1419999897480011,-3.5469998866319656,-1.8040000423789024,-0.5460000112652779,-0.2509999945759773,-3.0630000829696655,-2.0910000391304493,-4.323000147938728,-3.452999956905842
4.096000015735626,4.177999764680862,3.6919999420642853,3.812000125646591,4.527000218629837,4.438999950885773,4.633000165224075,3.8210000097751617,3.964000105857849,4.327999860048294,4.288000166416168,3.7140000462532043,1.9769999384880066,4.22500017285347,4.416999906301498,3.8799999356269836,3.182000070810318,3.7800002098083496,4.308000028133392,3.066000074148178,4.210999771952629,4.7729999125003815,4.456999897956848,3.5379998683929443,3.2430001199245453,4.493000119924545,4.3650000393390656,4.1980000436306,3.900999814271927,3.5469998717308044,4.415000170469284,3.7710000574588776,4.09799998998642,4.298000246286392,4.507999807596207,1.9519999027252197,4.172999948263168,4.821000128984451,1.9540000557899475
-1.4860000014305115,-0.5580000281333923,-0.5600000023841858,-0.7129999995231628,-0.3149999901652336,0.0,-3.0160000026226044,-0.6959999799728394,-0.6359999775886536,-0.3069999925792217,-0.0040000081062316895,-0.9480000138282776,-3.0660000443458557,-0.28399999532848597,-0.5930000096559525,-0.1509999930858612,-0.4179999977350235,-0.6940000057220459,0.0,-1.2619999945163727,-0.6340000182390213,0.0,0.0,-0.482000008225441,-1.488999992609024,-0.2210000017657876,-1.5529999434947968,-2.438000112771988,-0.8319999873638153,-2.1450000405311584,-0.14099999517202377,-0.20499999821186066,0.0,-0.28699998930096626,0.0,-2.7850000858306885,-0.7139999866485596,0.0,-3.456000030040741
0.0,0.0,0.0,0.0,0.0,0.0,0.0,0.0,0.0,0.0,0.0,0.0,0.0,0.0,0.0,0.0,0.0,0.0,0.0,0.0,0.0,0.0,0.0,0.0,0.0,0.0,0.0,0.0,0.0,0.0,0.0,0.0,0.0,0.0,0.0,0.0,0.0,0.0,0.0
-0.45399993658065796,-0.5550000071525574,-0.5680000185966492,-0.4519999623298645,-0.762999951839447,-0.6059999465942383,-0.5249999761581421,-0.49900007247924805,-0.6039999723434448,-0.6719999611377716,-0.6550000309944153,-0.5399999618530273,-0.5349999666213989,-0.6669999361038208,-0.5800000429153442,-0.7019999623298645,-0.5379999876022339,-0.5770000219345093,-0.7169999778270721,-0.453000009059906,-0.49800002574920654,-0.8019999563694,-0.6650000512599945,-0.5679999589920044,-0.4050000309944153,-0.6970000267028809,-0.3819999694824219,-0.47600001096725464,-0.3750000596046448,-0.4970000386238098,-0.7009999752044678,-0.5080000162124634,-0.8059999942779541,-0.6439999639987946,-0.762999951839447,-0.5990000367164612,-0.5979999899864197,-0.6469999551773071,-0.4320000410079956
0.07919999999999999,0.07529999999999999,0.15239999999999998,0.20909999999999998,0.0861,0.1386,0.11159999999999999,0.1599,0.0972,0.105,0.1098,0.0678,0.15539999999999998,0.045899999999999996,0.11549999999999999,0.07289999999999999,0.1089,0.15119999999999997,0.12869999999999998,0.1566,0.12389999999999998,0.13379999999999997,0.10319999999999999,0.0987,0.15239999999999998,0.13529999999999998,0.1767,0.12329999999999999,0.12359999999999999,0.1815,0.07859999999999999,0.0963,0.1248,0.0972,0.5133,0.15089999999999998,0.08339999999999999,0.1161,0.1374
-0.06269999999999999,-0.1293,-0.0846,-0.08489999999999999,-0.1224,-0.044399999999999995,-0.07769999999999999,-0.34469999999999995,-0.14309999999999998,-0.06599999999999999,-0.08729999999999999,-0.29369999999999996,-0.1566,-0.2784,-0.1146,-0.47309999999999997,-0.213,-0.3141,-0.0654,-0.0822,-0.0798,-0.36389999999999995,-0.029099999999999997,-0.0774,-0.21389999999999998,-0.2115,-0.087,-0.19229999999999997,-0.30419999999999997,-0.0759,-0.37739999999999996,-0.0438,-0.48449999999999993,-0.018,-0.0867,-0.10769999999999999,-0.35819999999999996,-0.23339999999999997,-0.0804
0.12059999999999998,0.07769999999999999,0.11939999999999999,0.1473,0.035699999999999996,0.07469999999999999,0.09929999999999999,0.08969999999999999,0.11099999999999999,0.1677,0.13829999999999998,0.11669999999999998,0.10529999999999999,0.10619999999999999,0.13319999999999999,0.08549999999999999,0.0765,0.09359999999999999,0.053099999999999994,0.16979999999999998,0.15899999999999997,0.04649999999999999,0.0672,0.15539999999999998,0.0846,0.044399999999999995,0.14159999999999998,0.09809999999999999,0.1488,0.1551,0.08879999999999999,0.1422,0.0726,0.0681,0.06359999999999999,0.20639999999999997,0.1059,0.1026,0.15269999999999997
-0.06899999999999999,-0.1833,-0.054299999999999994,-0.0324,-0.15689999999999998,-0.06659999999999999,-0.075,-0.4215,-0.177,-0.19619999999999999,-0.1449,-0.12269999999999999,-0.11549999999999999,-0.4755,-0.035399999999999994,-0.3993,-0.1533,-0.1626,-0.06599999999999999,-0.039,-0.07289999999999999,-0.41939999999999994,-0.11189999999999999,-0.0924,-0.1599,-0.32399999999999995,-0.10769999999999999,-0.17159999999999997,-0.1407,-0.06029999999999999,-0.47069999999999995,-0.03,-0.5048999999999999,-0.15419999999999998,-0.32399999999999995,-0.061799999999999994,-0.4503,-0.2646,-0.09449999999999999
18.0,32.0,32.0,19.0,32.0,32.0,23.0,22.0,32.0,32.0,32.0,17.0,14.0,32.0,32.0,32.0,21.0,32.0,32.0,16.0,17.0,32.0,32.0,32.0,22.0,32.0,21.0,32.0,15.0,20.0,32.0,18.0,32.0,32.0,32.0,32.0,32.0,32.0,17.0
15.0,15.0,15.0,15.0,3.0,3.0,15.0,15.0,15.0,3.0,3.0,15.0,15.0,15.0,15.0,15.0,15.0,15.0,3.0,15.0,15.0,3.0,15.0,15.0,15.0,3.0,15.0,15.0,15.0,15.0,3.0,15.0,15.0,3.0,3.0,15.0,15.0,15.0,15.0
0.0,0.0,0.0,0.0,1.0,1.0,0.0,0.0,0.0,1.0,1.0,0.0,2.0,0.0,0.0,0.0,0.0,0.0,1.0,0.0,0.0,1.0,1.0,0.0,0.0,1.0,0.0,0.0,0.0,0.0,1.0,0.0,0.0,0.0,0.0,0.0,0.0,0.0,0.0
0.0,0.0011399148141779808,0.0,0.0,0.007235444868824922,0.0041879584175287116,0.0,0.0,0.0034653930816936213,0.005359356288199182,0.006113890764415972,0.0,0.0,0.003738330311316221,0.0,0.003446863823101151,0.0,0.0,0.004966126525337566,0.0,0.0,0.0084303854431865,0.006316825542772395,0.0,0.0,0.006673530762829533,0.0,0.0,0.0,0.0,0.005489517456131229,0.0,0.005659974671983509,0.0074496976426570855,0.008922429092050266,0.0,0.0031844376834432586,0.0040801198068203814,0.0
-0.01415241546363366,-0.006175330865819534,-0.009385154608370583,-0.017597954935889476,0.0,0.0,-0.012925684573744586,-0.015561654207327344,-0.006932906978966799,0.0,0.0,-0.016905011253337918,-0.019003528000925363,-0.004570483346784046,-0.009032202908174344,-0.004987561613580271,-0.012406232783511315,-0.01116890973263221,0.0,-0.018556476928060547,-0.013027426579596449,0.0,0.0,-0.006949522203675729,-0.018627029466891085,0.0,-0.017881132416511958,-0.012158513116276012,-0.014223253310299333,-0.017581140538377935,0.0,-0.013255679252878377,-0.006180883807091975,0.0,0.0,-0.018007279827230202,-0.0009537148469909301,-0.0034051295913823942,-0.019603716421707384
0.0,0.0,0.0,0.0,0.0,0.0,0.00026731982926364584,0.011262678078663657,0.0034050761972473365,0.007537493573356313,0.008097838058871154,0.010610253696164418,0.0010379023613440452,0.00744019746654323,0.005249798234220893,0.0,0.011324853219896736,0.0,0.0,0.0021400437134181383,0.0019934181338386314,0.005885731256784266,0.005281767992048325,0.002489332125938215,0.0,0.0,0.0004636461394189606,0.0,0.009593706276383895,0.005832672080569257,0.0013014580396682462,0.0012130586204790461,0.0,0.00411540230844698,0.008588314568913291,0.006385321375236175,0.003948913956834943,0.0,0.0
-0.023366694530991883,-0.019683793659325988,-0.023396459507903145,-0.027753776546146525,-0.0049279256981555886,-0.007120569227344609,-0.01969225157472332,-0.009460930645296406,-0.014917605755280006,0.0,0.0,-0.009425761616265682,-0.019087018464549188,-0.006123002017294488,-0.008990044728837687,-0.01863659195719014,-0.00774696022098631,-0.020519887800288628,-0.009560819228700668,-0.02031203613719118,-0.01243961933286053,0.0,0.0,-0.006663474456087448,-0.026618301306170267,-0.0077744409113699176,-0.02029743444637444,-0.021741923310925226,-0.009228681566429975,-0.014255833558790398,-7.917144864588721e-06,-0.020138361727077836,-0.02643532477228827,0.0,0.0,-0.009230580006987676,-0.0033976466413470074,-0.018945196696088573,-0.02225545059288303
0.0,0.0,0.0,0.0011996543276772687,0.0,0.0,0.0,0.00044604299835704353,0.0,0.0,0.0,0.001260929563054125,0.0015552360631578832,0.0,0.0,0.0,0.0,9.442729269071304e-05,0.0,0.0016126118837951342,0.00012742097623980042,0.0,0.0,0.0,0.0011070993509835203,0.0,0.0008327034420223534,3.853816256194076e-05,0.0003773101194360917,0.0009937256674189543,0.0,0.0,0.0,0.0,0.0,0.002723092204492683,0.0,0.0,0.0016730544519100166
-0.001586583149921661,-0.0022427480785622844,-0.0013771691335374703,-0.0007658584864130846,-0.0029240917270213496,-0.00282905128542299,-0.0017096523911993566,-0.001119691492604935,-0.0029449282566040846,-0.002844135740244891,-0.0029263818710983935,-0.0010261756559112323,-0.0006359586697273767,-0.0033444188633814376,-0.001498012105165425,-0.0034808281208776326,-0.001307510067919182,-0.0010021949452973522,-0.002992554685876836,-0.0007922546805484432,-0.0011623906006398843,-0.00312184949924188,-0.003736665292590091,-0.0016740276922486697,-0.0008399814750217338,-0.0021882450550677612,-0.0011599918601652992,-0.0010165408425746314,-0.0012223390014901026,-0.0007083919015710705,-0.0024865807358208647,-0.0015430901340237613,-0.0028143802560821607,-0.0036215921376154814,-0.0021961096991682805,-0.0007750302823760213,-0.002669163526477558,-0.003058777588706707,-0.0006424586539989785
0.08651406523680742,0.07479845567873983,0.07453279139440755,0.08405412518191571,0.03856543847503048,0.04027454955503995,0.0819096646189853,0.08346754862144395,0.08787049799784288,0.038006464866983614,0.03710057498675515,0.08499197080239367,0.07646686527017155,0.07618360028899197,0.07715721205999579,0.077835812528718,0.0815832673803438,0.06771475379907249,0.04093850603462451,0.08514612326993776,0.07005552574685454,0.03714283228584869,0.049545407456569934,0.06016940895414438,0.08799301359415473,0.03378962151777137,0.08793210762301744,0.07128527969616388,0.08303837037787463,0.0879624837335322,0.03306052291935571,0.08497302300426551,0.08512505607536763,0.039974944985443905,0.031998813117909315,0.05945262921476356,0.059193675464432965,0.07555224024745545,0.07656764148302378
0.0,0.0,0.0,0.0,0.0,0.0,0.0,0.0,0.0,0.0,0.0,0.0,0.0,0.0,0.0,0.0,0.0,0.0,0.0,0.0,0.0,0.0,0.0,0.0,0.0,0.0,0.0,0.0,0.0,0.0,0.0,0.0,0.0,0.0,0.0,0.0,0.0,0.0,0.0
0.0,0.0,0.0,0.0,0.0,0.0,0.0,0.0,0.0,0.0,0.0,0.0,0.0,0.0,0.0,0.0,0.0,0.0,0.0,0.0,0.0,0.0,0.0,0.0,0.0,0.0,0.0,0.0,0.0,0.0,0.0,0.0,0.0,0.0,0.0,0.0,0.0,0.0,0.0
-0.3474669048768768,-0.254260823603195,-0.3052487803320102,-0.32915200536188105,-0.1969126655333544,-0.30568332946931154,-0.3002858665178123,-0.29366136116786157,-0.2674507109127031,-0.21989147849435764,-0.21603620121140965,-0.3236548199775847,-0.3292963562648499,-0.31452785232800606,-0.2669589308265742,-0.2588778329238758,-0.2749778845345793,-0.3044265766058821,-0.30970522402899714,-0.2662979048034624,-0.3789391797056322,-0.18561285761259738,-0.3365851166883197,-0.3806235559078721,-0.26467210641287164,-0.14649540585169984,-0.31026184822276515,-0.3083531616528159,-0.32016448393528596,-0.35485693285053543,-0.20145515277546444,-0.2862764864518085,-0.2693086541487184,-0.2418574822681796,-0.10973869012081461,-0.3800361510597354,-0.29419418446196466,-0.28826474657605106,-0.309714639467343
0.0,0.0,0.0,0.0,0.0,0.0,0.0,0.0,0.0,0.0,0.0,0.0,0.0,0.0,0.0,0.0,0.0,0.0,0.0,0.0,0.0,0.0,0.0,0.0,0.0,0.0,0.0,0.0,0.0,0.0,0.0,0.0,0.0,0.0,0.0,0.0,0.0,0.0,0.0
-0.7518250723882577,-0.6627382540126625,-0.7143314805183808,-0.7352782000356644,-0.5924966915390415,-0.7161950101158567,-0.708853138252988,-0.7020269383817426,-0.675074946233678,-0.622250764507802,-0.6174119759030661,-0.7302109291818178,-0.7359775561101238,-0.7234893303235989,-0.6751688573395487,-0.6665884585128489,-0.6832355658159138,-0.7137282849454789,-0.7200583262476085,-0.6729400687957716,-0.7790054373448607,-0.5769676592211341,-0.7447508783272004,-0.7810792948406021,-0.6708228004124723,-0.5177925769777229,-0.7172458032356335,-0.7173446851141722,-0.7275718626396241,-0.7573386232830969,-0.5985355627826219,-0.6946286060537362,-0.677530214234014,-0.6486703801124707,-0.45223715905891576,-0.7802331510114411,-0.7049502534911465,-0.6989743915559132,-0.7200564529443781
-8.947411809778485
-4.6171161354031565
4.529159303687285
-5.960936678251274
1.0,1.0,1.0,2.0,2.0,2.0,3.0,4.0,4.0,4.0,4.0,5.0,6.0,6.0,6.0,6.0,7.0,7.0,7.0,8.0,9.0,9.0,9.0,9.0,10.0,10.0,11.0,11.0,12.0,13.0,13.0,14.0,14.0,14.0,14.0,14.0,14.0,14.0,15.0
1.0,0.5,0.3333333333333333,0.5,0.4,0.3333333333333333,0.42857142857142855,0.5,0.4444444444444444,0.4,0.36363636363636365,0.4166666666666667,0.46153846153846156,0.42857142857142855,0.4,0.375,0.4117647058823529,0.3888888888888889,0.3684210526315789,0.4,0.42857142857142855,0.4090909090909091,0.391304347826087,0.375,0.4,0.38461538461538464,0.4074074074074074,0.39285714285714285,0.41379310344827586,0.43333333333333335,0.41935483870967744,0.4375,0.42424242424242425,0.4117647058823529,0.4,0.3888888888888889,0.3783783783783784,0.3684210526315789,0.38461538461538464
