1,2,3,4,5,6,7,8,9,10,11,12,13,14,15,16,17,18,19,20,21,22,23,24,25,26,27,28,29,30,31,32,33,34,35,36,37,38,39,40,41,42,43,44,45,46,47,48,49,50,51,52,53,54,55,56,57,58,59,60,61,62,63,64,65,66,67,68,69,70,71,72,73,74,75,76,77,78,79,80,81,82,83,84,85,86,87
555.93115,74.953995,642.8995,777.3971,903.624,511.66998,1943.6309,1562.5068,1745.8252,1741.5183,1176.0676,926.5324,868.72687,497.22522,643.7041,1104.4478,4218.3564,1549.6614,1643.0188,2957.4185,2777.8428,3616.69,4751.335,3170.1118,3649.4175,4534.673,3660.3147,5145.636,5866.0264,5067.9478,5815.772,5298.586,4686.783,6089.5225,6858.2954,2704.31,5553.407,4297.336,2659.2544,5647.8975,-623.1074,9107.358,4906.6104,306.27386,4771.2627,3471.0396,4420.7793,6634.32,5039.6895,6500.09,4819.535,5467.1245,6691.1143,5018.1934,6184.584,3925.9624,4088.6064,4871.5957,4703.041,5326.902,5373.249,5811.4595,5400.411,5062.659,4320.446,4570.4805,5795.363,5029.8027,14778.033,9499.747,6628.612,-813.3034,6530.527,7313.878,10175.287,10159.283,11954.053,9097.16,8598.016,5481.4727,7004.5063,9003.916,3599.2485,8083.2334,8763.687,6839.9595,8501.635
60060.844,918.3014,87260.56,88790.56,170502.45,145819.94,936456.25,482028.3,670204.2,945062.1,282522.88,387684.88,130339.57,48087.734,78339.07,289645.5,3612287.0,577973.1,678609.6,1964143.4,1774688.8,3227437.5,4511109.0,2197450.5,2618111.0,4759505.0,2830987.5,5473274.0,6906471.0,5501177.0,7523292.5,6156136.0,4918510.0,7844970.5,10281952.0,1294843.5,6417398.0,4100653.0,1295342.2,7034515.0,26054.37,17367230.0,5577696.0,347977.9,4861734.5,2422672.0,4174323.0,9357250.0,5328210.0,9483316.0,4412159.0,6720263.0,9580624.0,4855967.5,8740490.0,3343519.0,4139737.0,5002383.0,4869506.0,5152054.0,6416333.0,7240791.0,6046562.5,5278126.0,4004186.2,4227979.0,6702816.0,5385454.0,50480384.0,19062496.0,9028034.0,59297.383,9079786.0,11112326.0,21454252.0,22820006.0,27318308.0,17645956.0,13792035.0,5181549.5,10781550.0,17482620.0,2421050.8,11934856.0,15762098.0,8985614.0,16047431.0
-0.046989992,-0.059323262,-0.152636,-0.21102782,-0.19136105,-0.11490271,-0.0753767,-0.115127616,-0.029310282,-0.062383894,-0.09027294,-0.06547673,-0.0675539,-0.100204706,-0.078950375,-0.07981464,-0.1017467,-0.057347964,-0.14459544,-0.2028945,-0.07480445,-0.15458001,-0.16855499,-0.11275645,-0.18490732,-0.1683455,-0.02234384,-0.073090255,-0.09281917,-0.13151988,-0.18684117,-0.19750051,-0.10400284,-0.11677389,-0.088850364,-0.16985343,-0.35397717,-0.059023805,-0.19241643,-0.24041887,-0.14296028,-0.15007234,-0.14446382,-0.052108992,-0.050439287,-0.16626321,-0.075796045,-0.10286892,-0.041730687,-0.28924385,-0.09116822,-0.07857335,-0.050145913,-0.057161573,-0.13857116,-0.19225773,-0.07492125,-0.02717907,-0.22789466,-0.098904476,-0.10542722,-0.04728426,-0.07481835,-0.061296433,-0.06404007,-0.21887644,-0.12224927,-0.11281425,-0.10584661,-0.17752486,-0.14990933,-0.096215494,-0.092892595,-0.2837917,-0.098335065,-0.06933284,-0.26832446,-0.063642256,-0.10704485,-0.17209408,-0.11333867,-0.12442794,-0.12717243,-0.15954354,-0.10948666,-0.21046951,-0.11848777
-5.314322,-5.309138,-5.287297,-5.2878804,-5.3118043,-5.2631745,-5.268533,-5.2644486,-5.3022676,-5.346193,-5.349152,-5.3436007,-5.3440967,-5.382008,-5.3904157,-5.358339,-5.3255515,-5.3390927,-5.339581,-5.363931,-5.3931994,-5.347523,-5.3850265,-5.4100204,-5.4180703,-5.404386,-5.43154,-5.451324,-5.4243474,-5.4325824,-5.410023,-5.3991504,-5.391022,-5.377313,-5.38193,-5.3940215,-5.368979,-5.422403,-5.413613,-5.4083,-5.403978,-5.4283595,-5.453156,-5.504028,-5.498403,-5.469867,-5.480204,-5.5061107,-5.48636,-5.4958224,-5.4997554,-5.4917073,-5.4279265,-5.446587,-5.455169,-5.4482255,-5.442922,-5.457645,-5.440492,-5.433827,-5.4525657,-5.452391,-5.4265475,-5.4080777,-5.403648,-5.441602,-5.410609,-5.3397737,-5.367823,-5.364121,-5.3617463,-5.375522,-5.371184,-5.3747287,-5.398087,-5.411328,-5.4196534,-5.4317756,-5.3689895,-5.363294,-5.3607755,-5.31165,-5.3010125,-5.3163123,-5.315231,-5.3190246,-5.3301024
0.4219103642127024,0.1306098768106742,0.44737792628351075,0.4075437806253242,0.5064098744813565,0.47951622632308727,0.8936968930476796,0.6555830302694972,0.8151601812362566,0.8708212698313487,0.5952164849924932,0.4626371129692984,0.3450530890639339,0.5468570058594537,0.375101422438398,0.7330356394717843,0.8022967517545927,0.825337373571364,0.7606505244181305,0.8513937615216096,0.8384651566563439,0.8031199655437362,0.7998639120046263,0.8367344505647782,0.8499432346652982,0.8339798541796739,0.8479097814254781,0.7974131864812863,0.8275376982674747,0.8093474921754535,0.8381993984111398,0.8487760708991865,0.8108113163083046,0.8834982565130827,0.809815987066488,0.6426974074460035,0.8045885654590064,0.8378051622545826,0.7349055923958443,0.88108480082117,0.08374039497099817,0.796297713536652,0.8328155933401307,0.8916735532294533,0.8255782228337547,0.7531287607508366,0.8277335053466579,0.7969907638441771,0.9085798229930762,0.7996667939263475,0.8157117372842666,0.7937211321001498,0.8105483673468763,0.8480721580277277,0.8084483340815667,0.7714359266907296,0.7892774070233639,0.8415332691108437,0.8836750541053819,0.8273850605156483,0.8031069491955745,0.8417026689225329,0.8198165690948813,0.8614604553615302,0.8072509236934675,0.804479752534085,0.8135428765664461,0.8272735319497435,0.8370847682516385,0.8066672481676191,0.8582001878967562,0.08374498346783227,0.8298253916890175,0.8872613857737504,0.8785771404799712,0.9170317405185848,0.8189473766946047,0.8618279096794235,0.9001071167676256,0.8741097237766746,0.8934803909113471,0.8813370745042497,0.970597290702409,0.8497927506977001,0.8744328850537006,0.8003613425185532,0.9763113739026763
0.0046027305385044626,0.0,0.04756154889787956,0.014575313371930743,0.03912320957728799,0.017643800397600384,0.011506826346261101,0.029150626743861707,0.04142457484654016,0.03528760079520088,0.021479409179687492,0.02991774850027895,0.03298623552594859,0.00997258283342628,0.034520479038783414,0.01687667864118303,0.06673959280831476,0.02684926147460931,0.0,0.030684870256696306,0.03145199201311377,0.05983549700055801,0.04526018362862727,0.0506300359235492,0.037588966064453055,0.09358885428292407,0.05523276646205355,0.07901354091099333,0.08898612374441972,0.08515051496233261,0.0928217325265066,0.12120523751395074,0.08515051496233261,0.14575313371930798,0.16416405587332594,0.06060261875697548,0.08898612374441972,0.09358885428292407,0.02991774850027895,0.11506826346261156,0.049095792410714156,0.20098590018136164,0.12120523751395074,0.0506300359235492,0.06597247105189741,0.06673959280831476,0.0797806626674108,0.13501342912946424,0.07441081037248876,0.13424630737304677,0.07287656685965416,0.10816416765485481,0.13424630737304677,0.06597247105189741,0.12734221156529013,0.05523276646205355,0.09589021955217625,0.10432855887276782,0.09589021955217625,0.06443822753906236,0.09972582833426336,0.10816416765485481,0.08208202793666297,0.08361627144949768,0.0698080798339844,0.067506714564732,0.08975324550083696,0.09972582833426336,0.3068487025669643,0.21862970057896192,0.13424630737304677,0.05753413173130573,0.13041069859095966,0.13501342912946424,0.20788999598911828,0.2500816925920758,0.2170954570661272,0.2309036486816406,0.17490376046316958,0.08515051496233261,0.14421889020647316,0.23243789219447542,0.05676700997488837,0.14191752493722098,0.21172560477120528,0.10739704589843757,0.205588630719866
0.3762133782040611,0.1324005662747605,0.38218104283820153,0.35050587354772245,0.4475797371243009,0.43353978621494615,0.7489219218974927,0.5383866060812648,0.7034088916822467,0.76947189552333,0.5148647244421389,0.3535587949213752,0.29814343935088417,0.5023469618434313,0.3254541456782343,0.6203187250633149,0.6986888447819344,0.6607953008722833,0.6571028053838526,0.6751106972068754,0.69429197647466,0.7268659626330813,0.6813290718260476,0.7139107278884089,0.7022755794855708,0.7060081382378618,0.6984534626205581,0.672673489356213,0.7065428264162632,0.6864055894961854,0.7202749265562356,0.7324285604654026,0.6935065783112271,0.6839683816455229,0.6801872148770136,0.5336494696762366,0.7051417267140652,0.7273435100271315,0.6152660679849644,0.7757226754866471,0.04845163406752162,0.688632150625677,0.7141537679695005,0.7145503020031869,0.6943891925070966,0.620302522391242,0.7075465292205818,0.6777986150425694,0.7538850208631214,0.6755396365847073,0.6812804638098293,0.7022832374052856,0.7299341998461637,0.6967777923415408,0.6805598763346876,0.6608115035443562,0.6766490881895959,0.7255458643070223,0.7601520034985119,0.6997249529303988,0.7102020297279052,0.6980569285868716,0.700065209043927,0.7631076968555028,0.6853856840197943,0.7325172317454811,0.6905432150502961,0.7468164373922255,0.7438692768033675,0.697384961112173,0.7389300504137513,0.0776648600671328,0.7332787693171268,0.7581522677938142,0.7800786056816436,0.806863156598725,0.724639389519365,0.7445574589343638,0.7787184440917239,0.7443715596376235,0.8048710907979673,0.8012843560943312,0.8316070336988304,0.7239188020442233,0.7881108167087727,0.7082509020394263,0.8672415991506197
0.0,0.0,0.0,0.0,0.0,-0.0007367901472143945,0.0,0.0,0.0,-0.0006157135229902799,0.0,-6.4810688291006e-05,0.0,0.0,0.0,0.0,0.0,0.0,0.0,0.0,0.0,-0.00045368680226243185,0.0,0.0,0.0,0.0,0.0,0.0,0.0,0.0,0.0,0.0,0.0,0.0,0.0,0.0,0.0,0.0,0.0,0.0,0.0,0.0,0.0,0.0,0.0,0.0,0.0,0.0,0.0,0.0,0.0,0.0,0.0,0.0,0.0,0.0,0.0,0.0,0.0,0.0,0.0,0.0,0.0,0.0,0.0,0.0,0.0,0.0,0.0,0.0,0.0,0.0,0.0,0.0,0.0,0.0,0.0,0.0,0.0,0.0,0.0,0.0,0.0,0.0,0.0,0.0,0.0
0.0,0.0,0.0,0.0,0.002445752603020601,0.0,0.0,0.0,0.0,0.001992077784982449,0.0,0.0,0.0,0.0,0.0,0.0,0.0,0.0,0.004834352437464773,0.0,0.0,0.006097297994947404,0.0,0.0,0.0,0.0017166203755207832,0.0,0.0,0.0,0.0,0.0,0.0,0.0,0.002979565933003414,0.002882349900566794,0.0,0.0,0.0,0.0,0.0,0.0,0.0,0.0,0.0,0.0,0.0,0.0,0.0,0.0,0.0,0.0,0.0,0.0003888641297464801,0.0,0.0,0.0,0.0,0.0,0.0,0.0,0.0,0.0,0.0,0.0,0.0,0.0035628621276231343,0.0,0.005068847766198203,0.0,0.0,0.0,0.0,0.0,0.0,0.0,0.0,0.0,0.0,0.0,0.0,0.0007043848030692246,0.0,0.0,0.0,0.0,0.000583308178844888,0.0
-0.027618557096732665,-0.018914366610680133,-0.027067654262033614,-0.042224726680216484,0.0,-0.006047803146086217,-0.04071108312192706,-0.037423666419540424,-0.01690609813784949,-0.006647302012779299,-0.0037564193440786653,-0.0401849277116586,-0.0516742520658422,-0.015116997170097513,-0.031990689963802055,-0.010112960092190981,-0.03343186491408545,-0.041901548087179386,-0.00957060200984916,-0.04389273903951896,-0.05874283553673809,-0.002930957916785104,-0.014711930368278558,-0.04843544337967387,-0.05614360096534732,-0.05173906275413298,-0.07518758895260991,-0.0909279575654125,-0.13649725371659205,-0.08202932303026156,-0.04056525907327213,-0.0741105307076424,-0.029942346242886053,-0.04591722216864724,-0.062062657583269676,-0.0648153861072549,-0.042087447383919674,-0.03157795325804269,-0.058613214160155636,-0.06042705056811304,-0.04190920600689463,-0.09673359547882576,-0.08472578561831412,-0.0587914435529564,-0.06402998794382153,-0.06319596977994557,-0.09670884805439517,-0.06164138810937736,-0.04739933523120943,-0.08675792666715676,-0.11949393954630594,-0.03181246057100129,-0.06212746827156135,-0.10007727811714506,-0.06981942318516232,-0.028355347243947726,-0.05658107311131211,-0.06271843437012059,-0.048119922706351126,-0.07445079880539573,-0.03287330415967116,-0.07993238327735241,-0.09464431364563097,-0.05377119181875134,-0.10157560583600489,-0.03627413956656689,-0.07464523087026897,-0.02117334506854185,-0.12893492017957353,-0.09993999882084825,-0.13682130715804774,-0.049325715495258216,-0.11171242651998359,-0.13582527425766866,-0.1321575261936685,-0.12665973904963845,-0.1356470448648679,-0.15834257824405817,-0.15282858842795477,-0.09187538244957327,-0.08863657376340495,-0.14387368795687117,-0.08943817459891079,-0.07497694223143903,-0.142254283613787,-0.07462902819819561,-0.15052100195387474
0.00034880086588584547,0.0,0.0,0.0,0.004915365797828475,0.0029070973249978316,0.002235117866074443,0.006405148764330182,0.005652155945042647,0.007797715698395269,0.006243122043602334,0.00632413540396648,0.002218915194001525,0.00702852020703526,0.004032751601958928,0.004818149765391855,0.007012317534962342,0.00048609214640782383,0.005554939912606027,0.0035552042079087798,0.00632413540396648,0.01226705261367611,0.011481666434468352,0.007846323714613579,0.00598387929043831,0.0091902826324608,0.00372490083257615,0.007554675617303719,0.008615519205974032,0.008502100501464493,0.008218985172287585,0.007554675617303719,0.0071095335673994065,0.011643693155195756,0.01494731252965531,0.00712573623947188,0.009910870107602499,0.009125471944169572,0.004413070979347289,0.016161638086694907,0.007554663633078995,0.014372549103168542,0.009125459959944848,0.005960006714425425,0.00688269615838033,0.0,0.004413082963572457,0.00987079485951714,0.00933610668111573,0.01136823574573409,0.010809686975544963,0.011182348433218525,0.019351850740869647,0.009910870107602499,0.009903200203662532,0.011166145761145607,0.012267064597901278,0.013295502842425755,0.0,0.011068929728708987,0.0018385838323879966,0.00982218684329883,0.010777281631399127,0.010445558286003909,0.007554663633078995,0.013886468940984997,0.014914907185509474,0.0,0.014623259088199614,0.014032292989639927,0.0,0.008680329894264815,0.013837860924766687,0.008785203846416234,0.012607320711429448,0.0,0.010712470943107899,0.011854327892141914,0.006801682798016628,0.0012714783256160267,0.011740909187632376,0.010858294991763273,0.00367629281635784,0.007554675617303719,0.005668358617115565,0.011611287811050364,0.011117537744927297
-0.00038033136161352843,-0.00215321767306742,-0.003918446064806513,-0.0019025196722610715,-0.000485205313764947,-0.0024772711145231163,0.0,0.0,0.0,0.0,0.0,0.0,-0.0006395741147779965,0.0,0.0,0.0,0.0,-0.0012706034771978736,-0.002023596296485408,0.0,0.0,0.0,0.0,0.0,0.0,-0.0027279810995541887,0.0,-0.00042039462547416306,0.0,0.0,0.0,0.0,-0.0026631704112634047,0.0,0.0,0.0,0.0,-0.0009874881480209652,0.0,0.0,0.0,0.0,-0.0013192114934161836,0.0,-0.000485205313764947,-0.002849944556421846,-0.0017652283917390932,0.0,0.0,0.0,-0.0019997357046976916,0.0,0.0,0.0,0.0,-0.0001534819683697286,0.0,0.0,-0.006234577291244658,0.0,-0.004631375620233413,0.0,0.0,0.0,-0.003975598833382943,0.0,0.0,-0.006258437883032375,0.0,0.0,-0.009545854585419011,0.0,0.0,0.0,0.0,-0.012080290452742837,0.0,-0.0012219954609795636,0.0,-0.001408769606138005,0.0,-0.0024448657703772803,-0.00029931800124982644,0.0,-0.0029386158365003467,0.0,0.0
0.009366179894669813,0.01619486155319283,0.018496670032867257,0.013145518669235301,0.01480217957063168,0.01635513697918034,0.0,0.0,0.0,0.0,0.0,0.0,0.0,0.0,0.0,0.005765965335022827,0.0,0.018124928963683118,0.026370523109629396,0.0,0.0,0.010213365525885365,0.004720800308370521,0.0,0.0,0.03571784782378096,0.0,0.01753635331854486,0.0,0.0,0.020247606836852228,0.014439866091706222,0.03561414433093324,0.01372873177320244,0.004786793440182624,0.0,0.0072057916604650885,0.026130768304069463,0.0,0.013860718036826647,0.0,0.0,0.024647869076420914,0.0,0.02211573977303205,0.010377693217787698,0.015404247855116626,0.0,0.011517140538615411,0.001045165026652306,0.00959650710997062,0.005158534509366763,0.0005885756451382562,0.0009320339435459069,0.014623055355712733,0.026295102387558167,0.013898428397862261,0.0,0.03156676798003133,0.01363039082152584,0.039944348389601814,0.0005980032353973819,0.0015017544081663559,0.00838700799982961,0.02376833562534042,0.009003866415744355,0.004941699933412647,0.044391748580464796,0.0,0.022106312182772925,0.02773086366391242,0.0,0.028776028690564726,0.003045284226456335,0.02285515686231232,0.05745241893736974,0.0,0.03675358526017458,0.0,0.0,0.014105835383557697,0.04596892371070194,0.0,0.013460694196866019,0.04231620865858998,0.008100115242975381,0.015649365201847676
0.0,0.0,0.0,0.0,0.0,0.0,-0.003530162770333245,-0.02958014141957399,-0.008834169791084534,-0.015447327148909729,-0.01645884686361443,-0.03136472992709338,-0.007436118875765896,-0.016524839995426532,-0.01429845223782289,0.0,-0.030202368768246668,0.0,0.0,-0.013258656143928071,-0.009888768799582337,-0.008716980050476497,-0.008749321478754624,-0.00949817254988039,-0.003530162770333245,0.0,-0.006975470836750208,0.0,-0.0211607919914667,-0.019193014219940796,0.0,-0.004626524405781485,0.0,-0.004569958864228063,-0.021353402454145964,-0.02368349370459688,-0.009394469057032673,0.0,-0.004871648144098906,-0.0053228685928554675,-0.03192908785054316,-0.024798710520562928,0.0,-0.019743879504043882,0.0,0.0,0.0,-0.031138467760880584,-0.0011340783880702254,-0.016289143847367793,0.0,-0.017917521977987683,-0.021485395109356542,-0.00298466002740172,-0.004796227422027677,0.0,-0.007634098271202205,-0.02314205601075292,0.0,0.0,0.0,-0.012109781232841677,-0.005341723773373275,-0.0028526737637770694,0.0,-0.0035813593791291787,-0.010481403102221787,0.0,-0.03038555803225318,-0.010537968643775208,0.0,-0.03493666171596388,0.0,-0.01037769960937407,-0.005685182071780481,0.0,-0.031044185466705176,0.0,-0.02368349370459688,-0.004537617435950381,-0.01009080685251984,0.0,-0.012396673989695906,-0.0030170014556794023,0.0,-0.006188909404588827,-0.010279365049284284
0.0,0.0,0.0,0.0,0.0,0.0,0.008748484180908012,0.027084348286098514,0.009779127522768327,0.0153877447784736,0.01754490526143715,0.028162928527580178,0.009371663875986425,0.016346482770901893,0.01521996562979866,0.0013662016392104182,0.027587685732123335,0.0,0.0,0.013470268793617235,0.009875001322011245,0.0089642002292043,0.009875001322011245,0.01073786551519662,0.00397876266857744,0.0,0.007933556887343984,0.0,0.01847967480405477,0.016777914867494692,0.0014381069886424402,0.005608617255705495,0.0,0.00630370230021593,0.01982190799345429,0.02080461443569326,0.010498181017089436,0.0,0.005512743456462577,0.006615292147755136,0.027971180929094563,0.02241050057301064,0.0,0.017281252313519513,0.0,0.0,0.0,0.026772758438559308,0.0029960562263384727,0.015339807878852252,0.0,0.015962987573930665,0.019630160394968676,0.0029001824270955545,0.006543386798322892,0.0,0.008341020534125887,0.020349213889290008,0.0,0.0,0.0,0.012295814752892431,0.006711165946997832,0.004697816162898549,0.0,0.004889563761384164,0.010354370318225392,0.0,0.026581010840073693,0.010761833965007295,0.0,0.029648972415843966,0.0,0.010785802414817969,0.00802943068658668,0.0,0.027204190535151884,0.0,0.021164141182854035,0.005848301753812457,0.010665960165764377,0.0,0.012463593901567371,0.004458131664791587,0.0,0.007837683088101066,0.010618023266143028
-0.00532099585797674,-0.010641991715953703,-0.011672635057814018,-0.008245146734882969,-0.007094661143969061,-0.009898969771821697,0.0,0.0,0.0,0.0,0.0,0.0,0.0,0.0,0.0,-0.0002636529479176364,0.0,-0.013062805146834888,-0.014884407332448779,0.0,0.0,0.0,0.0,0.0,-0.0008868326429960494,-0.021619541729257286,0.0,-0.016969662465980084,0.0,0.0,-0.008676578831475767,-0.01001881202087529,-0.0222427214243357,-0.001246359390156604,0.0,0.0,0.0,-0.0162266405218483,0.0,-0.008005462236776006,0.0,0.0,-0.02126001498209673,0.0,-0.019030949149700938,-0.0074302194413189415,-0.018455706354243873,0.0,-0.0067351343968085065,0.0,-0.014932344232070127,0.0,0.0,-0.006183860051162116,-0.0036192359214166636,-0.017472999912004905,-0.007070692694158387,0.0,-0.020349213889289786,-0.011864382656299632,-0.022937806468846134,-0.0028522455274739844,-0.005704491054948191,-0.004530037014223387,-0.024759408654459802,-0.001965412884477935,-0.0036192359214166636,-0.024447818806920596,0.0,-0.015986956023741117,-0.02531068300010597,0.0,-0.023656859963167243,-0.006303702300215708,-0.009659285273714735,-0.031039142504864836,0.0,-0.030080404512436543,0.0,0.0,0.0,-0.03782221380129491,0.0,0.0,-0.030128341412058113,0.0,-0.003187803824823865
0.007737801764049923,0.0,0.007723005241033309,0.023163461434330568,0.0,0.0,0.019233281215623066,0.019402977840282887,0.0,0.0,0.0,0.02494268100909247,0.03552242506299108,0.0,0.011954874739611654,0.0,0.017425778870084674,0.022297420622596986,0.0,0.027037076111485092,0.02926752252658993,0.0,0.0,0.023737246948039026,0.03123935256403043,0.013672166231649241,0.043754526569590446,0.04977629598416611,0.07122397434090089,0.047413863305437065,0.010985130435030355,0.037909075463408826,0.0048945619821179065,0.01174746775391644,0.01740285864047908,0.042460179147119304,0.017110603342453734,0.007017239855287238,0.03721679632542285,0.022861772154459947,0.026391934924793414,0.05149895001737459,0.044982880860249486,0.03706188983219305,0.03496749472980043,0.03952802600376981,0.058761307219392656,0.02367661635739804,0.012566370614355726,0.040092383927219366,0.0648182303603575,0.0,0.010570310072053113,0.049766868393907426,0.021469090171898797,0.0,0.012758981077034548,0.019850139631538033,0.014538207043382823,0.026631689730353347,0.0,0.035531852653249985,0.04906109661657454,0.01631998325279116,0.050251740546197965,0.0,0.025916490362761557,0.0,0.06532195769316607,0.04309995779264009,0.07310152847575258,0.0339223297031479,0.04726302186129505,0.07098421953534095,0.0552217232503871,0.055984060569272964,0.07313923883678819,0.07602275200598863,0.0814776068624683,0.05519344047961039,0.02273515482359323,0.06320870741025564,0.05095751232353085,0.025793931689396254,0.06899759297488384,0.028307199420680718,0.06753891146892399
0.0,-0.0025846361874408696,0.0,0.0,-0.023083982054758367,-0.013884942150102164,0.0,0.0,-0.005130251738590053,-0.012105722575340483,-0.0151604343920555,0.0,0.0,-0.00711688469063354,0.0,-0.006890616132833927,0.0,0.0,-0.015390761607356529,0.0,0.0,-0.02317288902458947,-0.01823806643837611,0.0,0.0,-0.020203025520204365,0.0,0.0,0.0,0.0,-0.014575917404418437,0.0,-0.01785152884617558,-0.020631332130941704,-0.019287290122529832,0.0,-0.005388861724667571,-0.010740013088299527,0.0,-0.01233604979064129,0.0,0.0,0.0,0.0,0.0,0.0,0.0,0.0,0.0,0.0,0.0,-0.016138302403226,-0.016058816632066986,0.0,-0.009860486028805848,-0.0180548771743696,-0.00885839390435983,0.0,0.0,0.0,-0.01840776306303593,0.0,0.0,0.0,0.0,-0.021205117644650162,-0.002715318567395597,-0.02385980562140455,0.0,-0.011051123566842458,0.0,0.0,-0.013286938914705004,0.0,-0.010603961775587312,-0.010490830692480912,0.0,-0.0040904556446952345,0.0,0.0,-0.018953259414381307,-0.004758510669405913,0.0,-0.009385035075187398,-0.008100115242975159,-0.017832673665657772,-0.011385154274991205
0.0,0.0,0.0,0.0,13.75,4.560001373291016,0.0,0.020000457763671875,15.889999389648438,21.28999900817871,11.610000610351562,0.0,0.0,18.060001373291016,2.3500022888183594,5.850000381469727,7.159999847412109,0.0,12.539999008178711,0.0,11.129999160766602,23.880001068115234,22.539999961853027,6.020000457763672,5.370000839233398,17.880000114440918,0.0,7.290000915527344,10.259998321533203,6.19999885559082,17.750001907348633,3.8400020599365234,15.94000244140625,28.06999945640564,26.40999937057495,0.0,9.649999618530273,13.010000228881836,0.0,16.329999923706055,0.0,14.600000381469727,7.720001220703125,0.0,10.940000534057617,0.0,5.829999923706055,15.84999942779541,23.71999979019165,16.420001983642578,18.41999912261963,22.63000202178955,26.61000156402588,19.40999984741211,16.669998168945312,14.970001220703125,23.69999885559082,24.05999994277954,18.72000026702881,17.670000076293945,22.270000457763672,19.940000534057617,18.840001106262207,18.97000217437744,24.24000072479248,28.089999198913574,32.63999819755554,25.27999973297119,26.5,27.149999618530273,17.63999843597412,1.2300033569335938,22.909998893737793,24.200000762939453,19.059998512268066,24.899998664855957,6.329999923706055,17.540000915527344,19.17999839782715,0.0,28.590001583099365,18.0,17.249998092651367,22.409998893737793,16.200000762939453,26.749999523162842,27.479999542236328
-19.079998016357422,-18.070003509521484,-25.719999313354492,-21.729999542236328,-20.290000915527344,-12.40999984741211,-29.939998626708984,-7.6100006103515625,-12.319999694824219,-12.580001831054688,-7.020000457763672,-15.110000610351562,-23.59000015258789,-18.270000457763672,-13.629997253417969,-15.010000228881836,-17.940000534057617,-20.330001831054688,-16.400001525878906,-28.950000762939453,-20.720001220703125,-13.279998779296875,-16.65999984741211,-27.049999237060547,-29.15999984741211,-22.009998321533203,-27.049999237060547,-22.869998931884766,-28.170001983642578,-19.970001220703125,-25.669998168945312,-26.449996948242188,-18.519996643066406,-23.71000099182129,-27.09000015258789,-27.899999618530273,-27.420001983642578,-19.15999984741211,-27.219999313354492,-20.220001220703125,-10.15999984741211,-21.76999855041504,-26.479999542236328,-30.479999542236328,-23.830001831054688,-26.46999740600586,-28.59000015258789,-14.110000610351562,-13.34000015258789,-9.40999984741211,-24.229999542236328,-17.549999237060547,-7.9499969482421875,-21.299999237060547,-16.220001220703125,-13.069997787475586,-9.740001678466797,-5.590000152587891,-5.869998931884766,-7.510000228881836,-14.319999694824219,-17.23000144958496,-22.71999740600586,-9.80999755859375,-7.290000915527344,-2.8500022888183594,-6.980003356933594,0.0,-13.940000534057617,-11.430000305175781,-27.300003051757812,-6.3899993896484375,-11.65999984741211,-24.110000610351562,-24.450000762939453,-22.650001525878906,-22.860000610351562,-15.759998321533203,-27.09000015258789,-32.459999084472656,-11.489997863769531,-21.01000213623047,-26.12000274658203,-33.720001220703125,-20.759998321533203,-15.59000015258789,-13.639999389648438
1.05999755859375,0.19000244140625,1.9500045776367188,3.7399978637695312,7.180000305175781,6.180000305175781,6.019996643066406,11.279998779296875,5.480003356933594,13.209999084472656,3.2999954223632812,4.260002136230469,0.0,8.360000610351562,3.69000244140625,3.1500015258789062,13.94000244140625,7.9799957275390625,6.379997253417969,16.529998779296875,14.600006103515625,21.519996643066406,20.170005798339844,13.029998779296875,20.709999084472656,18.079994201660156,5.3300018310546875,9.260002136230469,14.509994506835938,3.5499954223632812,11.8699951171875,11.44000244140625,10.389999389648438,20.5,9.1199951171875,0.0,7.6399993896484375,14.290000915527344,0.0,9.349998474121094,1.7900009155273438,11.879997253417969,15.1300048828125,12.939994812011719,19.389999389648438,0.0,18.80999755859375,29.279998779296875,27.20000457763672,28.81999969482422,17.80999755859375,28.360000610351562,27.919998168945312,31.31999969482422,25.529998779296875,31.12999725341797,26.51000213623047,27.860000610351562,28.6199951171875,31.610000610351562,24.360000610351562,23.019996643066406,21.389999389648438,26.51000213623047,20.970001220703125,24.550003051757812,23.839996337890625,15.900001525878906,9.149993896484375,20.80999755859375,22.5,0.37999725341796875,13.860000610351562,24.919998168945312,14.580001831054688,21.01000213623047,25.580001831054688,27.730003356933594,17.970001220703125,2.0,26.62999725341797,20.330001831054688,20.029998779296875,16.20000457763672,9.569999694824219,9.670005798339844,13.370002746582031
-10.75,-6.430000305175781,-7.409996032714844,-7.0800018310546875,-4.739997863769531,-3.6299972534179688,-2.2700042724609375,-0.3600006103515625,-7.3899993896484375,-3.8400039672851562,-5.400001525878906,-3.25,-10.959991455078125,-5.090003967285156,-12.150001525878906,-6.319999694824219,-18.029998779296875,-9.860000610351562,-22.400001525878906,-8.870002746582031,-17.81999969482422,-21.540008544921875,-17.87999725341797,-14.150009155273438,-12.120002746582031,-18.160003662109375,-14.019996643066406,-22.18000030517578,-25.459999084472656,-22.360000610351562,-20.19001007080078,-23.460006713867188,-18.3800048828125,-14.290000915527344,-21.229995727539062,-9.139999389648438,-23.729995727539062,-24.430007934570312,-12.159996032714844,-26.650001525878906,-2.4099960327148438,-25.480003356933594,-16.399993896484375,-1.6100006103515625,-22.919998168945312,-10.699996948242188,-17.85999298095703,-1.720001220703125,-7.540000915527344,-13.890007019042969,-16.389999389648438,-2.6399993896484375,-6.0800018310546875,-4.299995422363281,-6.400001525878906,-1.1599960327148438,-9.910003662109375,-2.9099960327148438,-5.1100006103515625,0.0,-2.1800003051757812,-7.200004577636719,-18.589996337890625,-4.870002746582031,-3.6800003051757812,-5.44000244140625,-3.3199996948242188,-7.0800018310546875,-22.57000732421875,-19.89000701904297,-17.550003051757812,-4.3800048828125,-22.910003662109375,-16.600006103515625,-23.8699951171875,-12.840003967285156,-25.779991149902344,-15.769996643066406,-25.270004272460938,-18.79999542236328,-9.55999755859375,-22.1199951171875,-10.019996643066406,-15.800003051757812,-23.04999542236328,-24.70000457763672,-12.399993896484375
0.0,1.5100021362304688,0.0,0.3300018310546875,2.5,2.2300033569335938,0.46999359130859375,6.790000915527344,6.700004577636719,8.040000915527344,5.6399993896484375,6.8300018310546875,1.0799942016601562,6.660003662109375,2.1300048828125,3.5100021362304688,8.910003662109375,1.9599990844726562,5.1399993896484375,1.2699966430664062,7.760002136230469,8.159996032714844,8.709999084472656,4.339996337890625,7.730003356933594,9.080001831054688,3.1399993896484375,6.489997863769531,7.159996032714844,6.6699981689453125,9.150001525878906,5.540000915527344,5.839996337890625,9.580001831054688,8.169998168945312,4.219993591308594,7.279998779296875,7.25,3.4000015258789062,8.419998168945312,9.009994506835938,7.4499969482421875,7.900001525878906,4.379997253417969,7.470001220703125,2.4799957275390625,6.799995422363281,12.0,8.510002136230469,9.979995727539062,7.150001525878906,9.279998779296875,9.050003051757812,9.040000915527344,7.930000305175781,8.830001831054688,11.029998779296875,9.959999084472656,8.720001220703125,5.589996337890625,10.519996643066406,7.819999694824219,7.680000305175781,9.839996337890625,9.510002136230469,7.780006408691406,9.549995422363281,7.75,8.560005187988281,8.799995422363281,8.549995422363281,8.540000915527344,7.950004577636719,9.239997863769531,7.769996643066406,5.7599945068359375,9.260002136230469,8.0,6.7299957275390625,3.720001220703125,9.420005798339844,8.949996948242188,8.389999389648438,6.69000244140625,6.879997253417969,8.669998168945312,8.819999694824219
-7.879997253417969,-1.0,-5.840003967285156,-2.660003662109375,-3.089996337890625,-1.4899978637695312,-3.2400054931640625,0.0,0.0,0.0,0.0,0.0,-3.5500030517578125,-0.23999786376953125,-2.8499984741210938,-1.8299942016601562,0.0,-3.5800018310546875,-5.220001220703125,-3.029998779296875,-0.23000335693359375,0.0,0.0,-3.529998779296875,-0.6699981689453125,-0.01999664306640625,-2.529998779296875,-0.3800048828125,-0.5999984741210938,0.0,0.0,-2.4499969482421875,-1.279998779296875,0.0,0.0,-1.3700027465820312,0.0,-0.6699981689453125,-2.6800003051757812,0.0,0.0,-0.779998779296875,-0.04999542236328125,0.0,0.0,-3.910003662109375,-1.19000244140625,0.0,0.0,0.0,-3.6800003051757812,0.0,0.0,0.0,-0.45999908447265625,-0.029998779296875,0.0,0.0,0.0,-1.7300033569335938,0.0,-2.5699996948242188,0.0,0.0,0.0,-0.12999725341796875,0.0,0.0,0.0,0.0,-3.4800033569335938,0.0,-0.30999755859375,0.0,0.0,-0.19000244140625,0.0,0.0,-0.5200042724609375,-3.1699981689453125,0.0,0.0,-1.9800033569335938,0.0,0.0,0.0,0.0
0.215999998152256,0.25899999774992466,0.0,0.16199999675154686,0.1640000008046627,0.05100000649690628,0.025999993085861206,0.0,0.2200000025331974,0.8330000303685665,0.4059999957680702,0.07600000873208046,0.700000025331974,0.1809999980032444,0.6699999794363976,0.40699999779462814,2.562000057194382,0.7600000090897083,2.564999930560589,0.8270000144839287,2.552999952342361,3.3420000970363617,2.0230001099407673,0.9560000151395798,0.13599999621510506,1.7400000430643559,1.2620000094175339,3.33600003272295,3.124000103212893,3.0389999449253082,3.1880000829696655,3.442000098992139,2.136000093072653,2.6480000987648964,3.3040000908076763,0.4039999882224947,3.505999982357025,2.7079999335110188,0.4090000130236149,4.373000003397465,0.04599999822676182,3.017000049352646,1.7979999571107328,0.029000001028180122,2.933000050485134,0.059000000124797225,2.3269999250769615,0.19600000232458115,0.04699999839067459,1.9499999936670065,2.018999993801117,0.2919999994337559,1.889999944716692,0.27799998968839645,0.8029999956488609,0.011999999172985554,1.3189999479800463,0.1809999980032444,1.0509999617934227,0.47599999606609344,0.02800000086426735,0.0,1.7469999678432941,0.24899999611079693,1.2860000180080533,1.0560000017285347,1.2509999610483646,0.857000008225441,3.155999952927232,3.461000006645918,3.5100000323727727,0.0,3.356999985873699,2.5030001178383827,3.4360000789165497,1.6809999980032444,3.1649999246001244,3.058999940752983,2.8680000584572554,1.371000036597252,1.435999944806099,2.292000088840723,0.3500000089406967,1.074999988079071,3.5619999328628182,4.036999959498644,2.147000055760145
-0.9080000296235085,-0.7700000163167715,-1.234999978914857,-1.5400000251829624,-1.3059999458491802,-0.7109999731183052,-1.6930000334978104,-1.2569999694824219,-0.7380000166594982,-0.821000013500452,-0.291999988257885,-0.730000015348196,-0.4899999722838402,-0.6149999909102917,-0.6770000234246254,-0.34700001031160355,-1.687000015284866,-1.9039999656379223,-0.723999984562397,-2.8030000403523445,-1.1729999990202487,-2.5889998972415924,-2.8769999854266644,-2.6270000487565994,-3.3430000729858875,-2.446000065654516,-1.588999941945076,-2.166999988257885,-2.875999896787107,-0.8760000169277191,-2.3019999265670776,-2.2719998876564205,-1.8150000013411045,-2.961000107228756,-1.581999946385622,-0.49500000081025064,-0.7559999823570251,-2.0260000340640545,-0.7159999869763851,-0.5859999880194664,-0.2620000075548887,-1.9650000631809235,-3.483000061009079,-3.2549998871982098,-2.490000046789646,-1.0570000151637942,-3.385999895632267,-3.5070000886917114,-3.371999904513359,-3.2960000578314066,-3.064999997615814,-3.6729999743402004,-3.4800000600516796,-3.9189999774098396,-3.4879998937249184,-3.4890000633895397,-3.128999887034297,-2.450000014156103,-3.3619999065995216,-3.1679999381303787,-3.4940000884234905,-3.224000036716461,-2.56500006839633,-3.3859998900443316,-2.5830000592395663,-2.4729999229311943,-1.8169999979436398,-1.5439999550580978,-0.9860000070184469,-2.308000046759844,-2.5970000801607966,-0.3329999903216958,-1.4809999540448189,-3.1139999851584435,-3.0620000660419464,-3.1139999590814114,-3.2300000563263893,-2.428999975323677,-3.164000006392598,-1.5340000540018082,-3.3799999207258224,-2.904999937862158,-2.0099999457597733,-3.158999979496002,-0.7980000218376517,-0.15800000354647636,-2.2319998927414417
0.0,0.0,0.0,0.0,1.966000109910965,0.5139999687671661,0.0,0.13999998569488525,2.2100000977516174,2.91199991106987,1.2630000114440918,0.0,0.0,2.437999963760376,0.0,0.8050000071525574,1.0459999740123749,0.0,2.0240000188350677,0.0,1.7590000629425049,3.4210000932216644,2.767999917268753,1.2219999432563782,1.8520000874996185,3.2870000898838043,0.0,0.5750000178813934,2.4230000376701355,0.9150000214576721,2.7789998948574066,0.8230000138282776,2.189999997615814,3.5299999117851257,3.0169999599456787,0.0,1.2980000376701355,1.921000063419342,0.0,2.380000025033951,0.0,1.9709998965263367,1.7989999949932098,0.0,2.8749999701976776,0.0,1.6040000170469284,3.1050000190734863,3.429999977350235,3.2800000309944153,3.4560000598430634,3.1660000383853912,3.2870000302791595,3.736999988555908,2.8190000653266907,3.7060001492500305,3.090000092983246,3.2870000898838043,3.8789999186992645,3.9889997839927673,3.3620000183582306,4.252999812364578,3.467000037431717,3.5060000717639923,3.3469998836517334,3.794000059366226,4.072999864816666,3.598999947309494,3.1939999163150787,3.19500008225441,3.787000209093094,0.0,3.4020000398159027,3.2290000319480896,2.5640000700950623,3.055999904870987,2.319000095129013,3.3299999088048935,3.4659999907016754,0.0,3.56099995970726,3.2729999721050262,2.9189999997615814,2.7699999511241913,2.2440000772476196,3.4640000462532043,3.372999995946884
-2.620000034570694,-2.150000035762787,-2.7840000987052917,-2.3249999582767487,-2.2900000512599945,-1.5399999916553497,-3.104000061750412,-0.636000007390976,-1.453999936580658,-1.257999986410141,-1.1419999599456787,-1.6040000021457672,-3.2370000779628754,-2.083999991416931,-2.4160000681877136,-2.0309999585151672,-3.7530000507831573,-3.227000057697296,-3.2829999029636383,-3.931000053882599,-4.049000024795532,-3.0099999010562897,-3.3680000007152557,-3.738999903202057,-3.244000107049942,-3.705999940633774,-4.207000106573105,-3.4770000278949738,-3.5720000863075256,-3.399000108242035,-3.43900004029274,-3.803000032901764,-3.496000111103058,-3.3920000195503235,-3.4719998836517334,-3.3649999499320984,-3.883000075817108,-4.187999904155731,-3.327999919652939,-3.6550000607967377,-0.9029999673366547,-3.546999990940094,-3.020999938249588,-2.7440000772476196,-4.003000050783157,-3.337999999523163,-3.8579999953508377,-1.1080000400543213,-1.6279999911785126,-1.8889999985694885,-3.3180001080036163,-2.0659999549388885,-0.804999977350235,-2.5139999389648438,-2.5450000166893005,-0.9580000042915344,-1.7570000290870667,-0.44099999219179153,-0.5520000010728836,-1.012000024318695,-1.0969999730587006,-1.6980000436306,-3.4569999873638153,-1.1780000030994415,-1.1899999976158142,-0.48999999463558197,-0.9500000178813934,-0.26900000497698784,-3.0939999520778656,-2.6739998757839203,-3.299999922513962,-0.8619999885559082,-3.0389999449253082,-3.2570000290870667,-3.1550000309944153,-3.2349999845027924,-3.5989998877048492,-3.6110000759363174,-3.7719999253749847,-3.687000095844269,-0.9979999959468842,-3.721999913454056,-3.257000118494034,-3.9830000698566437,-4.051999926567078,-3.6070000529289246,-1.5449999868869781
0.11600005626678467,0.25300002098083496,0.17799997329711914,0.02199995517730713,0.11500000953674316,0.0690000057220459,0.04400002956390381,0.0,0.10300004482269287,0.0,0.12199997901916504,0.0,0.0,0.23700010776519775,0.10199999809265137,0.03600001335144043,0.0,0.03299999237060547,0.1119999885559082,0.0,0.0,0.046000003814697266,0.0,0.0,0.0,0.0,0.04799997806549072,0.0,0.0,0.0,0.0,0.0,0.0,0.05300009250640869,0.07500004768371582,0.0,0.0009999275207519531,0.0,0.01699995994567871,0.0,0.006000041961669922,0.0,0.006000041961669922,0.05500006675720215,0.0,0.0,0.054000020027160645,0.009999990463256836,0.01900005340576172,0.0,0.0820000171661377,0.0,0.008000016212463379,0.0,0.008000016212463379,0.0,0.029999971389770508,0.0,0.0,0.0,0.0,0.0,0.0,0.0,0.0,0.0,0.0,0.0,0.0,0.0,0.039999961853027344,0.0,0.0,0.0,0.0,0.0,0.0,0.0,0.0,0.0,0.0549999475479126,0.0,0.0,0.0700000524520874,0.0,0.0,0.0
-0.18400001525878906,-0.17399996519088745,-0.2890000343322754,-0.26200002431869507,-0.5400000214576721,-0.3400000333786011,-0.35300004482269287,-0.3370000123977661,-0.40199995040893555,-0.5789999961853027,-0.3269999623298645,-0.3579999804496765,-0.356999933719635,-0.5589999556541443,-0.21000003814697266,-0.4029999375343323,-0.4180000424385071,-0.3619999885559082,-0.45499998331069946,-0.4520000219345093,-0.39500004053115845,-0.6219999194145203,-0.6480000019073486,-0.3720000386238098,-0.4240000247955322,-0.5979999899864197,-0.4270000457763672,-0.4359999895095825,-0.4230000376701355,-0.48899996280670166,-0.4740000367164612,-0.3529999852180481,-0.5019999742507935,-0.5429999828338623,-0.5619999766349792,-0.597000002861023,-0.40000003576278687,-0.437999963760376,-0.5069999694824219,-0.5289999842643738,-0.1809999942779541,-0.3840000033378601,-0.4139999747276306,-0.43999993801116943,-0.37699997425079346,-0.43999993801116943,-0.4540000557899475,-0.42399996519088745,-0.4029999375343323,-0.4610000252723694,-0.4920000433921814,-0.6609999537467957,-0.5789999961853027,-0.43000006675720215,-0.546999990940094,-0.44200003147125244,-0.46400004625320435,-0.5910000205039978,-0.3619999885559082,-0.4360000491142273,-0.6009999513626099,-0.41300004720687866,-0.453000009059906,-0.4769999384880066,-0.3840000033378601,-0.7169999778270721,-0.5049999356269836,-0.5639999508857727,-0.39000004529953003,-0.5560000538825989,-0.4950000047683716,-0.18299996852874756,-0.5560000538825989,-0.45499998331069946,-0.5480000376701355,-0.5139999985694885,-0.3959999680519104,-0.5269999504089355,-0.4779999852180481,-0.5550000667572021,-0.5670000314712524,-0.5989999771118164,-0.5240000486373901,-0.5040000081062317,-0.4449999928474426,-0.6340000629425049,-0.6160000562667847
0.058499999999999996,0.0399,0.06899999999999999,0.08009999999999999,0.029699999999999997,0.042899999999999994,0.0561,0.044399999999999995,0.0537,0.0639,0.0576,0.029099999999999997,0.020999999999999998,0.0327,0.041999999999999996,0.0489,0.039299999999999995,0.054299999999999994,0.063,0.0924,0.06449999999999999,0.11309999999999999,0.060599999999999994,0.0735,0.1725,0.063,0.0687,0.054599999999999996,0.09989999999999999,0.07379999999999999,0.04649999999999999,0.0561,0.06989999999999999,0.0828,0.1251,0.20639999999999997,0.0774,0.046799999999999994,0.05399999999999999,0.0828,0.7115999999999999,0.07529999999999999,0.11969999999999999,0.13829999999999998,0.07379999999999999,0.0957,0.20639999999999997,0.1209,0.09659999999999999,0.1224,0.15269999999999997,0.06989999999999999,0.15569999999999998,0.24419999999999997,0.045899999999999996,0.0576,0.0963,0.044399999999999995,0.1308,0.11549999999999999,0.0876,0.1299,0.12329999999999999,0.08789999999999999,0.1659,0.06029999999999999,0.1281,0.0759,0.1314,0.0996,0.2292,0.8652,0.126,0.1488,0.05519999999999999,0.1026,0.10709999999999999,0.0846,0.1533,0.0996,0.0894,0.09839999999999999,0.18,0.06,0.1284,0.10709999999999999,0.0996
-0.0831,-0.07949999999999999,-0.0867,-0.0486,-0.1323,-0.0462,-0.0612,-0.3555,-0.1488,-0.035399999999999994,-0.029699999999999997,-0.055499999999999994,-0.17789999999999997,-0.2433,-0.025799999999999997,-0.19019999999999998,-0.16679999999999998,-0.35939999999999994,-0.10769999999999999,-0.06659999999999999,-0.051899999999999995,-0.4569,-0.08099999999999999,-0.0387,-0.08399999999999999,-0.2961,-0.06509999999999999,-0.29879999999999995,-0.1611,-0.05159999999999999,-0.4437,-0.039299999999999995,-0.48569999999999997,-0.0612,-0.09899999999999999,-0.06689999999999999,-0.38339999999999996,-0.11099999999999999,-0.049199999999999994,-0.33149999999999996,-0.053099999999999994,-0.2616,-0.3888,-0.9170999999999999,-0.38339999999999996,-0.10859999999999999,-0.1284,-0.26759999999999995,-0.11189999999999999,-0.11069999999999999,-0.48389999999999994,-0.2502,-0.1608,-0.0798,-0.34709999999999996,-0.0876,-0.0702,-0.16499999999999998,-0.3726,-0.11669999999999998,-0.29369999999999996,-0.11639999999999999,-0.0672,-0.2118,-0.3489,-0.14429999999999998,-0.062099999999999995,-0.21839999999999998,-0.3102,-0.2673,-0.13349999999999998,-0.0447,-0.26189999999999997,-0.12029999999999999,-0.42719999999999997,-0.1098,-0.3696,-0.2949,-0.32849999999999996,-0.22859999999999997,-0.2883,-0.09029999999999999,-0.11039999999999998,-0.36419999999999997,-0.0474,-0.0306,-0.09839999999999999
0.12359999999999999,0.0939,0.1011,0.11909999999999998,0.03779999999999999,0.0783,0.1323,0.0735,0.054599999999999996,0.11489999999999999,0.1098,0.06989999999999999,0.07949999999999999,0.1251,0.0915,0.10559999999999999,0.18899999999999997,0.1266,0.10319999999999999,0.1536,0.12149999999999998,0.16169999999999998,0.12149999999999998,0.183,0.11879999999999999,0.11159999999999999,0.16529999999999997,0.11339999999999999,0.1896,0.13379999999999997,0.11009999999999999,0.1374,0.1362,0.0978,0.23579999999999998,0.11399999999999999,0.15239999999999998,0.11309999999999999,0.13019999999999998,0.0972,0.03,0.18749999999999997,0.12299999999999998,0.1593,0.13319999999999999,0.2118,0.1671,0.0726,0.12419999999999999,0.16979999999999998,0.1941,0.10919999999999999,0.19469999999999998,0.2496,0.10139999999999999,0.09029999999999999,0.058199999999999995,0.10319999999999999,0.10769999999999999,0.1548,0.09509999999999999,0.18059999999999998,0.126,0.20159999999999997,0.16499999999999998,0.09,0.10859999999999999,0.06509999999999999,0.1344,0.1083,0.2163,0.034199999999999994,0.1299,0.2307,0.07769999999999999,0.1152,0.2118,0.1176,0.19529999999999997,0.16049999999999998,0.10769999999999999,0.16499999999999998,0.20459999999999998,0.08969999999999999,0.1788,0.1866,0.1566
-0.0426,-0.048299999999999996,-0.025199999999999997,-0.0336,-0.11729999999999999,-0.018299999999999997,-0.0891,-0.5297999999999999,-0.2562,-0.1437,-0.049199999999999994,-0.09539999999999998,-0.1911,-0.5168999999999999,-0.025199999999999997,-0.2166,-0.32699999999999996,-0.31139999999999995,-0.09209999999999999,-0.06839999999999999,-0.062099999999999995,-0.35729999999999995,-0.18389999999999998,-0.034199999999999994,-0.1497,-0.48899999999999993,-0.08639999999999999,-0.3177,-0.12179999999999999,-0.04649999999999999,-0.3399,-0.0513,-0.3786,-0.11969999999999999,-0.25379999999999997,-0.0402,-0.40499999999999997,-0.30689999999999995,-0.0828,-0.47579999999999995,-0.20729999999999998,-0.27959999999999996,-0.32639999999999997,-0.20579999999999998,-0.3771,-0.11099999999999999,-0.026099999999999998,-0.35279999999999995,-0.11879999999999999,-0.24,-0.48389999999999994,-0.3903,-0.17159999999999997,-0.10319999999999999,-0.4644,-0.16319999999999998,-0.0867,-0.1035,-0.39269999999999994,-0.1578,-0.39209999999999995,-0.0894,-0.0387,-0.3102,-0.41129999999999994,-0.15899999999999997,-0.08339999999999999,-0.3519,-0.3312,-0.1989,-0.2037,-0.10769999999999999,-0.3267,-0.10409999999999998,-0.26789999999999997,-0.16979999999999998,-0.20729999999999998,-0.2292,-0.16679999999999998,-0.18689999999999998,-0.5108999999999999,-0.050699999999999995,-0.1089,-0.32609999999999995,-0.2259,-0.11879999999999999,-0.1326
32.0,32.0,32.0,32.0,32.0,32.0,32.0,32.0,32.0,32.0,32.0,32.0,32.0,32.0,32.0,32.0,32.0,32.0,32.0,32.0,32.0,32.0,32.0,32.0,32.0,32.0,32.0,32.0,32.0,32.0,32.0,32.0,32.0,32.0,32.0,32.0,32.0,32.0,32.0,32.0,32.0,32.0,32.0,32.0,32.0,32.0,32.0,32.0,32.0,32.0,32.0,32.0,32.0,32.0,32.0,32.0,32.0,32.0,32.0,32.0,32.0,32.0,32.0,32.0,32.0,32.0,32.0,32.0,32.0,32.0,32.0,32.0,32.0,32.0,32.0,32.0,32.0,32.0,32.0,32.0,32.0,32.0,32.0,32.0,32.0,32.0,32.0
3.0,3.0,3.0,3.0,3.0,3.0,15.0,3.0,3.0,15.0,3.0,3.0,3.0,3.0,3.0,3.0,15.0,15.0,15.0,15.0,15.0,15.0,15.0,15.0,15.0,15.0,15.0,15.0,15.0,15.0,15.0,15.0,15.0,15.0,15.0,3.0,15.0,15.0,3.0,15.0,1.0,15.0,15.0,14.0,15.0,3.0,15.0,15.0,15.0,15.0,15.0,15.0,15.0,15.0,15.0,15.0,15.0,15.0,15.0,15.0,15.0,15.0,15.0,15.0,15.0,15.0,15.0,15.0,15.0,15.0,15.0,0.0,15.0,15.0,15.0,15.0,15.0,15.0,15.0,15.0,15.0,15.0,15.0,15.0,15.0,15.0,15.0
1.0,0.0,0.0,3.0,0.0,0.0,0.0,3.0,3.0,0.0,0.0,0.0,0.0,3.0,1.0,2.0,0.0,0.0,0.0,0.0,0.0,0.0,0.0,0.0,0.0,0.0,0.0,0.0,0.0,0.0,0.0,0.0,0.0,0.0,0.0,0.0,0.0,0.0,0.0,0.0,0.0,0.0,0.0,0.0,0.0,0.0,0.0,0.0,0.0,0.0,0.0,0.0,0.0,0.0,0.0,0.0,2.0,0.0,0.0,0.0,0.0,0.0,0.0,0.0,0.0,0.0,0.0,0.0,0.0,0.0,0.0,0.0,0.0,0.0,0.0,0.0,0.0,0.0,0.0,0.0,0.0,0.0,0.0,0.0,0.0,0.0,0.0
0.0,0.0020194267725050508,0.0,0.0,0.007912744679117817,0.005084413306147617,0.0,0.0,0.0033560638814810473,0.005387038316586837,0.006458555959133139,0.0,0.0,0.004407789908903434,0.0,0.003267862917350081,0.0,0.0,0.005120952918625618,0.0,0.0,0.008507314309848246,0.00715561366302879,0.0,0.0,0.006547474158876604,0.0,0.0,0.0,0.0,0.005440728045770726,0.0,0.005824925424123301,0.007611519060671035,0.007797064686291655,0.0,0.0033329617932539024,0.004170079911727617,0.0,0.005141688128384669,0.0,0.0,0.0,0.0,0.0,0.0,0.0,0.0,0.0004108830818065623,0.0002193001108302256,0.0,0.006798991238240737,0.006782761191522338,0.0,0.004741118193396371,0.006513318134028598,0.004385501981436224,0.0009105305930057067,0.0,0.0,0.005993076071109035,0.0,0.0,0.0009251394413955089,0.0,0.007792659710137803,0.0026832514427171383,0.007437068361415181,0.0,0.00507331756297337,0.0,0.0,0.004958239486862359,0.0,0.004733945289653735,0.003770842541717126,0.0,0.0025281476739663633,0.0,0.0,0.007381417309063026,0.0022332307917081323,0.0,0.004205327900424896,0.0030879256939267546,0.006870112119410826,0.005149329353221266
-0.0008253838840309724,0.0,-0.0011363386668646752,-0.005287989482628097,0.0,0.0,-0.003605360607658245,-0.003321526514285217,0.0,0.0,0.0,-0.005161176737669845,-0.008672543586809162,0.0,-0.0014776638601190217,0.0,-0.0030427134948046997,-0.00523294516909896,0.0,-0.006128312627507654,-0.00648169698463108,0.0,0.0,-0.004916215971545637,-0.006941669591779942,-0.0015524762581016621,-0.009733897825488738,-0.010982948137483267,-0.01467755448920248,-0.010533917278246055,-0.0011357481073678427,-0.007975255878473753,-0.0002194858766149943,-0.0007057204224876074,-0.0013024786061024834,-0.009885258790198082,-0.0028203750821624157,-0.0005825696346004605,-0.008722607035601015,-0.003912691637525417,-0.005529079806357695,-0.010814620470136302,-0.009802821847200202,-0.008412219726625383,-0.007902307415219259,-0.009437090073438528,-0.013643295083362511,-0.003523189692004408,-0.0010793423731638302,-0.007498761503284851,-0.013882678147126543,0.0,0.0,-0.01036234645025258,-0.0022988749675041387,0.0,-0.00028951583429420724,-0.0018719975495375407,-0.0025364781755562865,-0.004100272307651587,0.0,-0.006431950632679165,-0.010168501306774796,-0.001786435643165371,-0.010930749022063896,0.0,-0.0035650722547324876,0.0,-0.013162626442472083,-0.007801368740053424,-0.01671167338233978,-0.007718908505310235,-0.0085823300809576,-0.014718648540921753,-0.009453760970835307,-0.010513892779037387,-0.01546842670425587,-0.014720144184038747,-0.017103213103278767,-0.01259087069386268,-0.0011655583698780558,-0.011511356534092035,-0.011173273395153699,-0.00403659742098883,-0.013619906484492683,-0.0042696954653723,-0.012299087284593321
0.0,0.0,0.0,0.0,0.0,0.0,0.0009053989096056148,0.010818152349093335,0.004493602244734385,0.007604725066483298,0.008427180007584134,0.010859719939157408,0.0003679762457320379,0.00787084798927079,0.0053600227705577486,4.649532748479679e-05,0.011359245343927238,0.0,0.0,0.0034914976672715814,0.0027467633109565237,0.0059197342750372806,0.005475171593502137,0.0030570653320035612,0.0,0.0,0.0012475062109505997,0.0,0.006852867661370776,0.0057398195495653725,0.00138576839352611,0.001838014201099969,0.0,0.004260487250051015,0.01081999200783268,0.006598162235922078,0.004827451603285515,0.0,0.0,0.003819768333759188,0.010968371439006308,0.009646338874629568,0.0,0.0050327655364590385,0.0,0.0,0.0,0.011627836814102621,0.0006688533011908193,0.006425789368885326,0.0,0.008999854311180444,0.010492235458656851,0.0,0.0033166373718702125,0.0,0.004362617244544287,0.009300955966947855,0.0,0.0,0.0,0.003658127458757099,0.000909989865816363,0.0015597415307126994,0.0,0.0038831653848186987,0.005104045794939949,0.0,0.011484152094506872,0.005823833883151774,0.0,0.011369726696001503,0.0,0.002984234096830407,0.003744862488637535,0.0,0.011462883673042157,0.0,0.007718145877039284,0.0,0.00616837912496826,0.0,0.0026603246271564296,0.0026583830101619133,0.0,0.0048121189298642175,0.005644627120200807
-0.0038178821221757087,-0.005848912551375984,-0.007342521568872551,-0.006687311620208303,-0.0022730839062635178,-0.00451717397368967,0.0,0.0,0.0,0.0,0.0,0.0,0.0,0.0,0.0,-0.000291608865192694,0.0,-0.008298998317344486,-0.007616491608010367,0.0,0.0,-0.00026133608357081783,0.0,0.0,-0.0018397166891679362,-0.012599011065358767,-0.0018071981982138996,-0.010900833047716774,0.0,-0.00046590122672207634,-0.00657984018836838,-0.00802766348024575,-0.012246467622485546,-0.003496989232939951,-0.0006340200990997413,0.0,-0.0021580679349116894,-0.00888662270630236,-0.0012649187325272093,-0.005280815283143558,0.0,-0.002886118917552083,-0.013301368787613899,0.0,-0.011261347608327199,-0.007701216916436993,-0.012237624752153065,0.0,-0.0041658846788659165,-0.0026257094558583827,-0.010248278647688625,0.0,0.0,-0.00470492167901404,-0.004920405611995138,-0.007778204881823125,-0.004651057852518514,0.0,-0.012916828659053192,-0.006663947284556326,-0.013000807057272634,-0.003061942813506635,-0.005024771600796507,-0.0031382534362462966,-0.014219546461093246,-0.0006154451893067847,-0.002707579679488037,-0.014848118492402973,-0.001530290123070488,-0.010897816007632954,-0.01887450439963151,0.0,-0.014307197263769,-0.008008032031851464,-0.011388797095176595,-0.025812825484242796,-6.261344289265613e-05,-0.020509980883789247,-0.0038119126472476172,-0.004419317573385095,-0.00414905625635309,-0.023083445688437343,-0.0012750190767765734,-0.004762207712839861,-0.021791745545434393,-0.003161633333092828,-0.010165449686058925
0.0,0.0,0.0,0.0,0.0,0.0,0.0,0.0,0.0,0.0,0.0,0.0,0.0,0.0,0.0,0.0,0.0,0.0,0.0,0.0,0.0,0.0,0.0,0.0,8.41785170219711e-05,0.0,0.0,0.0002944476475809088,0.0,0.0006038511311223793,0.0,0.0,0.0,0.0,0.0,0.0,0.0,0.0,0.0,0.0,0.0,0.0,0.0005782751793341756,0.0,0.0,0.0,0.0015426890147269834,0.0,0.0,0.0,0.0020636189890823053,0.0,0.0,0.0012901347594085344,0.0,0.0,0.0,0.0,0.0,0.0,0.0,0.00033913270547669683,0.0007762000286574144,0.0,0.001919320839989358,0.0,0.0,0.0,0.000231601600247211,0.0,0.001857606072606599,0.0,0.0,0.0006007297246602428,0.0,0.0,5.916452702636743e-05,0.0,9.803549881365337e-05,0.0003289687903877958,0.0,0.0,0.0009863735260811635,0.0,0.0,0.0,0.0
-0.0017500941754782784,-0.0013466857970534374,-0.001845410879086129,-0.0012784509918830622,-0.002795784014407554,-0.0023502533545194937,-0.002782018084204585,-0.00162487179109716,-0.002836314852081634,-0.004641051039254995,-0.0035605475180547352,-0.001470745615719804,-0.0011966250387234756,-0.002289896911895184,-0.0016024424387208747,-0.002635261338330863,-0.0022941419353665338,-0.0013226143658618406,-0.0031134382944487116,-0.001205236155083278,-0.001070607220757469,-0.00534560245792759,-0.004482358726033309,-0.0018167333924993812,-0.0012725912085477242,-0.0041119623363456426,-0.001193965299050137,-0.0011879045563606971,-0.0019570535989593685,-0.0008657506700420203,-0.004889983597172243,-0.0024531299464470857,-0.0038865131946270726,-0.004966929570645928,-0.005384907028245733,-0.0009759490725406716,-0.0032333714440165306,-0.0032842690272897324,-0.000893272150388813,-0.003737878682112006,-0.001296531348369101,-0.0018093029589749121,-0.0010052157317221866,-0.0008998240254311507,-0.0016273646322637614,-0.0009418728881158689,-0.0009538653574071576,-0.0020291050284985124,-0.0022493382860059863,-0.0021659048976007123,-0.0009214222806058214,-0.005203478276177287,-0.00394840977697597,-0.0010395827026800086,-0.004002336027193298,-0.0036234129926616676,-0.003138867571539139,-0.002326173759313599,-0.0022239663655443387,-0.0015874324812727991,-0.004424590339319079,-0.0014091285990608382,-0.0013810333844588296,-0.002408198229891967,-0.0008178781940162416,-0.0039055036504950236,-0.0025888914420907905,-0.004744962735696245,-0.0015839149964002042,-0.0037916920418869515,-0.0008562923581098003,-0.001057900824703084,-0.0028085540935006703,-0.0017316225153363174,-0.004816016941383672,-0.005393344380084153,-0.0018577203588238111,-0.0025831412606751036,-0.0015262882628126473,-0.0009489758173269469,-0.005616677712399765,-0.0025890718284358183,-0.0010841642595122991,-0.005243263463643566,-0.003092672815769526,-0.00393861335181267,-0.00510856667785109
0.028423632471413877,0.02347113129861402,0.027414172229867438,0.025851221765612747,0.031788718159945946,0.02850901910472979,0.03759968679296022,0.028987163777839282,0.03713763355926265,0.03770093785000776,0.030232068439999007,0.022072379076065712,0.02149888146730309,0.03268975149826798,0.02579926724414453,0.03155455015053239,0.033981575129843025,0.03406553573890006,0.03889773016895512,0.030937662325620927,0.04037598067919327,0.04867054416640194,0.045539959840798394,0.040680960256032045,0.040512803124332225,0.05866864443553721,0.04077242824042439,0.052595668167571705,0.06835183856079842,0.045850847418853105,0.051003155995152004,0.05313995244539535,0.0473667318058181,0.057856997104957036,0.0666638153742616,0.02914166504392634,0.04693566184652994,0.047049821481690055,0.031051363473579438,0.060268128946579985,0.01650425919203429,0.057138764681335566,0.052404773754162054,0.032752033256943924,0.043438314461281796,0.03212692004819419,0.04973040290961975,0.049820352557580376,0.050794712845301696,0.06287388884350091,0.060760913924273685,0.05663453979705099,0.07028577468480462,0.058605432196692855,0.06647394441336288,0.053763352142071424,0.059763353180278395,0.056424481665385856,0.04531302234293971,0.06001164205042797,0.05538168558286423,0.0534394240291121,0.05550577439586614,0.05388594636887867,0.05848287105444573,0.05950972611936341,0.06329158323657226,0.04886173197871516,0.07075588049658296,0.07184542967496614,0.06101921123122625,0.016910989944962002,0.07873377054478016,0.06898814207159372,0.08849472976556089,0.07683960142109995,0.06738767662578397,0.08968771631674805,0.06876153157681612,0.042502769986689795,0.08192641796790846,0.0871495839562028,0.04411487564023811,0.06475727749170428,0.08138521372326435,0.063540618317826,0.08982148205435933
0.0,0.0,0.0,0.0,0.0,0.0,0.0,0.0,0.0,0.0,0.0,0.0,0.0,0.0,0.0,0.0,0.0,0.0,0.0,0.0,0.0,0.0,0.0,0.0,0.0,0.0,0.0,0.0,0.0,0.0,0.0,0.0,0.0,0.0,0.0,0.0,0.0,0.0,0.0,0.0,0.0,0.0,0.0,0.0,0.0,0.0,0.0,0.0,0.0,0.0,0.0,0.0,0.0,0.0,0.0,0.0,0.0,0.0,0.0,0.0,0.0,0.0,0.0,0.0,0.0,0.0,0.0,0.0,0.0,0.0,0.0,0.0,0.0,0.0,0.0,0.0,0.0,0.0,0.0,0.0,0.0,0.0,0.0,0.0,0.0,0.0,0.0
0.00020613735258090404,0.0002316365245531582,0.00023961768469593636,0.0,0.000222586224182586,0.00024194220866269323,0.00023459428766714474,0.0,0.00012090161515376785,0.00023941383979297903,0.00023354717774126676,0.00022710294262229258,0.0,0.00020759503443812388,0.0001871861803059982,7.702720052626955e-05,0.00022828387276518924,0.00011432694026280998,0.0001105453228419373,0.00023236434349815926,6.130951166127829e-05,0.0002371280642002871,0.0,0.0,0.0,0.0,0.00023162252053643417,0.0,0.0,0.00014617160519059258,0.0,6.63578015533961e-05,0.0,0.0,0.0,0.00023853465456391554,0.0,0.0,0.0,0.0,0.00021989536483701944,0.0,0.0,5.98451932609656e-05,0.0,0.0,0.0,7.544687418781226e-05,0.0,0.0,0.0,0.0,0.0,0.0,0.0,0.0,0.0,0.0,0.00023902530368768993,0.0,0.0,0.0,0.0,0.0,0.0,0.0,0.0,0.0,0.0,0.0,0.0,0.00020764117911087343,0.0,0.0,0.0,0.0,0.0,0.0,0.0,0.0,0.0,0.0,0.0,0.0,0.0,0.0,0.0
-0.07118100732085486,-0.009048023929859816,-0.07339760124279981,-0.06179381573166254,-0.10055631357977113,-0.09436720143394794,-0.27000027880036115,-0.14311019728495233,-0.24015357709074114,-0.2853033698751939,-0.13191852833450535,-0.06283810116832655,-0.0448320017577688,-0.12551584957724604,-0.053479753171616684,-0.18886315715456592,-0.2365591643649485,-0.21254183036278895,-0.21133676433006754,-0.2212527876222039,-0.23352467129331855,-0.25649413122955855,-0.2265522044526398,-0.24641780591350482,-0.23861801636545188,-0.24215316087844296,-0.2361555976199683,-0.21977222697661647,-0.2415820732042021,-0.22830426949496752,-0.25136152233941444,-0.2587006038552908,-0.23403487025299707,-0.22795248506130794,-0.22573823417972194,-0.14034261402789228,-0.24117309252693697,-0.2561231801425894,-0.18498351567449245,-0.2892127576469862,-0.0011157781018810153,-0.22991444110744796,-0.24643221423167605,-0.24645903752611642,-0.23364268240335484,-0.1878623762779078,-0.24173797096998018,-0.22328434560601995,-0.27363450661035527,-0.22203770295852532,-0.22504035060722194,-0.23991044217196755,-0.258118300183957,-0.23506022790855907,-0.22571177457442637,-0.21368397824872853,-0.22321480831406038,-0.25457024628172975,-0.2777303677543963,-0.2375454471001045,-0.24485183487103623,-0.23608725518917162,-0.23719922291214046,-0.28019767182686284,-0.22766519473690228,-0.26018227226625756,-0.23182792300837185,-0.2693844111425473,-0.26646223138406555,-0.23611813494434808,-0.2629999890720859,-0.003047399183731314,-0.25977317162963265,-0.2761451449806104,-0.2923833680800415,-0.31110250176791254,-0.2533698303239992,-0.26746574129097345,-0.29053105723058803,-0.26624988538735295,-0.3106904141816955,-0.30734198859120454,-0.3282951853937516,-0.25367459440137163,-0.2975016919354899,-0.24388979356701201,-0.35624242005045104
0.0,0.0,0.0,0.0,0.0,0.00028344330827821717,0.0,0.0,0.0,0.00015600963062567617,0.0,0.0002824220930923347,0.0,0.0,0.0,0.0,0.0,0.0,0.0,0.0,0.0,0.0,0.0,0.0,0.0,0.0,0.0,0.0,0.0,0.0,0.0,0.0,0.0,0.0,0.0,0.0,0.0,0.0,0.0,0.0,0.0,0.0,0.0,0.0,0.0,0.0,0.0,0.0,0.0,0.0,0.0,0.0,0.0,0.0,0.0,0.0,0.0,0.0,0.0,0.0,0.0,0.0,0.0,0.0,0.0,0.0,0.0,0.0,0.0,0.0,0.0,0.0,0.0,0.0,0.0,0.0,0.0,0.0,0.0,0.0,0.0,0.0,0.0,0.0,0.0,0.0,0.0
-0.3674608992035679,-0.13235597139389835,-0.37295348678860835,-0.34304337214848424,-0.4338451181808817,-0.420863469515647,-0.6800108431250512,-0.5122028316990899,-0.6466853849140156,-0.6958802661910233,-0.49311839241902367,-0.3457988305777882,-0.2931158243671677,-0.4818035595756736,-0.31967130535123883,-0.5814493254001972,-0.6424596130587626,-0.6129844339867617,-0.6112467099699961,-0.6239106995764567,-0.6388590837084894,-0.6652368726715823,-0.6304116513669182,-0.6539315931781327,-0.6448891023537042,-0.6488671589389798,-0.6419678308502037,-0.6217579524598245,-0.6469401026953373,-0.6324162602517374,-0.6595420775696689,-0.6676043098338075,-0.6394722019656564,-0.6320565185640842,-0.6289812763311834,-0.5075917605200124,-0.6478742172964687,-0.6648888119264722,-0.5760877830554791,-0.6997772030428664,-0.04821295102648799,-0.6341283594506539,-0.6537232167283988,-0.653984946959812,-0.6389752056885251,-0.5801114907312294,-0.6483506224817402,-0.6262408092524383,-0.6838432016254667,-0.6243063769890355,-0.6280995983838072,-0.6463939613395205,-0.6670685059316146,-0.6402802916869074,-0.6288919559278081,-0.6143625747188125,-0.6260955845454544,-0.6628859902254591,-0.6880812332565501,-0.6431826544814093,-0.6521264038457523,-0.6415351486221599,-0.6428072615362381,-0.6905573580681105,-0.6315184816005396,-0.669361423129003,-0.6362544479452396,-0.6793405422105941,-0.6749600444964581,-0.6410264910830554,-0.6710885017110265,-0.07721345714841617,-0.6677342644745278,-0.6851998842532284,-0.7010320393778228,-0.7197788728339551,-0.660644364891693,-0.6746490790528582,-0.6995776245843162,-0.675834470864796,-0.7196917981942412,-0.715441161852147,-0.737165193550198,-0.66155187590429,-0.7064044606926002,-0.6510083663448345,-0.7593296085252284
-2.289294129537487
9.338508170489888
5.901526260805965
3.1660377027053577
0.0,0.0,0.0,0.0,0.0,0.0,0.0,0.0,0.0,0.0,0.0,0.0,0.0,0.0,0.0,0.0,0.0,0.0,0.0,0.0,0.0,0.0,0.0,0.0,0.0,0.0,0.0,0.0,0.0,0.0,0.0,0.0,0.0,0.0,0.0,0.0,0.0,0.0,0.0,0.0,0.0,0.0,0.0,0.0,0.0,0.0,0.0,0.0,0.0,0.0,0.0,0.0,0.0,0.0,0.0,0.0,0.0,0.0,0.0,0.0,0.0,0.0,0.0,0.0,0.0,0.0,0.0,0.0,1.0,1.0,1.0,1.0,1.0,1.0,1.0,1.0,1.0,1.0,1.0,1.0,1.0,1.0,1.0,1.0,1.0,1.0,1.0
0.0,0.0,0.0,0.0,0.0,0.0,0.0,0.0,0.0,0.0,0.0,0.0,0.0,0.0,0.0,0.0,0.0,0.0,0.0,0.0,0.0,0.0,0.0,0.0,0.0,0.0,0.0,0.0,0.0,0.0,0.0,0.0,0.0,0.0,0.0,0.0,0.0,0.0,0.0,0.0,0.0,0.0,0.0,0.0,0.0,0.0,0.0,0.0,0.0,0.0,0.0,0.0,0.0,0.0,0.0,0.0,0.0,0.0,0.0,0.0,0.0,0.0,0.0,0.0,0.0,0.0,0.0,0.0,0.1,0.1,0.1,0.1,0.1,0.1,0.1,0.1,0.1,0.0,0.0,0.0,0.0,0.0,0.0,0.0,0.0,0.0,0.0
