1,2,3,4,5,6,7,8,9,10,11,12,13,14,15,16,17,18,19,20,21,22,23,24,25,26,27,28,29,30,31,32,33,34,35,36,37,38,39,40,41,42,43,44,45,46,47,48,49,50,51,52,53,54,55,56,57,58,59,60,61,62,63,64,65,66,67,68,69,70,71,72,73,74,75,76,77,78,79,80,81,82,83,84,85,86,87,88,89
18017.135,8952.428,8215.592,17769.74,6802.2417,6772.581,5894.0005,12637.578,6330.967,7830.1997,9278.95,18056.492,7930.8804,7901.833,6783.351,6113.649,7647.038,6544.9546,4979.6836,7909.5303,7754.536,4158.545,5079.9595,5478.7754,6943.2666,3642.8547,8219.565,5436.58,5573.7754,6022.876,2311.4985,2730.2056,2601.2822,2345.049,1680.0723,-1111.1672,1884.7769,1954.9524,4270.5874,1852.8864,5269.052,1783.0836,959.5687,3705.5942,3163.3877,3657.0867,4276.787,5169.172,3379.5862,2865.1812,3393.8867,1749.5945,2406.7085,4035.6807,3175.3367,3542.113,3763.026,6289.4043,3903.3958,5891.6807,4081.3076,5506.041,5770.396,4607.005,5277.9644,4383.04,4748.8867,2117.9675,5862.9414,4249.1597,5359.299,6421.1445,3416.018,5126.214,3280.2046,3866.759,5148.815,2098.2217,5591.549,4139.754,2155.9287,1761.7546,4018.6304,2341.646,2064.616,2643.725,1968.8655,966.1214,1929.7638
100465770.0,15758510.0,12317434.0,75927560.0,10490288.0,9251048.0,6351424.0,32262708.0,7734394.0,13071350.0,17536064.0,94314320.0,11768964.0,12116492.0,9230688.0,8125400.5,11054432.0,9150334.0,5109955.0,10793708.0,11808514.0,3541501.0,5435723.5,6177996.0,9794258.0,3026530.5,14043605.0,6048971.0,6134666.5,7399445.0,1182818.0,1530290.0,1566453.2,1152504.2,505858.3,149556.64,768410.7,831548.25,3961064.8,653149.4,5257140.5,643728.06,182130.58,2830110.5,2112710.0,2589882.5,3866997.5,5391297.0,2442224.0,1831097.0,2663165.8,559322.9,1204412.2,3717323.2,2384535.5,2691939.5,3153035.0,7482132.5,3272259.0,6432011.0,3259066.5,5741638.0,6694283.0,3915092.0,5451440.5,4174578.2,4656439.0,841205.4,5927244.0,3412328.0,5618800.0,6769459.0,2543858.2,4750644.5,2228178.2,2932064.0,4649648.5,736916.1,5171937.0,2744560.5,915664.6,546316.44,2763994.5,1157505.0,943753.9,1413642.5,793841.4,140544.0,672652.1
-0.079039425,-0.20330153,-0.10291443,-0.08307126,-0.1433681,-0.451046,-0.19616912,-0.093249746,-0.025992163,-0.26109663,-0.05488292,-0.099086165,-0.25428447,-0.04737335,-0.10129665,-0.15180258,-0.17803542,-0.1032037,-0.12617947,-0.09196276,-0.24512178,-0.12502266,-0.08195201,-0.0628305,-0.119672686,-0.24872543,-0.07248609,-0.028008807,-0.13915838,-0.18295363,-0.08928525,-0.107141145,-0.12452504,-0.044053454,-0.03293704,-0.13172272,-0.07664073,-0.07931853,-0.034779448,-0.0889596,-0.05008807,-0.07220343,-0.11996323,-0.09671841,-0.054116,-0.033720043,-0.1694662,-0.13925086,-0.18789354,-0.16370808,-0.07215843,-0.21654496,-0.04829644,-0.20675723,-0.08339328,-0.07941423,-0.17471379,-0.17850317,-0.09765569,-0.15055747,-0.05905239,-0.18604846,-0.1226797,-0.074057125,-0.11314642,-0.068024375,-0.15225604,-0.17770243,-0.074786276,-0.048921548,-0.12399428,-0.09831402,-0.093954526,-0.19808386,-0.15872797,-0.17610712,-0.049366955,-0.06049844,-0.14560248,-0.07233816,-0.124041684,-0.16293398,-0.19665101,-0.13623695,-0.11103993,-0.13228567,-0.14783795,-0.06017498,-0.18579133
-5.500482,-5.495959,-5.5282235,-5.5351615,-5.53466,-5.5252423,-5.550225,-5.5709586,-5.5381856,-5.524553,-5.466886,-5.4616365,-5.4527,-5.395537,-5.3564553,-5.3059726,-5.2462525,-5.2309146,-5.2198815,-5.2243447,-5.2110076,-5.2459054,-5.237534,-5.238499,-5.255696,-5.224048,-5.2126517,-5.1831098,-5.226176,-5.2286506,-5.202438,-5.2028213,-5.1936526,-5.17648,-5.1857533,-5.2025924,-5.208924,-5.205033,-5.200867,-5.2554736,-5.2937913,-5.3131576,-5.2695584,-5.249394,-5.232187,-5.2407184,-5.2664733,-5.273023,-5.288094,-5.3027034,-5.293596,-5.345363,-5.3528447,-5.423204,-5.44854,-5.456575,-5.4773107,-5.4555964,-5.446999,-5.43663,-5.4503264,-5.444782,-5.481294,-5.4688973,-5.4646506,-5.451979,-5.4752374,-5.545775,-5.565829,-5.5876956,-5.5915856,-5.5923696,-5.590202,-5.6169086,-5.624596,-5.5928884,-5.6099,-5.5793185,-5.607537,-5.6208577,-5.653465,-5.6633716,-5.642135,-5.6423182,-5.6388564,-5.665959,-5.5934863,-5.559054,-5.549212
0.8857201658728721,0.918293249398172,0.8884660534782708,0.8971469276315186,0.9538975501177139,0.861298312866262,0.8733240139259398,0.8208388206395506,0.805259281960513,0.7927414880260825,0.8422502451518604,0.8294314832822339,0.8926437393814751,0.8361937102593057,0.8831210165233697,0.7687178041733164,0.9239652869845928,0.881630878765817,0.832573011686078,0.8881174213616764,0.8182053980279821,1.286080841990092,0.7786356996159042,0.8902668043786502,0.8060858668901877,0.7775825927710959,0.8027887041651564,0.8340057464118088,0.8792672410395316,0.8681130734499437,0.7378670925310468,0.7841819749319553,0.7441991245192289,0.6601438556583438,0.5590749087508022,0.08448569795675581,0.7132644152920585,0.6635444000263299,0.8701455902618381,0.78064199644589,0.8027963828741439,0.8340885266404067,0.4224012865525485,0.8171131484958954,0.8356606954842166,0.8189277585295694,0.8025751049553923,0.8135183889761991,0.827933854101279,0.809836073445486,0.8223508708105557,0.6552141244883197,0.7612239460581965,0.7943946578854323,0.7922694347089317,0.7978757350549955,0.763233707671506,0.7859433958594714,0.8531145882985632,0.8799513952817662,0.7980587130716018,0.8575963323491173,0.9775660468584085,0.826221970211012,0.8874318624775538,0.7667168449825049,0.8502587640547327,0.720164203531359,0.7733876765940656,0.8229129148513293,0.8546214881159792,0.9007084439598664,0.835021489782397,0.8138986723566696,0.8142165896373136,0.7920536817149392,0.7975719578360233,0.6914366549241541,0.8264815480319091,0.858302211719219,0.7556094051463903,0.6273224314472506,0.8824513769139776,0.7796789739674966,0.7270947066066095,0.7445237840809354,0.7241231398712099,0.3585534768203965,0.5950730710557316
0.3198897724260602,0.20865711774553575,0.14038328142438616,0.3490403991699218,0.17030102992466511,0.11583538521902892,0.12197235927036831,0.24317759678431927,0.12427372453962049,0.14115040318080352,0.24778032732282362,0.3244925029645648,0.14498601196289052,0.12197235927036831,0.09435597603934143,0.1357805508858816,0.09895870657784589,0.13654767264229906,0.07594505388532358,0.10509568062918528,0.13424630737304688,0.07517793212890622,0.08208202793666286,0.09665734130859371,0.16032844709123872,0.06750671456473223,0.17797224748883933,0.09819158482142853,0.0874518802315849,0.09742446306501107,0.03989033133370534,0.025315017961774378,0.044493061872209805,0.06060261875697548,0.03989033133370534,0.023013652692522313,0.03145199201311377,0.04065745309012281,0.06443822753906248,0.046027305385044626,0.07134232334681923,0.013041069859095922,0.03221911376953113,0.04372594011579245,0.037588966064453055,0.029917748500279062,0.05523276646205355,0.10432855887276782,0.03375335728236617,0.03298623552594859,0.06367110578264512,0.036054722551618235,0.024547896205357134,0.08591763671874997,0.06827383632114958,0.042958818359374984,0.061369740513392834,0.10126007184709818,0.054465644705636085,0.09128748901367179,0.039123209577287876,0.07517793212890622,0.07901354091099322,0.04909579241071438,0.06673959280831476,0.08361627144949779,0.05983549700055801,0.024547896205357134,0.05906837524414055,0.05599988821847113,0.0698080798339843,0.06827383632114958,0.05753413173130573,0.07287656685965394,0.04832867065429691,0.08208202793666286,0.05830125348772319,0.022246530936104958,0.05369852294921862,0.03528760079520088,0.017643800397600384,0.02378077444893978,0.025315017961774378,0.013041069859095922,0.030684870256696528,0.05599988821847113,0.030684870256696528,0.021479409179687492,0.03298623552594859
0.8206762700990611,0.8380036377108029,0.7945074207207452,0.791106585313849,0.7696577948200702,0.7087608547776219,0.7460148365567201,0.7298779339102306,0.6714830243909611,0.7215540628015664,0.7930577010181037,0.7328412971711615,0.7816331993364365,0.7306709899933783,0.781892442089601,0.6704145108983512,0.8480679897867751,0.7874874452660676,0.7389300504137513,0.7548972564355734,0.7034012337625319,0.7350354649407325,0.7156026008394987,0.7762488308969155,0.7181779748191013,0.6943806477547385,0.6789242693195305,0.7024538088783712,0.765366675313365,0.7240884986688907,0.6609249222488658,0.6577099741544852,0.6668030407545094,0.6413624367710495,0.6628598472652723,0.10466004572116039,0.6223346514558603,0.5949267290960738,0.759868888169335,0.6885835426094586,0.678810850615021,0.708469206680312,0.34985864151322965,0.6925105334266233,0.7179912006739428,0.6811184370891015,0.6819362405966798,0.6919681873285066,0.6833936182190361,0.6984458047008428,0.6858308260696986,0.5903363035723435,0.7004131350613951,0.6928994095405945,0.7027130516315356,0.7117728260547711,0.6742928936992971,0.6947780566368431,0.7559581000242432,0.768459659950878,0.7243878046859153,0.7568893222363311,0.6766004801733776,0.7475532275394401,0.7762812362410614,0.705433374811375,0.750249678143267,0.6934255649508629,0.7177080973289911,0.7380559689860147,0.7716822659649734,0.7700466589498167,0.7372705708225822,0.7025510249108078,0.7222746502767086,0.7141290205450699,0.6849158065296836,0.609922649641947,0.6962516369312719,0.7185907115248606,0.6925591534270663,0.5689437790144978,0.7619820425785417,0.6592245045454175,0.6464227517691148,0.6585525250864941,0.654948712862367,0.7428246358867701,0.5408724219481456
0.0,0.0,0.0,0.0,0.0,0.0,0.0,0.0,0.0,0.0,0.0,0.0,0.0,0.0,0.0,0.0,0.0,0.0,0.0,0.0,0.0,0.0,0.0,0.0,0.0,-0.0004698894743353499,0.0,0.0,0.0,0.0,0.0,0.0,0.0,0.0,0.0,0.0,0.0,0.0,0.0,0.0,0.0,0.0,0.0,0.0,0.0,0.0,0.0,0.0,0.0,0.0,0.0,0.0,0.0,0.0,0.0,0.0,0.0,0.0,0.0,0.0,0.0,0.0,0.0,0.0,0.0,0.0,0.0,0.0,0.0,0.0,0.0,0.0,0.0,0.0,0.0,0.0,0.0,0.0,0.0,0.0,0.0,0.0,0.0,0.0,0.0,0.0,0.0,0.0,0.0
0.0,0.0,0.0,0.0,0.0018786470962481872,0.0,0.0,0.0,0.0,0.0,0.0,0.0,0.0,0.0,0.0,0.0,0.0,0.0,0.0,0.0,0.0,0.015343834579116589,0.0004212814581165958,0.0,0.0,0.004065156946104764,0.0,0.0,0.0,0.0,0.000680524211281508,0.0,0.002299928554365671,0.004355930194996027,0.005490129224314799,0.0,0.0,0.0,0.0,0.0,0.0,0.0,0.0,0.0,0.0,0.0,0.0,0.0,0.0,0.0,0.0,0.0,0.003595279455994138,0.0,0.014210522382440693,0.010218720876984833,0.018040297167168262,0.0,0.0,0.0,0.011465463762395878,0.0,0.0,0.0,0.0,0.006405148764330626,0.0,0.010056694156257429,0.0,0.0,0.0,0.0,0.0,0.0,0.0015793410792239726,0.0016927597837330666,0.0,0.0,0.0,0.0,0.004688528388809843,0.0,0.0,0.0,0.0,0.021505943262355665,0.002316131226438145,0.008477353077033456,0.004947771141973867
-0.11483015858192758,-0.0522328128202556,-0.06924465975867466,-0.10547019130902413,-0.042476311513666154,-0.014679525024132722,-0.050297887803849584,-0.0893247558944017,-0.0358366674206021,-0.044621871267018776,-0.05534200012984236,-0.12479729462546274,-0.09956733736317425,-0.03434688445410039,-0.05352049381794455,-0.03657345756781716,-0.05363391252245453,-0.07741416206632667,-0.004436943555360173,-0.06949536974370663,-0.06875857959649156,-0.01662298280867258,-0.024954511837051108,-0.05398183853992222,-0.07466143354234145,-0.00616976660295343,-0.06165759078145072,-0.05072682718168142,-0.05760951135583703,-0.05587668830824377,-0.003700153408146001,-0.02468759917994756,-0.0023723971623716977,0.0,-0.0011094516048881786,-0.05736647127474548,-0.014007545565209334,-0.008097021715420816,-0.06577901366348815,-0.005611205848540024,-0.05298579365531886,-0.02923796143981683,-0.03827387527126458,-0.05841111219134287,-0.03740746374746795,-0.05964931032439491,-0.0645808787942963,-0.03649244420745301,-0.021926337887829384,-0.04172331869437862,-0.04756903185587724,-0.0039670540810252675,-0.0038135721126550948,-0.05566605357129717,-0.008355389620166243,-0.0005423580823409324,-0.0076919549136009735,-0.023140663444869425,-0.02719728762284035,-0.02657391618013527,-0.0035543293594910708,-0.06633756243367728,-0.04454085790665463,-0.03313254691283607,-0.0655521642702448,-0.018428286448497033,-0.02156987910222874,-0.0004451420499043124,-0.0367678896326904,-0.03846830733613782,-0.0993242972820827,-0.07714724940922224,-0.019229887284002878,-0.05445171603003285,-0.007432700176211782,-0.006955164766386801,-0.03701092971378195,-0.015999611365967503,-0.05707482317743562,-0.053164035032343904,0.0,-0.01705192218650442,-0.05377119181875134,-0.00782157629018343,-0.012517762598707627,0.0,-0.005627408520612498,-0.005595003176466662,0.0
0.0,0.0,0.0,0.0,0.0020568764890489533,0.0,0.0020492185693341547,0.0073687763205634305,0.006356540748111872,0.009271295992824502,0.011214753777363917,0.0074335870088546585,0.00284227465248188,0.008761343254628962,0.007943539747050199,0.0,0.009368512025261122,0.0,0.0,0.00651856746883972,0.00688269615838033,0.012331875286192062,0.01038074759771268,0.01028353156527606,0.0012390729814701906,0.0,0.002024471144903117,0.0,0.011481654450243184,0.008502100501464493,0.0,8.544752357675378e-06,0.0,0.0,0.016258866103356695,0.005983867306213142,0.0002839901775950615,0.0,0.0,0.007554675617303719,0.008340061796511922,0.007538460961006077,0.00048608016218310013,0.00693130417459864,0.0,0.0,0.0,0.011247159121509753,0.0,0.010202518204912359,0.0,0.013344110858644065,0.013619556283881007,0.0,0.0,0.0,0.009125471944169572,0.014275333070731477,0.0,0.000988374980663842,0.0,0.007376434240278229,0.0002916480973098601,0.0,0.0,0.0012714783256160267,0.000939766964445532,0.0,0.013797785676681329,0.014623259088199614,0.0,0.008332403876797123,0.004785744421246019,0.007813918370468187,0.010315936909421897,0.0,0.010607585006731757,0.0,0.006550972812985112,0.0,0.01193534125250606,0.0,0.008356276452809563,0.00603248730665662,0.0,0.01305246276133376,0.010696256286810257,0.00021063473694615809,0.0005509028346990519
-0.015254288450619935,-0.009489588649485459,-0.00818570497972404,-0.01993427208707166,-0.0030358318689369668,-0.009724095962444057,0.0,0.0,0.0,0.0,0.0,-0.001262945557483075,-0.0042262968341892915,0.0,0.0,-0.004242511490486933,0.0,-0.010129162764263455,-0.0061697666029538745,0.0,0.0,0.0,0.0,0.0,-0.00484966827689437,-0.00502790965391986,-0.0075137255208006515,-0.008072274290989778,0.0,0.0,-0.0019997357046976916,-0.001165729525046455,-0.00541677378366634,-0.0018863170001881535,0.0,0.0,-7.246860800602661e-05,-0.0034895186711993986,-0.010210176124627601,0.0,0.0,0.0,0.0,0.0,-0.006582503308712795,-0.008938685814786407,-0.008655582469834666,0.0,-0.005894321177716488,0.0,-0.00720586276719315,0.0,0.0,-0.007400306816291113,-0.003781166768509703,-0.006938962094313883,0.0,0.0,-0.00470384422823944,-0.006728327357367725,-0.005084175589852968,0.0,-0.0055702557520360685,-0.003910788145091715,-0.0062183746191721845,-0.0034571133270540066,-0.0033036193744591102,-0.00470384422823944,0.0,0.0,-0.0074975228487277334,0.0,-0.0025020185389537097,0.0,0.0,-0.0055216477358177585,0.0,-0.004242511490486933,0.0,-0.005797093161055145,0.0,-0.005157531030501872,0.0,0.0,-0.0060725505705172544,0.0,0.0,-0.004566564931942185,-0.00029931800124982644
0.05564491659183135,0.05098604436618537,0.04046693090292797,0.061354316385300756,0.045582392510088,0.04184482275405932,0.007337777924089295,0.0,0.00842471836086478,0.011926591968835165,0.015192775820333626,0.0050831137872955345,0.00930018676285771,0.007177508889688156,0.0,0.03480466906075286,0.0,0.03502150363670742,0.03740279149595427,0.0,0.010947420073994962,0.023551501049386303,0.009917045178772455,0.005779457974369517,0.02231371916846836,0.03649904032318485,0.02142882317621675,0.027778001615206716,0.0,0.0,0.022789163730500217,0.0009226063532872253,0.03209877808361661,0.01351725973841944,0.0019206334286447913,0.0,0.002264091727052442,0.026474226602477113,0.004941699933412647,0.0017886471650205849,0.0,0.0,0.00016026903440113927,0.0,0.016421130110992443,0.014002131890709979,0.007149226118911667,0.0,0.009309614353116391,0.0,0.006645498786103321,0.0,0.0,0.01498536883463819,0.013385273474795234,0.032997166715214465,0.010317069018733083,0.0,0.03172166808167454,0.015762496284954075,0.032997166715214465,0.0,0.012585225794873534,0.015870264826889358,0.016487123242804547,0.015696503153141972,0.008024694520904152,0.045982409958462256,0.0,0.0,0.02114193041936252,0.0,0.019438131566671846,0.0,0.0003246031178898434,0.031321650633300724,0.0,0.016830581541212197,0.0,0.0,0.0,0.02147596112751149,0.0,0.002418991828695649,0.02633281274859378,0.0,0.0,0.031091323417999472,0.0017886471650205849
0.0,0.0,0.0,0.0,0.0,0.0,-0.003360459754087053,-0.03078021293945632,-0.009168200499233059,-0.01563994400317492,-0.02263832228635776,-0.030832719823508548,-0.009309620744702762,-0.015973968319737075,-0.0152587753437321,0.0,-0.030310137310182395,0.0,0.0,-0.013211518192633775,-0.009879341209323211,-0.007473829236801066,-0.007873853076762138,-0.010500258282739594,-0.0014963918669952392,0.0,-0.006415177962388885,0.0,-0.027749725236016598,-0.02647422660247667,0.0,-0.004617096815522359,0.0,-0.0002680375763364218,-0.016326854208403407,-0.023617500572784778,-0.0058925890574759165,0.0,-0.004475682961639471,-0.004635951996040166,-0.031976225801837455,-0.01852495919523056,-0.0006262923977602419,-0.020619347906036367,0.0,0.0,0.0,-0.030413840803030112,-0.000903751172768974,-0.015611661232398433,-0.0005360751526728436,-0.018896693872827885,-0.015583372070035129,0.0,-0.0045605312739693815,0.0,-0.00868332834694252,-0.026483660584322166,0.0,0.0,0.0,-0.011700329802621923,-0.005722892432816096,0.0,0.0,-0.0040850867119375245,-0.008862452561861023,0.0,-0.03166105027420674,-0.010947420073994962,0.0,-0.031547919191099894,0.0,-0.010185089146695248,-0.007854997896244331,0.0,-0.03459320341755623,0.0,-0.027213650083343754,-0.004701951519439085,-0.009558796748935006,0.0,-0.026357036861869076,-0.0019246984777328002,0.0,-0.0069889570845105276,-0.008273876916722767,0.0,-0.006104061092258917
0.0,0.0,0.0,0.0,0.0,0.0,0.004889563761384164,0.02706037983628784,0.00973119062314698,0.014740596633584513,0.020229371640236415,0.02650910549064145,0.009012137128825648,0.015531555477337866,0.014405038336234632,0.0,0.026245452542723813,0.0,0.0,0.01289502599816017,0.010138654269928882,0.008556736582422397,0.008556736582422397,0.010258496518982474,0.00376304662028093,0.0,0.007789746188479718,0.0,0.02418416585900296,0.023776702212220835,0.0,0.006591323697944462,0.0,0.0036432043712275597,0.015124091830555964,0.021116204283232465,0.007478156340940512,0.0,0.005968144002866049,0.006711165946997832,0.026197515643102243,0.01699363091579098,0.0030679615757704948,0.017688715960301415,0.0,0.0,0.001222390940346152,0.02545449369897046,0.006567355248133566,0.015627429276580784,0.0034035198731203753,0.01732918921314086,0.016178703622226953,0.0,0.007550061690372534,0.0,0.009946906671443267,0.02341717546506028,0.0,0.0027803401780419623,0.0,0.011217234511410767,0.0076938723892368,0.00047936899621414675,0.0,0.006375607649647952,0.01001881202087529,0.0,0.027419906583448395,0.013422331893995665,0.0,0.02612561029367022,0.0,0.010498181017089436,0.009587379924282713,0.0,0.03094326870562214,0.0,0.024112260509570937,0.00486559531157349,0.011912319555921203,0.0,0.01965412884477935,0.007238471842833327,0.0,0.01212803560421749,0.010641991715953703,0.0,0.009108010928068566
-0.0350898105228743,-0.03415504098025668,-0.026317357892155613,-0.042543998414003914,-0.02197906847641784,-0.018144116506704666,-0.0008388957433747013,0.0,0.0,0.0,-0.001294296289778174,-0.002037318233909957,-0.008820389530340034,0.0,0.0,-0.01778458975954411,0.0,-0.02303368026808883,-0.020588898387396748,-0.0010066748920496416,-0.010426275667657192,-0.005129248259491126,0.0,-0.0068070397462405285,-0.019917781792696987,-0.017472999912004905,-0.014812501983016535,-0.02015746629080417,0.0,0.0,-0.007741809288858148,0.0,-0.015315839429041356,0.0,0.0,0.0,0.0,-0.012247877853270861,-0.0016298545871280545,0.0,0.0,0.0,0.0,0.0,-0.00858070503223285,-0.012942962897781518,-0.004673847713087653,0.0,0.0,0.0,-0.0034993936723630714,0.0,0.0,-0.011984224905353225,-0.0005033374460248208,-0.011840414206488958,-0.0016298545871280545,0.0,-0.023153522517142422,-0.0035473305719844195,-0.019126822948943634,0.0,-0.0054648065568410065,-0.007717840839047474,-0.015243934079609334,0.0,0.0,-0.023321301665817362,0.0,0.0,-0.018072211157272644,0.0,-0.00747815634094029,0.0,0.0,-0.01699363091579076,0.0,-0.006950850445104795,0.0,0.0,0.0,-0.011600729708381996,0.0,0.0,-0.013638047942291953,0.0,0.0,-0.010234528069171578,0.0
0.053461358856143004,0.017384003459961272,0.02743709995144572,0.05270844912751582,0.0013886233250597346,0.0,0.01812748559832955,0.03902835732846266,0.001905843297214993,0.0030641394069739203,0.013004104815351969,0.06554821985937909,0.05048743030266989,0.0003717410691841394,0.021289965956980073,0.0012754922419533354,0.019318129527952976,0.03500520509083582,0.0,0.032980868169343314,0.03019012887987671,0.0,0.0,0.0233466506983373,0.037682813297195805,0.0,0.03145619353157114,0.023201171795366182,0.025441045800729922,0.030684428622426374,0.0,0.007807859944949813,0.0,0.0,0.0,0.038167685449486566,0.0,0.0,0.033692002487847095,0.0,0.026814872602773265,0.010513744530499913,0.020254222129000077,0.036265900809772766,0.015851409646371772,0.03596958685424623,0.03474123256358719,0.01712945852297154,0.005577413529844977,0.011253168011366776,0.029437219151249527,0.0,0.0,0.03297144057908441,0.0,0.0,0.0,0.01364388346087253,0.015221058591109893,0.012566370614355726,0.0,0.03613928347890605,0.025648452786425135,0.012062643281547158,0.03545643193117898,0.0,0.007304126220554874,0.0,0.014147610793681098,0.005549130759068488,0.05312732814799448,0.04185274832146324,0.0,0.023695471537915624,0.0,0.0,0.0176843824645756,0.0,0.027516585722604736,0.03139020039975904,0.0,0.0,0.028886353867146886,0.0,0.0,0.0,0.0,0.0,0.0
0.0,-0.0012620059941932382,0.0,0.0,-0.022085954979400357,-0.015447327148909729,0.0,0.0,-0.007164022641928058,-0.011224885240590288,-0.011728612573398634,0.0,0.0,-0.006679150489637298,0.0,-0.008382949342328194,0.0,0.0,-0.0189680559373977,0.0,0.0,-0.031301293429927934,-0.01802659440359311,0.0,0.0,-0.02365370251937904,0.0,0.0,0.0,0.0,-0.019617262173177163,0.0,-0.0189680559373977,-0.025682104489959334,-0.028119957890759606,0.0,-0.008269818259221573,-0.014590713927434829,0.0,-0.015085013669984493,0.0,0.0,0.0,0.0,0.0,0.0,0.0,0.0,-0.0010263098461347209,0.0,0.0,-0.018483183785106938,-0.022265079194319082,0.0,-0.01822863884811743,-0.023286026499282686,-0.02346515071420141,0.0,0.0,0.0,-0.020980159362106843,0.0,0.0,0.0,0.0,-0.021304762479996686,-0.006735716031190719,-0.031584121137694376,0.0,-0.012486891234783526,0.0,0.0,-0.017349105397036935,0.0,-0.01944755915693075,-0.01646826806228674,0.0,-0.009771572667387929,0.0,0.0,-0.024674649824342643,-0.0113528128467133,0.0,-0.016557181423704437,-0.015254710294644314,-0.0319747173873961,-0.020838745508223733,-0.0452657149596023,-0.025625538948406135
23.59000015258789,22.159998893737793,25.330001831054688,14.579999923706055,23.24000072479248,25.689998626708984,15.589998245239258,16.209999084472656,15.690000534057617,26.690001487731934,28.720000743865967,15.829999923706055,15.229997634887695,25.029998779296875,18.899999618530273,22.48000144958496,19.110000610351562,17.509998321533203,25.329999923706055,18.139999389648438,23.15999984741211,21.550000190734863,23.140000343322754,27.280000686645508,24.8700008392334,22.519999504089355,14.440000534057617,22.52000141143799,21.920000076293945,11.569999694824219,25.64000129699707,11.049999237060547,21.059999465942383,20.290000915527344,29.910001754760742,0.0,18.64000129699707,18.0,13.079999923706055,23.23000144958496,16.720001220703125,10.869998931884766,0.0,18.729997634887695,22.06999969482422,18.079999923706055,18.14000129699707,22.25,26.16999912261963,9.64000129699707,21.82000160217285,16.660001754760742,22.75,26.159998893737793,22.569998741149902,19.26000213623047,18.850000381469727,30.179999828338623,20.10999870300293,16.030000686645508,21.85999870300293,13.759998321533203,16.870001792907715,22.49000072479248,24.579999923706055,24.73000144958496,18.81999969482422,23.790000915527344,22.850001335144043,31.020000457763672,19.0,15.820001602172852,19.139999389648438,13.579998016357422,20.949999809265137,22.679999351501465,19.299999237060547,15.89000129699707,2.5699996948242188,16.25,19.40999984741211,18.59000015258789,22.530000686645508,21.399999618530273,9.680002212524414,24.079999923706055,17.0,30.3700008392334,17.920000076293945
-26.639999389648438,-3.5900001525878906,-4.1699981689453125,-27.810001373291016,-13.40999984741211,-28.700000762939453,-9.44000244140625,-13.94000244140625,-6.090000152587891,-4.849998474121094,-19.720001220703125,-16.959999084472656,-21.720001220703125,-6.8899993896484375,-7.459999084472656,-3.9300003051757812,-3.2099990844726562,-11.580001831054688,-4.779998779296875,-19.130001068115234,-5.209999084472656,-5.8300018310546875,-5.880001068115234,-8.020000457763672,-13.919998168945312,-2.7900009155273438,-13.970001220703125,-16.259998321533203,-14.119998931884766,-18.849998474121094,-2.1299972534179688,-4.740001678466797,-3.5,-6.680000305175781,-5.909999847412109,-13.430000305175781,-4.029998779296875,-7.869998931884766,-26.93000030517578,-7.9499969482421875,-14.520000457763672,-6.770000457763672,-18.89999771118164,-19.720001220703125,-3.579998016357422,-17.520000457763672,-14.21999740600586,-6.849998474121094,-17.220001220703125,-15.84000015258789,-16.270000457763672,-3.8899993896484375,-6.240001678466797,-11.970001220703125,-1.1700019836425781,-10.759998321533203,-3.729999542236328,-15.279998779296875,-19.400001525878906,-17.869998931884766,-1.2100028991699219,-16.65999984741211,-21.349998474121094,-9.489997863769531,-16.049999237060547,-12.599998474121094,-15.90999984741211,-5.719997406005859,-2.8999977111816406,-12.950000762939453,-19.520000457763672,-24.450000762939453,-1.8100013732910156,-11.510002136230469,-4.790000915527344,-3.1000022888183594,-8.330001831054688,-1.8400001525878906,-14.94000244140625,-14.90999984741211,-6.029998779296875,-11.279998779296875,-15.459999084472656,-3.3800010681152344,-8.869998931884766,-6.200000762939453,-16.400001525878906,-3.1899986267089844,-12.959999084472656
13.959999084472656,22.990005493164062,29.020004272460938,22.050003051757812,24.650001525878906,35.66999816894531,29.099998474121094,30.149993896484375,26.409996032714844,28.599998474121094,28.770004272460938,26.12999725341797,31.169998168945312,29.459999084472656,25.279998779296875,28.610000610351562,28.69000244140625,28.480003356933594,32.029998779296875,28.459999084472656,27.919998168945312,20.139999389648438,29.979995727539062,20.30999755859375,24.959999084472656,24.610000610351562,28.06999969482422,21.95000457763672,26.040000915527344,17.840003967285156,14.069999694824219,14.150001525878906,16.459999084472656,13.200004577636719,10.670005798339844,0.0,14.330001831054688,13.55999755859375,26.529998779296875,17.68000030517578,26.68000030517578,25.6300048828125,11.080001831054688,37.58000183105469,21.360000610351562,23.769996643066406,23.669998168945312,25.110000610351562,21.30999755859375,25.780006408691406,27.350006103515625,12.090003967285156,15.989997863769531,18.110000610351562,21.25,18.029998779296875,22.769996643066406,14.599998474121094,8.19000244140625,21.470001220703125,21.639999389648438,20.259994506835938,24.469993591308594,15.879997253417969,15.80999755859375,12.510002136230469,18.720001220703125,17.94000244140625,26.1199951171875,20.98999786376953,20.55999755859375,28.410003662109375,26.080001831054688,27.8800048828125,25.970001220703125,15.160003662109375,28.089996337890625,20.699996948242188,23.73999786376953,32.52000427246094,23.76000213623047,20.470001220703125,26.54999542236328,24.44000244140625,20.020004272460938,28.090003967285156,25.389999389648438,12.269996643066406,21.800003051757812
-17.340003967285156,-1.25,0.0,-18.790000915527344,0.0,-2.6100006103515625,0.0,-1.4000015258789062,-3.5500030517578125,-2.0999984741210938,-2.5999984741210938,-9.810005187988281,-13.3800048828125,-7.670005798339844,-4.239997863769531,-2.7900009155273438,-3.9599990844726562,-0.6699981689453125,0.0,-5.400001525878906,-17.360000610351562,-9.489997863769531,-3.2500076293945312,-6.319999694824219,-10.879997253417969,-3.1100006103515625,-12.139999389648438,-4.269996643066406,-17.50000762939453,-25.219993591308594,-6.010002136230469,-19.720001220703125,-0.31999969482421875,-4.599998474121094,-13.300003051757812,-5.220001220703125,-5.399993896484375,-2.2600021362304688,-1.3100051879882812,-3.3699951171875,-3.1800003051757812,-2.1699981689453125,-2.970001220703125,-1.5699996948242188,-0.05999755859375,-4.8800048828125,-8.430007934570312,-14.459999084472656,-14.930000305175781,-0.7900009155273438,-10.010002136230469,-2.5,-3.9199981689453125,-23.229995727539062,-7.079994201660156,-6.05999755859375,-18.79999542236328,-25.160003662109375,-24.12000274658203,-21.780006408691406,-15.839996337890625,-20.650009155273438,-18.98999786376953,-21.160003662109375,-20.159996032714844,-22.209999084472656,-21.94000244140625,-6.150001525878906,-4.069999694824219,-21.599998474121094,-13.739997863769531,-3.4799957275390625,-0.55999755859375,-18.75,-3.3499984741210938,-5.44000244140625,-3.0,0.0,-4.8600006103515625,-2.4099960327148438,-2.160003662109375,-1.3899993896484375,-6.450004577636719,-6.0,-3.0099945068359375,-3.0,-3.75,-12.419998168945312,-2.8199996948242188
1.6800003051757812,7.219993591308594,9.1300048828125,10.05999755859375,10.590003967285156,8.949996948242188,7.3300018310546875,11.680000305175781,10.310005187988281,9.19000244140625,9.889999389648438,9.569999694824219,8.900001525878906,9.900001525878906,10.219993591308594,10.319999694824219,10.819999694824219,9.010002136230469,9.830001831054688,8.080001831054688,10.330001831054688,8.900001525878906,9.759994506835938,9.209999084472656,10.299995422363281,10.870002746582031,10.479995727539062,10.120002746582031,8.339996337890625,8.879997253417969,9.489997863769531,6.040000915527344,8.790000915527344,12.259994506835938,11.470001220703125,1.9900054931640625,8.0,7.819999694824219,8.350006103515625,9.569999694824219,9.399993896484375,7.459999084472656,3.0,7.760002136230469,8.979995727539062,8.44000244140625,8.220001220703125,8.830001831054688,9.299995422363281,7.540000915527344,10.25,6.75,9.389999389648438,9.360000610351562,9.280006408691406,10.969993591308594,9.049995422363281,9.200004577636719,7.0099945068359375,8.270004272460938,7.049995422363281,7.319999694824219,9.480003356933594,8.110000610351562,9.540000915527344,7.590003967285156,7.3800048828125,12.279998779296875,8.599998474121094,9.720001220703125,8.279998779296875,8.090003967285156,8.75,8.759994506835938,9.779998779296875,10.060005187988281,7.17999267578125,8.839996337890625,7.319999694824219,6.6199951171875,9.400001525878906,8.790000915527344,3.1199951171875,8.519996643066406,6.879997253417969,7.980003356933594,7.209999084472656,8.099998474121094,6.260002136230469
-6.55999755859375,0.0,0.0,0.0,0.0,0.0,0.0,0.0,0.0,0.0,0.0,0.0,0.0,0.0,0.0,0.0,0.0,0.0,0.0,0.0,0.0,0.0,0.0,0.0,0.0,0.0,0.0,0.0,0.0,0.0,0.0,0.0,0.0,0.0,0.0,0.0,0.0,0.0,0.0,0.0,0.0,0.0,0.0,0.0,0.0,0.0,0.0,0.0,0.0,0.0,0.0,0.0,0.0,0.0,0.0,0.0,0.0,0.0,0.0,0.0,-0.34000396728515625,-0.48999786376953125,0.0,0.0,0.0,0.0,0.0,0.0,0.0,0.0,-0.40999603271484375,0.0,0.0,0.0,0.0,0.0,0.0,0.0,0.0,0.0,0.0,0.0,-4.25,0.0,0.0,-2.1999969482421875,0.0,0.0,-0.6099929809570312
2.4590000808238983,1.4180000275373459,0.6170000173151493,1.367999967187643,0.035999998450279236,0.11100000143051147,0.0,0.0,0.0299999937415123,0.09600000269711018,0.061000002548098564,1.474000059068203,1.1970000118017197,1.1549999862909317,0.1459999978542328,0.3400000110268593,0.0,0.0,0.3240000009536743,0.0,3.8190000355243683,1.685999982059002,0.6379999797791243,1.3059999644756317,2.542999930679798,0.005000002682209015,2.2230000803247094,1.5099999979138374,3.4809999614953995,2.81400004029274,0.47200001776218414,3.6950000561773777,0.2719999924302101,0.043000000063329935,3.027999885380268,0.01000000536441803,0.22699999809265137,0.08399999886751175,0.0,0.21299999952316284,0.0,0.0819999948143959,0.0,0.27900000661611557,0.1649999925866723,1.645999975502491,1.160000003874302,3.1749999932944775,1.2280000299215317,0.026000000536441803,0.9060000162571669,0.18699999898672104,0.7450000122189522,3.8109999895095825,1.4430000446736813,0.24700001254677773,3.061999946832657,3.618999907746911,3.4500001072883606,3.4220000207424164,3.6310000494122505,3.027999922633171,2.8740000799298286,3.4689998906105757,3.7119999304413795,3.5960000595077872,3.624999962747097,2.192999931052327,0.0,2.351999994367361,3.197999954223633,0.3250000049592927,0.3500000089406967,2.8339999802410603,0.2290000021457672,1.6419999487698078,0.0,0.0,0.0,0.0,0.08999999798834324,0.0,0.0,0.3669999986886978,0.06699999794363976,0.022999998182058334,0.015000000596046448,3.5049999356269836,0.05199999921023846
-3.1110000908374786,-2.3910001069307327,-3.4700001142919064,-3.2969999946653843,-3.5370000824332237,-4.2549999207258224,-3.598999910056591,-3.679000049829483,-3.2440000474452972,-3.909999942407012,-3.5459999665617943,-3.181000031530857,-3.76099993288517,-3.434000000357628,-3.846000075340271,-3.4179998859763145,-3.3370000799186528,-3.7780000120401382,-3.5970000475645065,-3.5679999943822622,-3.4899999797344208,-3.1299998834729195,-3.4530000407248735,-2.1879999935626984,-2.3469999358057976,-2.9470000565052032,-3.306999891065061,-3.2150000259280205,-3.0190000385046005,-3.0869999825954437,-1.1899999529123306,-1.424000021070242,-0.7729999795556068,-1.1360000409185886,-0.7910000011324883,-0.32199999690055847,-1.341999962925911,-1.4839999452233315,-3.496999951079488,-1.516999989748001,-3.58100001886487,-3.0009999126195908,-1.9389998987317085,-4.25200005620718,-2.1320000737905502,-2.0749999806284904,-3.0749998912215233,-2.7560000009834766,-2.165000095963478,-3.4149999991059303,-3.2830000538378954,-1.2200000062584877,-1.8409999534487724,-2.293000102043152,-2.056000027805567,-2.173000033944845,-3.3460000455379486,-1.8989999797195196,-0.6039999723434448,-2.1539999544620514,-2.0689999982714653,-3.1869999915361404,-3.328999988734722,-1.6019999701529741,-1.7410000190138817,-0.7220000186935067,-2.0020000115036964,-1.3759999554604292,-3.125999975949526,-3.0989999808371067,-3.0309998989105225,-3.1290000210283324,-3.4129998981952667,-3.4199999682605267,-3.803000085055828,-1.1050000302493572,-3.5579998940229416,-2.2230001017451286,-3.763999931514263,-3.7360000386834145,-2.7699999809265137,-3.0420000851154327,-3.9830000083893538,-3.7500000298023224,-2.7749999575316906,-3.339000005275011,-3.476000092923641,-1.1789999604225159,-2.432000059634447
3.488999992609024,3.511000007390976,3.787000000476837,3.100999891757965,3.7590000331401825,4.0350000858306885,3.3900000154972076,2.7559999227523804,3.28000009059906,3.7890002131462097,3.8750000298023224,3.2349999845027924,3.4070000499486923,3.6660000383853912,3.064999997615814,3.5250000655651093,3.6310000717639923,3.308999925851822,3.8530000150203705,3.8340002298355103,3.4270000755786896,3.3660001158714294,3.437000095844269,4.143999993801117,3.348999947309494,3.8810000717639923,3.427000045776367,3.554999887943268,3.8709999918937683,1.9269999265670776,3.3589999079704285,1.6570001244544983,3.459999978542328,3.4200000166893005,3.1049998998641968,0.0,3.311000019311905,3.098000079393387,3.4469999372959137,3.2239999175071716,3.6040000319480896,2.6789999902248383,0.0,3.7640000879764557,3.6530000269412994,3.662999987602234,3.620000123977661,3.39900004863739,3.3310000896453857,3.011000007390976,3.7980000972747803,2.435000002384186,3.279000073671341,3.447999954223633,3.1509999334812164,3.543000042438507,2.66499987244606,3.3420000672340393,2.0920000970363617,2.7870000898838043,3.4050001204013824,2.150999903678894,3.6259999573230743,3.388999968767166,3.2989998757839203,3.6149999797344208,3.236000031232834,3.7470001876354218,3.7669997811317444,3.6990000307559967,3.170999974012375,3.4680000245571136,3.174999952316284,3.3900000154972076,4.11900007724762,3.48499995470047,3.756999909877777,3.162999927997589,1.7629999816417694,3.9999997913837433,3.652000069618225,3.540000021457672,3.603000044822693,3.3630000948905945,2.522000104188919,3.6769998371601105,3.2080000042915344,3.67399999499321,3.1089999973773956
-3.264999955892563,-0.21200000122189522,-0.4750000089406967,-3.5350000262260437,-0.695000022649765,-3.9140000343322754,-0.8710000216960907,-1.1209999918937683,-0.6649999916553497,-0.6489999890327454,-1.5259999930858612,-1.9740000069141388,-2.435999885201454,-1.1469999849796295,-0.7409999966621399,-0.29200001060962677,-0.4819999933242798,-0.8650000393390656,-0.09100000560283661,-2.0429999828338623,-0.8940000236034393,-0.3130000024102628,-0.660999983549118,-1.0180000066757202,-1.7190000116825104,-0.19200000166893005,-1.8459999561309814,-0.55799999833107,-2.2800000309944153,-3.3109999895095825,-0.1340000033378601,-0.9769999980926514,-0.3779999911785126,-0.5619999915361404,-1.1069999933242798,-1.7589999437332153,-0.2970000132918358,-0.6030000001192093,-2.261000007390976,-0.996999979019165,-1.1309999823570251,-0.8509999811649323,-1.668000042438507,-1.601999968290329,-0.10599999129772186,-1.7489999532699585,-1.5789999961853027,-0.7879999876022339,-3.25,-1.2240000069141388,-2.1410000324249268,-0.42100000381469727,-0.69200000166893,-3.312000036239624,-0.31900000013411045,-1.0410000085830688,-1.3230000436306,-3.581999957561493,-3.8900000154972076,-3.4289999902248383,-0.2199999876320362,-3.2559999227523804,-3.233000010251999,-2.648999899625778,-2.996999889612198,-3.1800000965595245,-3.08200004696846,-0.5479999929666519,-0.4659999907016754,-3.0219999253749847,-3.1759999096393585,-3.002000004053116,-0.44200000166893005,-2.9180000722408295,-0.4599999934434891,-0.29800000973045826,-0.6990000009536743,-0.05599997937679291,-1.651999980211258,-1.6160000264644623,-0.4399999976158142,-0.05399999022483826,-1.5759999752044678,-0.8029999732971191,-0.29499999061226845,-0.7749999761581421,-1.6930000185966492,-0.12700001895427704,-0.988999992609024
0.0,0.0,0.0,0.0,0.0,0.01699995994567871,0.0,0.0,0.0,0.018999934196472168,0.0,0.0,0.0,0.0,0.0,0.0,0.0,0.0,0.0,0.0,0.0,0.0,0.0,0.0,0.0,0.0,0.0,0.0,0.0,0.0,0.0,0.0040000081062316895,0.02199995517730713,0.006000041961669922,0.07400000095367432,0.0820000171661377,0.0,0.0,0.0,0.0,0.0,0.08599996566772461,0.1369999647140503,0.09399998188018799,0.0,0.0,0.0,0.0,0.0,0.0,0.0,0.0,0.0,0.0,0.0,0.04399991035461426,0.07500004768371582,0.0,0.0,0.0,0.0,0.0,0.0,0.0,0.0,0.0,0.0,0.0,0.0,0.0,0.0,0.0,0.0,0.0,0.0,0.0,0.0,0.0,0.0,0.0,0.0,0.01100003719329834,0.0,0.0,0.02799999713897705,0.0,0.0,0.0,0.0
-0.3580000400543213,-0.41200006008148193,-0.4710000157356262,-0.46699994802474976,-0.5649999380111694,-0.5530000329017639,-0.3670000433921814,-0.44700002670288086,-0.49299997091293335,-0.5270000100135803,-0.5879999995231628,-0.3999999761581421,-0.487000048160553,-0.5490000247955322,-0.39899998903274536,-0.5679999589920044,-0.4970000386238098,-0.40299999713897705,-0.5509999394416809,-0.4789999723434448,-0.3970000147819519,-0.7210000455379486,-0.6769999563694,-0.34800004959106445,-0.4259999990463257,-0.5769999623298645,-0.3449999690055847,-0.3199999928474426,-0.33900004625320435,-0.44499993324279785,-0.7269999384880066,-0.3460000157356262,-0.570000022649765,-0.6489999890327454,-0.7320000231266022,-0.15799999237060547,-0.6009999513626099,-0.5680000483989716,-0.4060000777244568,-0.5900000333786011,-0.3190000057220459,-0.47499996423721313,-0.26099997758865356,-0.41099995374679565,-0.4540000557899475,-0.38099998235702515,-0.4160000681877136,-0.3999999761581421,-0.38999998569488525,-0.48500001430511475,-0.4410000443458557,-0.5449999570846558,-0.6529999673366547,-0.5249999761581421,-0.5950000286102295,-0.565000057220459,-0.4739999771118164,-0.40100008249282837,-0.3989999294281006,-0.4580000042915344,-0.6049999892711639,-0.3819999694824219,-0.37400001287460327,-0.47599995136260986,-0.41600000858306885,-0.6299999952316284,-0.5840000510215759,-0.6710000038146973,-0.5290000438690186,-0.6179999709129333,-0.38200002908706665,-0.4599999785423279,-0.6309999823570251,-0.3649999499320984,-0.5860000252723694,-0.5889999270439148,-0.35999995470046997,-0.550000011920929,-0.43800002336502075,-0.4740000367164612,-0.7309999763965607,-0.5719999670982361,-0.4179999828338623,-0.5990000069141388,-0.6340000033378601,-0.6440000236034393,-0.6229999661445618,-0.8579999655485153,-0.706000030040741
0.09599999999999999,0.0537,0.1467,0.22199999999999998,0.046799999999999994,0.06449999999999999,0.12359999999999999,0.1326,0.0624,0.0741,0.14309999999999998,0.09749999999999999,0.21359999999999998,0.0744,0.11429999999999998,0.06,0.1356,0.11579999999999999,0.09449999999999999,0.17159999999999997,0.09509999999999999,0.40859999999999996,0.060599999999999994,0.12119999999999999,0.17429999999999998,0.049199999999999994,0.156,0.11279999999999998,0.11429999999999998,0.09,0.0837,0.06899999999999999,0.0672,0.0891,0.579,0.8016,0.5172,0.04529999999999999,0.22499999999999998,0.047099999999999996,0.12689999999999999,0.08399999999999999,0.07769999999999999,0.0978,0.0891,0.1881,0.21839999999999998,0.11819999999999999,0.0894,0.12179999999999999,0.20759999999999998,0.060899999999999996,0.10289999999999999,0.1098,0.45059999999999995,0.039,0.10289999999999999,0.08969999999999999,0.12029999999999999,0.11009999999999999,0.15719999999999998,0.11009999999999999,0.13169999999999998,0.1026,0.10439999999999999,0.0759,0.11039999999999998,0.1089,0.17969999999999997,0.08249999999999999,0.24419999999999997,0.30029999999999996,0.07319999999999999,0.1533,0.062099999999999995,0.08579999999999999,0.16799999999999998,0.0837,0.12179999999999999,0.2505,0.07229999999999999,0.05279999999999999,0.1551,0.053399999999999996,0.05789999999999999,0.060899999999999996,0.039,0.2904,0.053099999999999994
-0.10559999999999999,-0.0711,-0.1146,-0.0744,-0.1326,-0.09359999999999999,-0.10529999999999999,-0.28469999999999995,-0.14429999999999998,-0.10319999999999999,-0.19799999999999998,-0.34169999999999995,-0.12539999999999998,-0.21929999999999997,-0.1065,-0.4569,-0.2754,-0.312,-0.1389,-0.12299999999999998,-0.0987,-0.46499999999999997,-0.058199999999999995,-0.05669999999999999,-0.13169999999999998,-0.30539999999999995,-0.10859999999999999,-0.32399999999999995,-0.33059999999999995,-0.28559999999999997,-0.4473,-0.06989999999999999,-0.48089999999999994,-0.10139999999999999,-0.12539999999999998,-0.07949999999999999,-0.3882,-0.11159999999999999,-0.0822,-0.32339999999999997,-0.3549,-0.13949999999999999,-0.14429999999999998,-0.12359999999999999,-0.3837,-0.1425,-0.11249999999999999,-0.30479999999999996,-0.07229999999999999,-0.11969999999999999,-0.4443,-0.36,-0.1011,-0.07769999999999999,-0.3015,-0.0822,-0.028199999999999996,-0.22079999999999997,-0.24899999999999997,-0.08579999999999999,-0.36119999999999997,-0.10319999999999999,-0.078,-0.2211,-0.2067,-0.3267,-0.0765,-0.30479999999999996,-0.2688,-0.22559999999999997,-0.12359999999999999,-0.5399999999999999,-0.3519,-0.12449999999999999,-0.41459999999999997,-0.0648,-0.29429999999999995,-0.36779999999999996,-0.3474,-0.2292,-0.28019999999999995,-0.11159999999999999,-0.13049999999999998,-0.3969,-0.09059999999999999,-0.05399999999999999,-0.0717,-0.3459,-0.0885
0.1389,0.08819999999999999,0.126,0.18989999999999999,0.06,0.0813,0.17789999999999997,0.0741,0.07529999999999999,0.156,0.16469999999999999,0.08819999999999999,0.10379999999999999,0.12359999999999999,0.17639999999999997,0.08549999999999999,0.06899999999999999,0.1152,0.08729999999999999,0.1404,0.16379999999999997,0.0744,0.07229999999999999,0.1548,0.13199999999999998,0.08579999999999999,0.16529999999999997,0.06449999999999999,0.1641,0.11579999999999999,0.07379999999999999,0.1407,0.060599999999999994,0.054599999999999996,0.05669999999999999,0.0462,0.0885,0.07379999999999999,0.17759999999999998,0.07859999999999999,0.12569999999999998,0.1419,0.06659999999999999,0.20459999999999998,0.1281,0.17969999999999997,0.22529999999999997,0.08159999999999999,0.0828,0.18359999999999999,0.1674,0.063,0.0867,0.18,0.10529999999999999,0.061799999999999994,0.11009999999999999,0.23189999999999997,0.1845,0.1548,0.08429999999999999,0.17429999999999998,0.12539999999999998,0.1878,0.09419999999999999,0.10139999999999999,0.13799999999999998,0.07379999999999999,0.1035,0.1377,0.22469999999999998,0.1644,0.0798,0.2259,0.08009999999999999,0.06449999999999999,0.0783,0.1251,0.19499999999999998,0.10709999999999999,0.0885,0.13829999999999998,0.2307,0.08549999999999999,0.1296,0.0798,0.07709999999999999,0.0744,0.08159999999999999
-0.06749999999999999,-0.0363,-0.1434,-0.0336,-0.12179999999999999,-0.0633,-0.1329,-0.36479999999999996,-0.15689999999999998,-0.141,-0.15539999999999998,-0.1266,-0.11069999999999999,-0.34199999999999997,-0.051,-0.29069999999999996,-0.14429999999999998,-0.2658,-0.08009999999999999,-0.12329999999999999,-0.07289999999999999,-0.5936999999999999,-0.1926,-0.0711,-0.19319999999999998,-0.43289999999999995,-0.09689999999999999,-0.25529999999999997,-0.18719999999999998,-0.06749999999999999,-0.31379999999999997,-0.0939,-0.47939999999999994,-0.3087,-0.5538,-0.0375,-0.3585,-0.207,-0.07859999999999999,-0.41429999999999995,-0.1593,-0.15059999999999998,-0.3045,-0.3141,-0.3468,-0.13799999999999998,-0.09419999999999999,-0.4593,-0.17129999999999998,-0.2355,-0.32339999999999997,-0.48269999999999996,-0.1959,-0.07559999999999999,-0.34859999999999997,-0.1989,-0.05639999999999999,-0.255,-0.33209999999999995,-0.06449999999999999,-0.42269999999999996,-0.08489999999999999,-0.036,-0.285,-0.23009999999999997,-0.3888,-0.09029999999999999,-0.48599999999999993,-0.2337,-0.2448,-0.12329999999999999,-0.1689,-0.3354,-0.11579999999999999,-0.2757,-0.18989999999999999,-0.11789999999999999,-0.2289,-0.12329999999999999,-0.16829999999999998,-0.43739999999999996,-0.0804,-0.1449,-0.2829,-0.15689999999999998,-0.15869999999999998,-0.10949999999999999,-0.5258999999999999,-0.2007
24.0,32.0,32.0,30.0,32.0,32.0,32.0,32.0,32.0,32.0,32.0,25.0,32.0,32.0,32.0,32.0,32.0,32.0,32.0,32.0,32.0,32.0,32.0,32.0,32.0,32.0,32.0,32.0,32.0,32.0,32.0,32.0,32.0,32.0,32.0,32.0,32.0,32.0,32.0,32.0,32.0,32.0,32.0,32.0,32.0,32.0,32.0,32.0,32.0,32.0,32.0,32.0,32.0,32.0,32.0,32.0,32.0,32.0,32.0,32.0,32.0,32.0,32.0,32.0,32.0,32.0,32.0,32.0,32.0,32.0,32.0,32.0,32.0,32.0,32.0,32.0,32.0,32.0,32.0,32.0,32.0,32.0,32.0,32.0,32.0,32.0,32.0,32.0,32.0
15.0,15.0,15.0,15.0,15.0,15.0,15.0,15.0,15.0,15.0,15.0,15.0,15.0,15.0,15.0,15.0,15.0,15.0,15.0,15.0,15.0,15.0,15.0,15.0,15.0,15.0,15.0,15.0,15.0,15.0,15.0,15.0,15.0,3.0,15.0,2.0,3.0,3.0,15.0,3.0,15.0,8.0,3.0,15.0,15.0,15.0,15.0,15.0,15.0,15.0,15.0,3.0,15.0,15.0,15.0,15.0,15.0,15.0,15.0,15.0,15.0,15.0,15.0,15.0,15.0,15.0,15.0,15.0,15.0,15.0,15.0,15.0,15.0,15.0,15.0,15.0,15.0,3.0,15.0,15.0,6.0,3.0,15.0,6.0,3.0,15.0,9.0,15.0,3.0
0.0,0.0,0.0,0.0,0.0,0.0,0.0,0.0,0.0,0.0,0.0,0.0,0.0,0.0,0.0,0.0,0.0,0.0,0.0,0.0,0.0,0.0,0.0,0.0,0.0,0.0,0.0,0.0,0.0,0.0,0.0,0.0,0.0,1.0,0.0,0.0,2.0,2.0,0.0,1.0,0.0,0.0,0.0,0.0,0.0,0.0,0.0,0.0,0.0,0.0,0.0,3.0,2.0,0.0,0.0,0.0,0.0,0.0,0.0,0.0,0.0,0.0,0.0,0.0,0.0,0.0,0.0,0.0,0.0,0.0,0.0,0.0,0.0,0.0,0.0,0.0,0.0,0.0,0.0,0.0,1.0,1.0,0.0,0.0,3.0,0.0,0.0,0.0,2.0
0.0,0.0014374666815094028,0.0,0.0,0.007501868698195829,0.005470247761714245,0.0,0.0,0.004178691759783429,0.005344248375475744,0.005779322175399268,0.0,0.0,0.004049405529381406,0.0,0.003530278087936045,0.0,0.0,0.0059774487390661935,0.0,0.0,0.011883057467719046,0.007246671860870801,0.0,0.0,0.007315647996145411,0.0,0.0,0.0,0.0,0.006515039861267391,0.00020260813699826685,0.005940805612139055,0.008859587189452137,0.010719465981923887,0.0,0.004138499622247313,0.005101923521588864,0.0,0.005960960106091248,0.0,0.000646924999695514,0.0,0.0,0.0,0.0,0.0,0.0,0.0016038734609475497,0.0013455897481097767,0.0,0.007548296252505277,0.008513844665297338,0.0,0.006047936889451461,0.007146424528789885,0.007241613354051268,0.0014126854229439961,0.0,0.0003183351651015187,0.006662071343946557,0.0,0.0,0.0014404997406160663,0.0,0.00775492213258383,0.003634255048539481,0.010093967315196989,0.0008753547648169546,0.005548315665617587,0.0,0.0,0.0062491523961689666,0.0,0.0072842007678523,0.004993770905943412,0.0002768611503650986,0.004196135036936319,0.0,0.0,0.009199812476047953,0.0045822196927383235,0.0,0.006529111795952017,0.00521015451524337,0.01069073641495595,0.007879983413615343,0.016048631578633704,0.00918249582061155
-0.010638829890575102,-0.0033481650446609695,-0.0051525821311303455,-0.011236005712055297,0.0,0.0,-0.002620597840638894,-0.006905232546586343,0.0,0.0,-0.00045207095508861816,-0.013675450721103918,-0.010390824963749212,0.0,-0.003418637815910841,0.0,-0.0023361063881571498,-0.007052981913685807,0.0,-0.007084220452760387,-0.005744240772883408,0.0,0.0,-0.004234631342227763,-0.008213243689228447,0.0,-0.007560023124349419,-0.004849202072105693,-0.005412777663154955,-0.006868067552744328,0.0,-0.0015389199464650588,0.0,0.0,0.0,-0.008849181592702496,0.0,0.0,-0.00740883680165802,0.0,-0.005607869841167762,-0.0009374021975979419,-0.004344264347110424,-0.008287052165246861,-0.0031022141758223903,-0.008706918558044674,-0.008357239669048375,-0.0033588595511369612,-0.0009548499928382637,-0.00023490567369960358,-0.006999760250247344,0.0,0.0,-0.008239821427539873,0.0,0.0,0.0,-0.0024803072462182413,-0.004038644378188266,-0.0028673403811600717,0.0,-0.007819359805777054,-0.005878962098951002,-0.0025673961981164117,-0.008603885747175424,0.0,-0.0010167123344824308,0.0,-0.0019121452738633249,0.0,-0.012516999955477767,-0.00916691080878329,0.0,-0.0051478016608571125,0.0,0.0,-0.002811767998989828,0.0,-0.005117167053314997,-0.0073332436633922055,0.0,0.0,-0.006103961796631779,0.0,0.0,0.0,0.0,0.0,0.0
0.0,0.0,0.0,0.0,0.0,0.0,0.0008006506890831933,0.011239931653114321,0.0047006744233374365,0.007731556247323468,0.010581378727991475,0.010551295176155606,0.0009827907759671906,0.007519316509268459,0.005716093746899076,0.0,0.011487555920683012,0.0,0.0,0.0035493395701874375,0.0027882939217276914,0.005435828583336355,0.005204887473703068,0.003483669178372839,0.0,0.0,0.0009543052564650045,0.0,0.010013700320241237,0.00925366009538453,0.0,0.001659644112328884,0.0,0.0024982694031494557,0.009173443915433177,0.006503777538765743,0.003219419946686619,0.0,0.0,0.003618494815388118,0.010465373055179528,0.00717702761565131,0.0,0.005270726039107887,0.0,0.0,0.0,0.011417492041557509,0.0004580165701818517,0.00652156059616904,0.0,0.009526743601856513,0.008513353667647383,0.0,0.0029820362422334212,0.0,0.004684008583298316,0.01076886779333952,0.0,0.0,0.0,0.003496841891753144,0.0010089912305519255,0.0,0.0,0.003743954275873651,0.004120389980875272,0.0,0.01237657004562881,0.005978335954235248,0.0,0.00940183025424407,0.0,0.0033007651541000493,0.004612969535841671,0.0,0.01389979281993442,0.0,0.009151750273995618,0.0,0.006285203907425374,0.0,0.008007035132122309,0.0027931668953286026,0.0,0.007358270462664018,0.005580777837138284,0.0,0.004474440970338778
-0.026131534783870924,-0.02073899184904815,-0.017635549012924467,-0.02920518369899422,-0.015156527761021832,-0.013237201525604314,-0.003291350083862443,-0.0020716002658216492,-0.001596413902886451,-0.002272292835972467,-0.004583485316711822,-0.008016677135751382,-0.008972977882569955,-0.0003150718679010289,0.0,-0.011905579299021585,0.0,-0.01665284341491008,-0.011695985868292402,-0.0023148413260849487,-0.00649351494874667,-0.0033921967269600617,-0.00029935280415105403,-0.003734240622348617,-0.012778519634301544,-0.01043220857956656,-0.011294335120799748,-0.012501681791332264,0.0,0.0,-0.005298976879863915,-0.0002966236289821955,-0.00927960717333054,-0.0007968827000711665,0.0,0.0,0.0,-0.007508967039000614,-0.0054366184938497986,0.0,0.0,0.0,-0.001161067539045768,0.0,-0.007127699693936507,-0.009291890897045962,-0.006155836972480344,0.0,-0.002584927009409377,0.0,-0.004531642639876821,0.0,0.0,-0.009028321761972546,-0.002146104268697213,-0.00869424770092575,0.0,0.0,-0.01316256940342786,-0.006049105653295306,-0.010037499311380649,-0.0008198819200923024,-0.006417082964396914,-0.006237694349743084,-0.00989178006587682,-0.0037378207953419063,-0.0022212732526666334,-0.013379068251103132,0.0,0.0,-0.013609920694708733,0.0,-0.004588563744212959,-0.0005421085205136178,0.0,-0.009603977073487813,0.0,-0.004669031047051464,0.0,-0.0021356063110807844,0.0,-0.006697657838990623,0.0,0.0,-0.007721386738846092,0.0,0.0,-0.005872443024950935,0.0
0.0,0.0,0.0,0.0,0.0,0.0,0.0,0.0,0.0,0.0,0.0,0.00035311079726524364,0.0008769597725903355,0.0,0.0,0.0,0.0,0.0,0.0,0.0005919488107408721,0.0006157174862425618,0.0,0.0,0.000314391029958061,0.0008972918800969065,0.0,0.0,0.0,0.0005450375097135196,0.00023016642833800782,0.0,0.0,0.0,0.0,0.0,0.0,0.0,0.0,0.00011123371449855979,0.0,0.00025365289139589464,0.0,0.0,0.0012517349402342837,0.0,0.0012334259569817263,0.00040797656709379293,0.00030199239311878845,0.0,0.0,0.0006445391503746567,0.0,0.0,0.0006893502475149305,0.0,0.0,0.0,7.895356258225128e-07,0.0,0.0,0.0,0.0,0.0,0.0,0.0008049694890892578,0.0,0.0,0.0,0.0,0.0,0.001875890946924752,0.0009702448643662542,0.0,0.0,0.0,0.0,0.0,0.0,0.0,0.00035373262777343983,0.0,0.0,0.0009035481056105521,0.0,0.0,0.0,0.0,0.0,0.0
-0.0037674121186619947,-0.0032008189551962496,-0.002578354214842926,-0.0022382694851819096,-0.00568123129529613,-0.005472131387164458,-0.002077636004415462,-0.0018425561423573433,-0.0032976563555622285,-0.0042116676059631986,-0.005286334994102859,-0.0010068171081911714,-0.0006857817032753788,-0.003610507393249307,-0.0020110817467868802,-0.0037941094615220883,-0.002214400123950244,-0.0015422578191264802,-0.004456453933454785,-0.0010536028760737004,-0.0009301778850917541,-0.006165732484865738,-0.004316104007213883,-0.0010698684538935077,-0.001084077722630139,-0.004418055487213746,-0.001087464511998204,-0.0016344275275534392,-0.001285208600809773,-0.0013766939031549241,-0.004290447541324849,-0.0022274999844952292,-0.003893072893768279,-0.004565980793362456,-0.004825188897133459,-0.0011393088248344285,-0.0029952245870757954,-0.003329483552614143,-0.001204310681959031,-0.003300003544191299,-0.0010001604612236425,-0.0018409343258819488,-0.0011597873082525578,-0.0008340351904344567,-0.0014485265390768443,-0.0006716813025348656,-0.0007574255254066964,-0.00114259102698816,-0.0031500966153249488,-0.002657994122547136,-0.0011231352003575612,-0.0034811610352766253,-0.004557987661152563,-0.0008632067238111829,-0.0041314538540023205,-0.005186941285838964,-0.003341910262814052,-0.002098496950319828,-0.0014830011589503367,-0.0029215609649165253,-0.004012277000855213,-0.0014284117079082503,-0.0016442793928234667,-0.002543740812800843,-0.0013702431402776716,-0.0049515873753309125,-0.004054612646294586,-0.006136790566054318,-0.0017704518920932388,-0.004239019333063032,-0.0007517356365107641,-0.0008796466890577115,-0.00407469405631794,-0.0011722133775572408,-0.0038011480005959997,-0.003341491609749281,-0.0018070757189210807,-0.0029973902309136102,-0.0011790982552175588,-0.0009604878993544896,-0.004149487923806705,-0.002892760473765188,-0.0010584485943590516,-0.003766562173525445,-0.0034998831620366433,-0.0038293280850594247,-0.0036047023209022644,-0.0065913438414376135,-0.0037959344366850223
0.06449154919246182,0.05122669944306012,0.050869648480529814,0.05350580185746,0.062301988156136884,0.044329521867545796,0.04540160691083987,0.058505346529844834,0.04932323675112141,0.058755378656200286,0.06100537614500254,0.06090840516144014,0.04933011574825129,0.05115354111601153,0.04891647913572569,0.049377289873555844,0.04846007038645139,0.04837889170709932,0.04113996027270328,0.04645230001328168,0.04968268208110074,0.06613283036035231,0.05423484645808649,0.045709720406764805,0.04205072954970149,0.043554627308234936,0.03920789389606917,0.037134460374346125,0.044920063177241676,0.04147464021683753,0.03880578269986604,0.031446809574490184,0.03586960152358308,0.038987585886420234,0.05030547209385425,0.0211655419124393,0.03499686672008788,0.035590270995366234,0.03630193714278665,0.037437499121036076,0.037510294635567216,0.03749340500306554,0.026180536342336247,0.03596110674416206,0.034942313834292894,0.03131627188235115,0.03579238226200003,0.037320083979988705,0.03109933573630292,0.044580536133883145,0.029358803308493334,0.037525541160428444,0.04333550545146369,0.03251152763375933,0.03279372830428963,0.0383211087923173,0.03328208541867128,0.03428659851441594,0.031934896062400804,0.036175664309197234,0.03911065784795453,0.04467260696036683,0.03466939346567376,0.03682973062260675,0.03863729137796729,0.04039009766992828,0.03862293475798586,0.05071855421863886,0.04030162561025186,0.05600415252343542,0.048828952038475607,0.04256299256014766,0.047653493178313924,0.04428009305802855,0.041905759270029125,0.03548493783236048,0.03710011546832444,0.03521565859509061,0.0402837715545402,0.03194184946764057,0.04211189798983296,0.03588589314461462,0.03695205344256966,0.0395132141198717,0.03569676929128483,0.03975310626719486,0.039276670233476,0.0674689896340939,0.03413431784196521
0.0,0.0,0.0,0.0,0.0,0.0,0.0,0.0,0.0,0.0,0.0,0.0,0.0,0.0,0.0,0.0,0.0,0.0,0.0,0.0,0.0,0.0,0.0,0.0,0.0,0.0,0.0,0.0,0.0,0.0,0.0,0.0,0.0,0.0,0.0,0.0,0.0,0.0,0.0,0.0,0.0,0.0,0.0,0.0,0.0,0.0,0.0,0.0,0.0,0.0,0.0,0.0,0.0,0.0,0.0,0.0,0.0,0.0,0.0,0.0,0.0,0.0,0.0,0.0,0.0,0.0,0.0,0.0,0.0,0.0,0.0,0.0,0.0,0.0,0.0,0.0,0.0,0.0,0.0,0.0,0.0,0.0,0.0,0.0,0.0,0.0,0.0,0.0,0.0
0.0,0.0,0.0,0.0,0.0,0.00023878880133487712,0.0,0.0,0.0,0.0,0.0,0.0,0.0,0.0,0.0,0.0,0.0,0.0,0.00023380925110383366,0.0,0.0,0.0,0.0,0.0,0.0,0.000239751969780988,0.0,0.0,0.00021926005682193495,0.0,0.0,0.0,0.00023802558150454178,0.0,9.240374530505857e-05,0.00023893081114234604,0.0,0.0,0.0,0.0,0.0,0.00021673953753864605,0.00023210858289035574,0.0,0.0,0.0,0.0,0.00022056080459431637,0.0,0.0001482260280499803,0.0,0.0,0.0,0.00023908228131963583,0.0,0.00021595079810821094,5.540428608352688e-05,0.0,0.0,0.0,0.0,0.0,0.0,8.503386936598023e-05,0.0,0.0,0.0,0.00023876774848863302,0.0,0.0,0.0,0.0,0.0,0.0,0.0,0.0,0.0,0.0,0.0,0.0,0.0,0.0,0.0,0.0,0.0,0.0,0.0,0.0,0.0
-0.3207676142946333,-0.33374859930539746,-0.3018197833476671,-0.29906839873033697,-0.2854220128430669,-0.2437870633487942,-0.26806890515222526,-0.25708209019597406,-0.21984838863430078,-0.25235696158953924,-0.30179097977530855,-0.25881719467164266,-0.29224069704337075,-0.25831882951470087,-0.29307787991391443,-0.21917020729700964,-0.34137992779201976,-0.2965575549923184,-0.2641179743344084,-0.2738523212924533,-0.23955165007521828,-0.26287004295490524,-0.2487920426835707,-0.28887875467645896,-0.2488452220568742,-0.23478535849657267,-0.22351112904607484,-0.23868194455958425,-0.28122463649711527,-0.25297416870149625,-0.21360136237499072,-0.21078662296698325,-0.21712907993254693,-0.2017840761061097,-0.21564786241695932,-0.0055698131448256305,-0.18992273902131274,-0.174335309299388,-0.27683713638260377,-0.2310156833956647,-0.2235914321644823,-0.24309571022595045,-0.06156917651347227,-0.23208277351975992,-0.24895505950257335,-0.22474797075630848,-0.2252475666335788,-0.23225913562175948,-0.22672014284665132,-0.23674075556357765,-0.22786893663673313,-0.17218420639280796,-0.23907161476566197,-0.23230882468773728,-0.2399719608673675,-0.24603256454427713,-0.2223303945998002,-0.23440323982871525,-0.27482336404938135,-0.2835084970461996,-0.25433981175085707,-0.27515986430977823,-0.222156115537973,-0.2690297298584472,-0.2884291746479577,-0.2415075644335397,-0.27112109760182546,-0.23450723671931684,-0.24927663720982562,-0.2634259165647247,-0.28522696020371274,-0.2840683858452492,-0.2630524070594623,-0.23902402127482847,-0.2530210561156494,-0.24720157486904537,-0.2277974068949863,-0.18266680060165252,-0.23473063306505693,-0.2490210025573656,-0.23404734754830425,-0.15963794411576782,-0.27856970329024944,-0.21259063874328255,-0.20441392285915416,-0.2125883833053388,-0.2100156840281544,-0.2678152556251716,-0.14516662044504947
0.0,0.0,0.0,0.0,0.0,0.0,0.0,0.0,0.0,0.0,0.0,0.0,0.0,0.0,0.0,0.0,0.0,0.0,0.0,0.0,0.0,0.0,0.0,0.0,0.0,2.913713670932164e-05,0.0,0.0,0.0,0.0,0.0,0.0,0.0,0.0,0.0,0.0,0.0,0.0,0.0,0.0,0.0,0.0,0.0,0.0,0.0,0.0,0.0,0.0,0.0,0.0,0.0,0.0,0.0,0.0,0.0,0.0,0.0,0.0,0.0,0.0,0.0,0.0,0.0,0.0,0.0,0.0,0.0,0.0,0.0,0.0,0.0,0.0,0.0,0.0,0.0,0.0,0.0,0.0,0.0,0.0,0.0,0.0,0.0,0.0,0.0,0.0,0.0,0.0,0.0
-0.7294112387680516,-0.7421553886634684,-0.7121970130623774,-0.7091203793279932,-0.6958648322474147,-0.650908280231211,-0.6778731617982553,-0.665364352307503,-0.6221275246964078,-0.6606661095721627,-0.7124073240333195,-0.6668596483530854,-0.7024933272183023,-0.6673173642692619,-0.7037280959792018,-0.6212282473380759,-0.7488986109011281,-0.7070500238753881,-0.6736786303575389,-0.6839358172100888,-0.645762885239925,-0.6720505549347467,-0.6566296747496887,-0.6995723632142967,-0.6565450025328113,-0.6403635130432251,-0.6267369168446276,-0.6449558767557845,-0.6917149304554061,-0.661368965241312,-0.6143333703631915,-0.610687030538078,-0.6187610576112291,-0.5990010262412925,-0.6169191438688749,-0.10402788000268649,-0.5829655596521427,-0.5608246591521009,-0.6872132449629484,-0.6358463515473235,-0.6268063319110487,-0.6501064591649599,-0.3424419677061759,-0.6371466192810633,-0.6568331006837638,-0.6282433840627256,-0.6288428680323099,-0.637355169020931,-0.6306308228474106,-0.6426850247874278,-0.6320651295773183,-0.5576572591620813,-0.6454110498483285,-0.6374163468633316,-0.6462296115501124,-0.6534839394081572,-0.6251303956348814,-0.6398785279029594,-0.6849946491324448,-0.6940839132428341,-0.6628867296297767,-0.6854382555989091,-0.6250586156746661,-0.6789563040354343,-0.699097075063723,-0.6482683678922282,-0.6811587852400379,-0.64002451002246,-0.6571617797423817,-0.6728583552427232,-0.69546048807121,-0.6945436482919025,-0.6725052528454186,-0.6453675843311841,-0.661412153068765,-0.6548156812175013,-0.63197798684736,-0.5728190223330323,-0.6402888786698273,-0.6568992879940906,-0.6394843483934941,-0.5387123095182043,-0.6890399056006292,-0.6130409184311454,-0.6024641281482233,-0.6129573114128546,-0.6097356044894342,-0.6775906771628094,-0.5156125332042333
"deque([array(-6.4198646)], maxlen=1)","deque([array(-6.4198646)], maxlen=1)","deque([array(-6.4198646)], maxlen=1)"
[8.05797448],[8.05797448],[8.05797448]
8.210109099341999
1.8811535606343255
1.0,1.0,1.0,2.0,2.0,2.0,2.0,2.0,2.0,2.0,2.0,3.0,3.0,3.0,3.0,3.0,3.0,3.0,3.0,3.0,3.0,3.0,3.0,3.0,3.0,3.0,3.0,3.0,3.0,3.0,3.0,3.0,3.0,3.0,3.0,3.0,3.0,3.0,3.0,3.0,3.0,3.0,3.0,3.0,3.0,3.0,3.0,3.0,3.0,3.0,3.0,3.0,3.0,3.0,3.0,3.0,3.0,3.0,3.0,3.0,3.0,3.0,3.0,3.0,3.0,3.0,3.0,3.0,3.0,3.0,3.0,3.0,3.0,3.0,3.0,3.0,3.0,3.0,3.0,3.0,3.0,3.0,3.0,3.0,3.0,3.0,3.0,3.0,3.0
1.0,0.5,0.3333333333333333,0.5,0.4,0.3333333333333333,0.2857142857142857,0.25,0.2222222222222222,0.1,0.1,0.2,0.1,0.1,0.1,0.1,0.1,0.1,0.1,0.1,0.0,0.0,0.0,0.0,0.0,0.0,0.0,0.0,0.0,0.0,0.0,0.0,0.0,0.0,0.0,0.0,0.0,0.0,0.0,0.0,0.0,0.0,0.0,0.0,0.0,0.0,0.0,0.0,0.0,0.0,0.0,0.0,0.0,0.0,0.0,0.0,0.0,0.0,0.0,0.0,0.0,0.0,0.0,0.0,0.0,0.0,0.0,0.0,0.0,0.0,0.0,0.0,0.0,0.0,0.0,0.0,0.0,0.0,0.0,0.0,0.0,0.0,0.0,0.0,0.0,0.0,0.0,0.0,0.0
