1,2,3,4,5,6,7,8,9,10,11,12,13,14,15,16,17,18,19,20,21,22,23,24,25,26,27,28,29,30,31,32,33,34,35,36,37,38,39,40,41,42,43,44,45,46,47,48,49,50,51,52,53,54,55,56,57,58,59,60,61,62,63,64,65,66,67,68,69,70,71,72,73,74,75,76,77,78,79
696.8701,439.45853,104.67147,697.08167,2953.8923,3198.9404,3332.3594,3518.1592,3797.7083,3316.9126,2615.4412,2843.5825,2944.5835,3726.8096,3157.9229,4028.5378,4023.5576,6155.5874,4098.844,3536.8364,4071.4717,7451.9365,5594.1133,6327.459,7030.831,5458.513,6623.7246,5284.045,5374.0605,4523.2036,4043.2695,4811.36,3900.2346,4296.752,4755.085,4526.799,4598.636,4360.344,4972.4707,4754.4004,4491.211,5033.8735,4469.603,4400.696,4179.3984,4383.699,4075.2356,4275.618,3822.6626,4216.9287,4179.336,4074.3118,4253.105,4218.265,4422.6904,3907.2783,3582.662,3617.313,3822.9585,3784.018,3773.6912,3785.2192,4359.757,3712.5242,3792.8616,3653.071,3697.9631,4049.9197,4093.116,4072.256,4260.2373,3770.3174,3705.3633,4016.618,3596.65,3818.4768,3695.8438,3777.753,4052.038
93593.19,38323.066,5797.244,80565.8,1797491.5,2012515.2,2177610.5,2261597.5,2505864.5,2260164.0,1602326.2,1929191.6,1785728.8,2456752.0,2016653.9,2966478.0,2930804.5,7482209.0,2823916.0,2398391.5,3005996.0,11680306.0,5608697.0,7394432.0,10034950.0,6501713.0,9685456.0,4989111.0,5951770.5,3886573.5,3352414.0,4599366.0,3291099.5,3537759.5,4165089.5,3633346.0,3759327.0,3332917.0,4532427.0,4091446.5,3503622.5,4578490.5,3383729.0,3367456.8,2988335.2,3368682.0,2994584.0,3509118.2,2749320.2,3412686.2,3326738.2,3174348.5,3523865.5,3609142.8,3977953.0,2873217.2,2499142.5,2509977.2,2900008.5,2840920.0,2817253.0,2855272.5,3789833.5,2720925.2,2810491.0,2525958.0,2633991.8,3240028.0,3313601.0,3213499.0,3557405.0,2682481.2,2568163.0,3024632.8,2405959.5,2698952.0,2523297.0,2704046.5,3023748.8
-0.31451812,-0.7483439,-1.1962433,-1.2283298,-0.77185476,-1.1299498,-1.4072763,-0.42475235,-0.365886,-0.17538619,-1.0362872,-0.6566859,-0.8077751,-1.1353467,-0.7702315,-1.4927806,-1.0963736,-0.7504773,-0.8353088,-1.1861454,-1.0039667,-0.76525795,-0.7767577,-0.852532,-0.908369,-0.78875285,-0.5216984,-0.78219026,-0.73919034,-0.7985382,-0.72813547,-0.8027853,-0.6095847,-0.9053164,-0.9598346,-1.1283756,-1.4352072,-1.479494,-1.37495,-1.6731402,-1.0488305,-1.0330745,-1.5090629,-0.9369601,-0.80484366,-1.0876803,-0.7078938,-0.9482591,-0.64004713,-1.262925,-0.8922083,-0.9703806,-0.78108203,-0.767414,-1.173383,-1.4837397,-1.1867207,-0.85666806,-1.4289411,-0.9377422,-1.2693814,-1.1954865,-1.13364,-0.6470406,-0.8318159,-1.3035046,-0.6018858,-0.9253706,-1.073063,-0.7570945,-1.1992084,-0.08827174,-0.64672,-1.250223,-0.97971034,-0.75639653,-0.61741215,-0.48543194,-1.1001648
-5.2647033,-5.269959,-5.526438,-5.62964,-5.789059,-5.5460076,-5.6467147,-5.710567,-5.7628303,-6.26687,-6.5727935,-6.797959,-7.1061807,-8.061455,-8.156792,-8.357445,-8.407799,-8.704169,-8.763363,-8.961383,-8.949673,-8.75709,-9.128984,-9.803542,-9.937106,-10.249205,-10.684202,-10.877909,-11.002581,-11.008643,-10.882661,-11.270646,-11.55189,-12.068533,-13.030939,-13.386251,-13.4418545,-14.377516,-15.286875,-16.112766,-16.658712,-17.30482,-18.457895,-18.696203,-18.642664,-18.996,-19.525608,-19.692877,-19.756304,-20.1863,-20.705456,-20.85338,-21.006144,-21.291119,-21.800203,-22.471897,-22.752502,-23.516071,-23.89318,-24.176283,-25.24966,-25.864346,-26.154947,-26.479362,-27.132433,-27.333927,-27.633474,-27.462065,-28.339785,-28.579397,-28.887085,-28.850466,-29.140598,-29.252874,-29.617022,-30.00105,-29.924511,-30.009531,-30.054981
0.44744314848850886,0.183429655794778,0.014309789233707959,0.12770596699287845,0.9112063628593938,0.8800265904441689,0.8967552198303597,0.9475516589962372,0.8286726957343518,0.8228912833662543,0.8677178072226686,0.8867306652470783,0.8252151229057141,0.8776489062990034,0.8422935081220098,0.829443844130848,0.8514160953276284,0.9120338842169942,0.9257973145776774,0.9503790158311383,0.845490192130655,0.8553783091652178,0.9238112445908784,0.9542901007040057,0.8621108513770572,0.824552038291799,0.8892840232710326,0.8565354531525287,0.8381350189912744,0.8600561412233325,0.834076259434585,0.8686395332295553,1.549054618758346,0.8462865304383422,0.8351098885785468,0.884482676369569,0.88111050576772,0.8596375579407172,0.8540807946319025,0.9141161253517227,0.8742925613290922,0.8634059311977667,0.9097264321662271,0.8386412519276993,0.9025470265484281,0.8791146969304979,0.8927679097243715,0.8850267409941768,0.8891714646344098,0.8687279320257049,0.8750417036693436,0.8854278130745887,0.8161824327809257,0.8382668680431589,0.8697931187907499,0.8241899216130801,0.840880157454333,0.8588304507118889,0.8681584902043213,0.8434847380858022,0.8371897886434623,0.8459607471631254,0.8824495040581268,0.858133748335455,0.8619177599388572,0.8662132484750662,0.8553003983618319,0.8418155553089295,0.8482013382600246,0.8554876839468946,0.8449109178160557,0.8450543785742137,0.8943652684793728,0.8841039849165719,0.8706763576099064,0.8266322192850919,0.8561061945915647,0.8372954177134377,0.8716698139958721
0.007671217564174215,0.0253150179617746,0.0253150179617746,0.07287656685965416,0.03605472255161846,0.011506826346261212,0.03221911376953135,0.029917748500279062,0.034520479038783636,0.04909579241071438,0.01841092215401796,0.042958818359375206,0.02838350498744424,0.022246530936104958,0.016109556884765786,0.0253150179617746,0.05216427943638402,0.10586280238560275,0.042958818359375206,0.02378077444893978,0.04679442714146209,0.15495859479631702,0.08975324550083708,0.10279431535993322,0.14115040318080363,0.1319449421037947,0.16799966465541305,0.09589021955217647,0.10279431535993322,0.07671217564174115,0.04679442714146209,0.08208202793666297,0.052931401192801486,0.04219169660295774,0.11583538521902903,0.06367110578264512,0.05753413173130595,0.044493061872209805,0.0759450538853238,0.14882162074497773,0.05983549700055801,0.10893128941127239,0.037588966064453055,0.06290398402622766,0.0253150179617746,0.0391232095772881,0.06290398402622766,0.1066299241420201,0.03375335728236617,0.08208202793666297,0.12350660278320325,0.05369852294921884,0.06520534929548005,0.09052036725725454,0.11276689819335939,0.04679442714146209,0.07134232334681923,0.03835608782087063,0.06520534929548005,0.04142457484654016,0.06060261875697559,0.04372594011579245,0.06904095807756705,0.06367110578264512,0.04602730538504485,0.04909579241071438,0.0506300359235492,0.09895870657784611,0.042958818359375206,0.05446564470563631,0.11123265468052457,0.032986235525948815,0.04602730538504485,0.05369852294921884,0.026082139718191955,0.03682184430803581,0.05753413173130595,0.07824641915457586,0.058301253487723304
0.38939545035775236,0.1881962412226399,0.07007866593832635,0.14729072603583937,0.753715324238454,0.7176918946569182,0.7222831950290662,0.7897302210518569,0.6806732950391967,0.6699770387523865,0.7115545333981101,0.7189633729825342,0.6676532496062331,0.6801710122049407,0.6725114626354856,0.6760819946670487,0.6839197736293046,0.7715364419163184,0.7636014469216259,0.7620144479226876,0.7056602122203937,0.7122589182011794,0.7746942372421226,0.8094214410736118,0.7381932602665366,0.6835718476118369,0.7610508203664539,0.6995876616498768,0.6856363940048253,0.7221535736524842,0.6737744081929686,0.7022269714693525,0.6833774155469636,0.6904459990178595,0.6791587646482644,0.7296835018453574,0.7465009167189032,0.7072958192355507,0.6864704001844766,0.6992798108804941,0.7123399315615431,0.705433374811375,0.7066076371045544,0.6699284307361681,0.7293355758278892,0.7176918946569182,0.7217647095227377,0.720550371981473,0.7102105744802634,0.6933121342621287,0.706202570302735,0.7095223923492671,0.6630056713139272,0.6725924759958493,0.6941623550980776,0.6764870614688681,0.6858794340859169,0.6709730716527651,0.6817580112038795,0.7002434384367278,0.6807781689913481,0.6966643736370313,0.704664179320015,0.6993608242408582,0.7059109222054252,0.7077895693016738,0.6643820355759193,0.6587469571513673,0.6614510776591342,0.6825596120393849,0.6792883980090711,0.684324840431124,0.7072148058751866,0.6997087502583259,0.7145503020031869,0.6561801279241228,0.6688437145714854,0.6726410840120676,0.6880411965113424
0.0,0.0,-0.0005261554102684585,0.0,0.0,0.0,-0.0005585607544140725,0.0,0.0,0.0,-0.0005423580823411545,0.0,0.0,0.0,0.0,0.0,0.0,0.0,0.0,0.0,0.0,0.0,0.0,0.0,0.0,0.0,0.0,0.0,0.0,0.0,0.0,0.0,0.0,0.0,0.0,0.0,0.0,0.0,0.0,0.0,0.0,0.0,0.0,0.0,0.0,0.0,0.0,0.0,0.0,0.0,0.0,0.0,0.0,0.0,0.0,0.0,0.0,0.0,0.0,0.0,0.0,0.0,0.0,0.0,0.0,0.0,0.0,0.0,0.0,0.0,0.0,0.0,0.0,0.0,0.0,0.0,0.0,0.0,0.0
0.0,0.00013816612893968738,0.0,0.0,0.0,0.0,0.0,0.0,0.0,0.0,0.0,0.0,0.0,0.0,0.0,0.0,0.0,0.0,0.0,0.0,0.0,0.0,0.0,0.0,0.0,0.0,0.0,0.0,0.0,0.0,0.0,0.0,0.0,0.0,0.0,0.0,0.0,0.0,0.0,0.0,0.0,0.0,0.0,0.0,0.0,0.0,0.0,0.0,0.0,0.0,0.0,0.0,0.0,0.0,0.0,0.0,0.0,0.0,0.0,0.0,0.0,0.0,0.0,0.0,0.0,0.0,0.0,0.0,0.0,0.0,0.0,0.0,0.0,0.0,0.0,0.0,0.0,0.0,0.0
-0.001327756245774303,-0.0009636275562332486,-0.0008340061796516807,-0.0026478425876081957,-0.01214510114103362,-0.0035705320315635447,-0.022954776132354304,-0.011959201844293332,-0.01233953320590686,-0.011359702977601138,-0.016558172120381798,-0.014015203484924577,-0.014549903647551155,-0.0074327121604369495,-0.006647302012779299,-0.032136514012456985,-0.01554593654793024,-0.08999673535332509,-0.02681695626122682,-0.028638462573124635,-0.05377120380297651,-0.13840830615698607,-0.060070591782512395,-0.07893635037697333,-0.1802527134598142,-0.1800668141630739,-0.22706108259246438,-0.07017588197076297,-0.11252257210784666,-0.046516721035340325,-0.05713108911336828,-0.05210317945944887,-0.05702621516121731,-0.04149648128536043,-0.04003055891064555,-0.04647577093883637,-0.04795789598562372,-0.03577185673231131,-0.05396563586784975,-0.05839490951926951,-0.042087447383919674,-0.03884863869775135,-0.035245701322042855,-0.034314479109954554,-0.023497134214695237,-0.02792553301769729,-0.027715773129169285,-0.029423860736557117,-0.02651676341155973,-0.031221494472442046,-0.03365870232310453,-0.030970784487410086,-0.034363087126172864,-0.03220132470074777,-0.03535912002655195,-0.03152934524182438,-0.03139117911288469,-0.028638462573124635,-0.028784286621779565,-0.02963449547350283,-0.03220132470074777,-0.026152634722018675,-0.034314479109954554,-0.03020924691576532,-0.026646384788141297,-0.02501077777298466,-0.025869531377066934,-0.034622329879337777,-0.03492163589636199,-0.032330946077330225,-0.03280849347138037,-0.03288950683174452,-0.033934147748341026,-0.029302772128107613,-0.027472733048077735,-0.024986917181196944,-0.027667165112950975,-0.027569949080514355,-0.030055764947395147
0.0006395741147779965,0.0005509028346990519,0.0010122355724515586,0.0008664115237966286,0.006769277453870792,0.002299928554365227,0.005344305175660313,0.0031663400781618556,0.002056888473273677,0.0032959614547443117,0.0016117464233689205,0.00362768480013953,0.004429285635644931,0.0020568764890489533,0.0012714903098407504,0.0010446409165969506,0.0030205160295069255,0.009222687976606192,0.004413082963572457,0.004413082963572457,0.006769277453870792,0.010761078959326209,0.004672325716736925,0.00362768480013953,0.008566911189755722,0.010761078959326209,0.017829662430222104,0.004850555109537247,0.003903130225376472,0.002704995356184625,0.0014659223747139905,0.004194778322686332,0.004048954274031402,0.0020492185693341547,0.0032149480943801656,0.0030205160295069255,0.0030205160295069255,0.002575373979602613,0.004704731060882317,0.008453492485246183,0.00421098099475925,0.004413070979347289,0.00391933289744939,0.003660090144284922,0.002413347258874765,0.0030367187015798436,0.0028422866367066035,0.0033931774871809317,0.0029557053412161416,0.0030691240457252356,0.0032311507664530836,0.002721198028257543,0.002542968635456777,0.002364739242656455,0.002575373979602613,0.002607779323748005,0.002769806044475853,0.002251320538146917,0.002364739242656455,0.002186509849856133,0.002364739242656455,0.002073091145346595,0.0020568764890489533,0.0020568764890489533,0.0020568764890489533,0.0017413677999513766,0.0019844078810429266,0.002413347258874765,0.002332333898511063,0.002235117866074443,0.00284227465248188,0.002364739242656455,0.002461955275093075,0.002202712521928607,0.002332333898511063,0.0019844078810429266,0.002154104505710297,0.0020168132251883186,0.002656387339966315
-0.001230540213337683,0.0,0.0,0.0,0.0,0.0,0.0,0.0,0.0,0.0,0.0,0.0,0.0,0.0,0.0,-0.00029931800124982644,0.0,0.0,0.0,0.0,0.0,0.0,0.0,0.0,0.0,0.0,0.0,0.0,0.0,0.0,0.0,0.0,0.0,0.0,0.0,0.0,0.0,0.0,0.0,0.0,0.0,0.0,0.0,0.0,0.0,0.0,0.0,0.0,0.0,0.0,0.0,0.0,0.0,0.0,0.0,0.0,0.0,0.0,0.0,0.0,0.0,0.0,0.0,0.0,0.0,0.0,0.0,0.0,0.0,0.0,0.0,0.0,0.0,0.0,0.0,0.0,0.0,0.0,0.0
0.0012566370614357503,0.0010828753876879205,0.0011300133389822165,0.000762337318886086,0.0006357135964329963,0.0007717649091447676,0.0009697443045815213,0.0007717649091447676,0.002979291094644232,0.00500769306522475,0.0014169060958364454,0.002094395102392621,0.001284919832212239,0.001092302977946602,0.0009603167143223956,0.0022964331553305684,0.0024189982202824645,0.013022959995869776,0.0017509368039849704,0.000809475270180382,0.0020189743803218363,0.010575679004810823,0.006320895668213478,0.005205672460661059,0.0023018020880880563,0.0016755160819141857,0.0013132026029887278,0.0008377580409573149,0.0011434995867425357,0.0009885994850993285,0.0013414853737656607,0.002885015192055196,0.0015394647692019703,0.0009414615338045884,0.0008754684019924852,0.0007529097286274045,0.0008471856312159964,0.0007434821383682788,0.0008848959922516109,0.0012283542906588174,0.0016283781306198897,0.0014546164568720599,0.0014357612763542527,0.0013509129640243422,0.0009414615338045884,0.001666088491655504,0.0014923268179076743,0.0014546164568720599,0.0016378057208785712,0.0016378057208785712,0.001520609588684163,0.001807502345538392,0.0017792195747619033,0.0018169299357975177,0.0015488923594606518,0.0015300371789432887,0.001567747539978459,0.0016000953598429568,0.0016472333111376969,0.0016943712624319929,0.0015906677695842752,0.0015812337877387783,0.0014451888666133783,0.0015812337877387783,0.0015111819984254815,0.0012660646516944318,0.0013980509153186382,0.0016943712624319929,0.0016755160819141857,0.001567747539978459,0.0015300371789432887,0.0015812401793255937,0.0015812401793255937,0.001666088491655504,0.0015812337877387783,0.001426333686095571,0.0015017544081663559,0.001618950540360764,0.001520609588684163
0.0,0.0,0.0,0.0,-0.005888530399974723,-0.004739661880474699,-0.004711379109697766,-0.002890384124812684,0.0,0.0,-0.00047138590453021934,0.0,-9.427590258859198e-05,-0.0007959890224200628,-0.0005131549230670274,0.0,0.0,0.0,0.0,-0.0021886773965680284,-0.0005225889049125243,0.0,0.0,0.0,0.0,0.0,-0.0005131613146538427,-0.000433675543495049,0.0,0.0,0.0,0.0,0.0,0.0,-0.0002356961480582953,-0.0003205444603882057,0.0,-0.0001697030162461921,0.0,0.0,0.0,0.0,0.0,0.0,0.0,0.0,0.0,0.0,0.0,0.0,0.0,0.0,0.0,0.0,0.0,0.0,0.0,0.0,0.0,0.0,0.0,0.0,0.0,0.0,0.0,0.0,0.0,0.0,0.0,0.0,0.0,0.0,0.0,0.0,0.0,0.0,0.0,0.0,0.0
0.0029001824270955545,0.0015339807878853584,0.0004314320965927987,0.000647148144889087,0.0009827064422389675,0.001989381334288609,0.000671116594699761,0.000623179695078413,0.0007669903939426792,0.0003834951969714506,0.0007190534943213311,0.0007430219441320052,0.0005033374460248208,0.00040746364678212466,0.00047936899621414675,0.0005752427954570649,0.00047936899621414675,0.0005992112452677389,0.0005033374460248208,0.0007669903939426792,0.000647148144889087,0.0005992112452677389,0.0004554005464034727,0.0004554005464034727,0.0006950850445106571,0.0006950850445106571,0.0007190534943213311,0.000671116594699761,0.0009827064422389675,0.0018216021856136688,0.0014381069886424402,0.00047936899621414675,0.0011504855909139078,0.0017257283863709727,0.0015100123380746844,0.0013901700890210922,0.0011025486912925597,0.0011504855909139078,0.0005992112452677389,0.0005273058958357169,0.0005273058958357169,0.0007669903939426792,0.0007430219441320052,0.00047936899621414675,0.0007430219441320052,0.0004554005464034727,0.0006950850445106571,0.0005752427954570649,0.00040746364678212466,0.0004314320965927987,0.0004554005464034727,0.00047936899621414675,0.0004554005464034727,0.0004554005464034727,0.0005033374460248208,0.0007190534943213311,0.00040746364678212466,0.00047936899621414675,0.00047936899621414675,0.0005992112452677389,0.0006950850445106571,0.0005033374460248208,0.0008628641931855974,0.0005752427954570649,0.0005992112452677389,0.0008628641931855974,0.0006950850445106571,0.0005752427954570649,0.0005752427954570649,0.0004314320965927987,0.0005992112452677389,0.000671116594699761,0.0004314320965927987,0.0005752427954570649,0.00047936899621414675,0.0005033374460248208,0.0005512743456463909,0.00047936899621414675,0.000623179695078413
0.0,0.0,-0.0002636529479176364,0.0,-0.0011744540407245818,-2.396844981067403e-05,-0.001270327839967278,-0.0037151097206593597,-0.005297027408166066,-0.007310377192265349,-0.0022290658323955714,-0.0022770027320171415,-0.004482100114602039,-0.002085255133531305,-0.0016298545871280545,-0.002540655679934778,-0.004745753062519897,-0.017472999912004905,-0.00532099585797674,-0.0010546117916709896,-0.0060879862519194194,-0.014021543139263182,-0.008796421080529138,-0.005057342910059104,-0.0034274883229310493,-0.0048416268617625935,-0.009347695426175529,-0.000623179695078413,0.0,0.0,0.0,-0.002732403278420392,-0.0005033374460248208,0.0,0.0,0.0,0.0,0.0,-0.0003834951969712286,-0.0023249396316384896,-0.001941444434667261,-0.0017496968361814247,-0.0015339807878851364,-0.0011744540407245818,-0.00047936899621414675,-0.0014620754384531143,-0.0013901700890208701,-0.0013901700890208701,-0.0016538230369387286,-0.0016777914867494026,-0.0013901700890208701,-0.001270327839967278,-0.0011265171411032338,-0.001270327839967278,-0.0009827064422389675,-0.0011025486912923377,-0.0011265171411032338,-0.0010066748920496416,-0.0011265171411032338,-0.0010546117916709896,-0.0009108010928067234,-0.0011025486912923377,-0.0007190534943211091,-0.0011265171411032338,-0.0010306433418603156,-0.00043143209659257664,-0.0010546117916709896,-0.0011744540407245818,-0.0011265171411032338,-0.0010066748920496416,-0.001270327839967278,-0.0010546117916709896,-0.0012223909403459299,-0.0011744540407245818,-0.0010546117916709896,-0.001318264739588848,-0.0010546117916709896,-0.0011984224905352558,-0.001342233189399522
0.0004660169717729534,0.0014451888666131563,0.0012189267004001358,0.0013697681445421495,0.008292732097240574,0.00805297729168064,0.012641791336426733,0.0073701257439535706,0.007568105139390102,0.00595858218928802,0.00828330450698167,0.003026429045938528,0.009445659274241791,0.007436118875765674,0.007511539597836681,0.019539029152995102,0.009455093256087288,0.046107531658060585,0.01575713374378296,0.018682415931520202,0.02793546474308317,0.07373724846377194,0.029978656845093488,0.03643560382601918,0.0909515552990734,0.09016093520941082,0.11702831469623587,0.030829907525397493,0.04941398250524087,0.01651796264822747,0.021910883030396455,0.020287873832534276,0.021459662581639893,0.013653311051131434,0.013051242766646265,0.016333469500551256,0.01721430683530145,0.013004104815351969,0.020376787193951973,0.02267858928204003,0.01575713374378296,0.013738159363461344,0.011234312830849191,0.011196602469813577,0.007671808632237598,0.008828800858326824,0.007977556569609634,0.009026786645349949,0.007958701389091827,0.009987103359672345,0.010919137303218251,0.00973792096385373,0.011051123566842458,0.009803914095665833,0.011483488835081213,0.009634217471006012,0.00959650710997062,0.008673900756683617,0.00873989388849572,0.00925304881156297,0.009958820588895856,0.007539822368613391,0.010909709712959348,0.009643645061264916,0.007930418618315338,0.007417263695248089,0.007417263695248089,0.01056625141455192,0.011309733552920198,0.010175655164849973,0.010862571761665052,0.01034941683859758,0.011338016323696687,0.009417376503465302,0.008594414985524601,0.007411894762490379,0.008166108374787262,0.00882474220082563,0.009455093256087288
-0.0009845408275979128,0.0,-7.13620645698132e-05,0.0,0.0,0.0,0.0,-0.00038653759220053097,0.0,-0.00022626855779961375,-5.2506884052005987e-05,-0.0001373551963819164,0.0,0.0,0.0,0.0,0.0,0.0,0.0,0.0,0.0,0.0,0.0,0.0,0.0,0.0,0.0,0.0,0.0,0.0,0.0,0.0,0.0,0.0,0.0,0.0,0.0,0.0,0.0,0.0,0.0,0.0,0.0,0.0,0.0,0.0,0.0,0.0,0.0,0.0,0.0,0.0,0.0,0.0,0.0,0.0,0.0,0.0,0.0,0.0,0.0,0.0,0.0,0.0,0.0,0.0,0.0,0.0,0.0,0.0,0.0,0.0,0.0,0.0,0.0,0.0,0.0,0.0,0.0
5.409999847412109,5.520000457763672,4.810001373291016,3.3499984741210938,35.28000020980835,29.109999656677246,37.48999834060669,36.150002002716064,37.980000495910645,32.15000057220459,27.059999465942383,21.220001220703125,36.179999351501465,25.73999786376953,29.06999969482422,28.379998207092285,35.2300009727478,33.720001220703125,24.079999923706055,25.339998245239258,28.429999351501465,27.71000099182129,28.019999504089355,24.54000186920166,16.029998779296875,20.599998474121094,27.51000213623047,21.950000762939453,13.989999771118164,11.569997787475586,10.379999160766602,18.829999923706055,8.830001831054688,12.05000114440918,16.089998245239258,13.530000686645508,14.44000244140625,18.10999870300293,17.360000610351562,21.650001525878906,19.3700008392334,19.030000686645508,21.060001373291016,21.259998321533203,20.030000686645508,21.010000228881836,23.05000114440918,22.510000228881836,20.81999969482422,19.840002059936523,20.48999786376953,21.71000099182129,20.360000610351562,22.06999969482422,20.56999969482422,19.219999313354492,17.969999313354492,21.05999755859375,21.8799991607666,22.229997634887695,22.44999885559082,20.600000381469727,18.979999542236328,21.560001373291016,21.190000534057617,22.869998931884766,23.290000915527344,22.959999084472656,19.80000114440918,20.78999900817871,21.220001220703125,19.280000686645508,23.059999465942383,21.599998474121094,21.94999885559082,22.05000114440918,21.84000015258789,18.809999465942383,21.399999618530273
-9.5,-6.609996795654297,-2.2399978637695312,-3.950000762939453,-2.799999237060547,-22.200000762939453,0.0,-2.779998779296875,-2.3100013732910156,-0.5200004577636719,-1.2299995422363281,-5.079998016357422,-1.2600021362304688,0.0,-1.25,0.0,-2.979999542236328,-0.5699996948242188,0.0,-1.25,0.0,-1.5,-1.0200004577636719,-3.279998779296875,-3.7800025939941406,-2.8500022888183594,0.0,0.0,-1.5400009155273438,-2.0,-3.2900009155273438,-1.5300025939941406,-6.840000152587891,-0.80999755859375,-0.5300025939941406,-1.2099990844726562,-0.9499969482421875,-3.5300025939941406,-1.2299995422363281,0.0,-2.80999755859375,-2.529998779296875,-2.3699989318847656,-1.4200019836425781,-1.2299995422363281,-1.6199989318847656,-3.8499984741210938,-2.549999237060547,-3.3700027465820312,-4.659999847412109,-1.2300033569335938,-1.8800010681152344,-0.8499984741210938,-0.3699989318847656,-2.3199996948242188,-1.7900009155273438,-1.4000015258789062,-1.8700027465820312,-2.8899993896484375,-1.8800010681152344,-1.1200027465820312,-2.8600006103515625,-3.0699996948242188,-3.479999542236328,-1.7999992370605469,-0.6100006103515625,-1.6599998474121094,-1.5200004577636719,-4.209999084472656,-3.170001983642578,-3.4699974060058594,-2.6699981689453125,-1.3800010681152344,-0.8600006103515625,-2.69000244140625,-0.7399978637695312,-2.020000457763672,-3.920001983642578,-3.2600021362304688
5.1699981689453125,4.19000244140625,3.779998779296875,1.4899978637695312,7.1300048828125,4.349998474121094,7.470001220703125,7.549995422363281,11.69000244140625,13.69000244140625,6.730003356933594,20.269996643066406,6.0500030517578125,6.310005187988281,2.1399993896484375,6.900001525878906,3.1299972534179688,14.209999084472656,5.129997253417969,0.6800003051757812,5.590003967285156,5.540000915527344,14.830001831054688,21.459999084472656,15.599998474121094,13.310005187988281,10.839996337890625,25.849998474121094,27.25,32.24000549316406,30.06000518798828,32.82000732421875,33.55000305175781,33.029998779296875,33.25,30.919998168945312,30.779998779296875,23.75,28.610000610351562,26.670005798339844,22.73999786376953,24.87999725341797,26.029998779296875,24.830001831054688,15.139999389648438,26.920005798339844,25.18000030517578,25.080001831054688,21.5,22.25,27.139999389648438,18.639999389648438,25.98999786376953,25.93999481201172,28.29999542236328,24.790000915527344,24.849998474121094,22.87999725341797,23.56000518798828,23.770004272460938,22.44000244140625,22.020004272460938,29.04999542236328,24.150001525878906,22.529998779296875,24.68999481201172,26.25,24.660003662109375,25.029998779296875,20.540000915527344,18.06999969482422,25.019996643066406,22.37000274658203,23.0,19.520004272460938,20.709999084472656,21.330001831054688,21.110000610351562,20.360000610351562
-2.19000244140625,-3.5299911499023438,-4.0,-3.8899993896484375,-20.169998168945312,-27.269996643066406,-13.589996337890625,-14.660003662109375,-10.949996948242188,-8.05999755859375,-0.8899993896484375,-3.3700027465820312,-19.01000213623047,-13.029991149902344,-23.970008850097656,-19.069992065429688,-21.610000610351562,-16.99999237060547,-21.980003356933594,-28.009994506835938,-20.980003356933594,-21.540008544921875,-3.8899993896484375,0.0,-8.69000244140625,-4.760002136230469,-12.860000610351562,-0.8799972534179688,-2.5699996948242188,0.0,-5.079994201660156,0.0,0.0,0.0,0.0,-2.19000244140625,-2.1300048828125,0.0,-0.43000030517578125,-1.1099929809570312,-0.42000579833984375,-0.15000152587890625,-3.2300033569335938,-0.470001220703125,-3.2899932861328125,0.0,-1.5,-1.4599990844726562,-3.7299957275390625,-2.1699981689453125,-0.9099960327148438,-4.75,-1.279998779296875,-0.350006103515625,-3.0400009155273438,-0.6500015258789062,-1.3899993896484375,-2.19000244140625,-0.339996337890625,-0.1399993896484375,-1.7099990844726562,-0.5800018310546875,-0.04000091552734375,-1.0200042724609375,-2.160003662109375,-2.19000244140625,0.0,-3.25,-2.160003662109375,-3.0200042724609375,-3.9500045776367188,-0.37000274658203125,-3.1199951171875,-0.15999603271484375,-3.9799957275390625,-2.1100006103515625,-3.6500015258789062,-0.410003662109375,-3.5999984741210938
1.1100006103515625,3.9199981689453125,5.760002136230469,3.7299957275390625,3.8000030517578125,5.680000305175781,6.069999694824219,6.720001220703125,9.879997253417969,10.209999084472656,7.9199981689453125,10.1300048828125,8.129997253417969,8.269996643066406,5.540000915527344,8.680000305175781,8.450004577636719,8.340003967285156,6.160003662109375,6.6399993896484375,9.279998779296875,9.529998779296875,8.879997253417969,10.19000244140625,8.310005187988281,6.5200042724609375,6.900001525878906,7.9199981689453125,12.530006408691406,9.639999389648438,10.830001831054688,11.459999084472656,11.379997253417969,11.649993896484375,11.0,9.550003051757812,11.0,11.05999755859375,10.010002136230469,12.449996948242188,9.080001831054688,10.19000244140625,10.80999755859375,12.169998168945312,10.790000915527344,10.790000915527344,10.120002746582031,11.139999389648438,12.520004272460938,10.199996948242188,8.989997863769531,10.159996032714844,11.329994201660156,9.620002746582031,11.019996643066406,12.759994506835938,11.680000305175781,10.180000305175781,11.540000915527344,10.669998168945312,10.019996643066406,10.230003356933594,11.529998779296875,10.659996032714844,12.139999389648438,9.970001220703125,11.1300048828125,11.549995422363281,10.1199951171875,11.360000610351562,11.44000244140625,9.849998474121094,10.860000610351562,12.029998779296875,9.830001831054688,10.069999694824219,10.849998474121094,10.980003356933594,10.129997253417969
-2.1800003051757812,0.0,0.0,0.0,-2.6100006103515625,-4.0,0.0,0.0,0.0,0.0,0.0,0.0,0.0,0.0,0.0,0.0,0.0,0.0,-0.04999542236328125,-0.3800048828125,0.0,0.0,0.0,0.0,0.0,0.0,0.0,0.0,0.0,0.0,0.0,0.0,0.0,0.0,0.0,0.0,0.0,0.0,0.0,0.0,0.0,0.0,0.0,0.0,0.0,0.0,0.0,0.0,0.0,0.0,0.0,0.0,0.0,0.0,0.0,0.0,0.0,0.0,0.0,0.0,0.0,0.0,0.0,0.0,0.0,0.0,0.0,0.0,0.0,0.0,0.0,0.0,0.0,0.0,0.0,0.0,0.0,0.0,0.0
0.10500000044703484,0.5599999949336052,0.4450000002980232,0.28700000047683716,4.1510002091526985,5.3379999697208405,3.8479999229311943,4.077000021934509,3.900999993085861,3.7300001233816147,1.350000038743019,0.29100000113248825,4.208000153303146,3.709000051021576,4.664000153541565,3.603000044822693,4.196999952197075,4.399999842047691,4.5160002410411835,5.114999890327454,4.129999995231628,3.8049999587237835,1.5069999620318413,0.3669999986886978,2.3879999816417694,1.761999949812889,2.6250000298023224,0.2670000120997429,0.6289999708533287,0.020000003278255463,0.0,0.0,0.07500000298023224,0.023999996483325958,0.0,0.07900000363588333,0.0,0.0130000039935112,0.0,0.34800000488758087,0.023000001907348633,0.013999998569488525,0.0,0.0,0.0,0.13699999917298555,0.09700000286102295,0.04099999740719795,0.1450000051409006,0.04700000211596489,0.21799999475479126,0.005000002682209015,0.0859999991953373,0.0430000014603138,0.050999999046325684,0.08900000341236591,0.12800000607967377,0.05300000309944153,0.09100000187754631,0.0,0.10899999737739563,0.08500000275671482,0.049000002443790436,0.12600000109523535,0.10800000093877316,0.07799999788403511,0.041999999433755875,0.036000000312924385,0.06199999898672104,0.142000000923872,0.18300000205636024,0.2510000094771385,0.06799999717622995,0.061000002548098564,0.18300000578165054,0.10500000219326466,0.1550000011920929,0.07000000216066837,0.05700000375509262
-0.8129999861121178,0.0,-0.1290000006556511,-0.12000000476837158,-0.11400000005960464,0.0,-0.12599999457597733,-0.12000000476837158,-0.041999995708465576,-0.2719999998807907,-0.10000000894069672,-1.8600000515580177,-0.06299999356269836,-0.050999999046325684,-0.03800000250339508,-0.02000001072883606,-0.006000012159347534,-0.5899999886751175,-0.018999993801116943,0.0,0.0,-0.08900000527501106,-0.5230000093579292,-1.05799999833107,-1.1580000221729279,-0.8119999915361404,-0.3009999990463257,-2.0749999582767487,-3.3459999337792397,-3.834999993443489,-3.957999885082245,-3.609000075608492,-3.7519999593496323,-3.8739999681711197,-3.848999932408333,-3.538000002503395,-3.4959999173879623,-2.087000034749508,-2.932000018656254,-3.1149999797344208,-2.112000033259392,-2.2169999182224274,-2.6069998890161514,-2.5280001014471054,-1.4450000524520874,-2.042000025510788,-2.2080000191926956,-2.550999939441681,-1.9510000348091125,-2.1970000937581062,-2.2639999985694885,-2.290000081062317,-2.47900003939867,-2.486999951303005,-2.7950001135468483,-2.420999988913536,-2.559999957680702,-2.280999928712845,-2.130999945104122,-2.436999887228012,-2.5590000599622726,-2.065000042319298,-2.4810000136494637,-2.2960000336170197,-1.9769999533891678,-2.1260000094771385,-1.9749998897314072,-2.925999987870455,-2.5500001087784767,-2.355999879539013,-2.2280000671744347,-2.473999984562397,-2.170999951660633,-2.039000079035759,-1.9990000575780869,-1.8599999845027924,-2.141000010073185,-1.8979999646544456,-2.12099988758564
0.6490000486373901,0.5840000212192535,0.5269999802112579,0.5880000293254852,4.006999999284744,2.6580000817775726,4.4270002245903015,4.301999926567078,4.649000197649002,4.476999819278717,3.7529998123645782,4.120000123977661,4.549000024795532,1.8930000960826874,2.7509998977184296,3.607999950647354,4.049000084400177,3.9459999203681946,3.06400004029274,2.83800008893013,3.7900001406669617,3.4200000762939453,4.25399985909462,4.020000159740448,3.083000034093857,3.511000007390976,3.315999925136566,3.648999899625778,3.2679999470710754,3.692999839782715,3.313000053167343,3.9320001304149628,3.8680002093315125,3.540000021457672,4.0660001039505005,3.904000163078308,3.832999974489212,3.794000118970871,4.128999769687653,3.6569999158382416,4.067000061273575,4.251000165939331,4.474000155925751,4.509000152349472,3.6660001277923584,4.089999943971634,4.1869999170303345,4.408000230789185,4.228000074625015,4.194000035524368,4.051999777555466,3.8660002052783966,3.8510000705718994,4.269999802112579,4.0879998207092285,4.000999867916107,4.247000217437744,3.897000163793564,4.216999858617783,3.8840001821517944,4.221000045537949,4.202999860048294,4.057999819517136,4.614000231027603,4.264999866485596,3.979999989271164,4.090999782085419,4.138000011444092,3.98100009560585,3.9079997837543488,4.21099990606308,3.994000166654587,4.412999898195267,4.085999846458435,4.088999807834625,4.231000125408173,3.9879998862743378,4.008999824523926,4.391999930143356
-1.531000018119812,-0.8900000154972076,-0.18699999153614044,-0.25200001895427704,-1.104999989271164,-4.679000049829483,0.0,-0.12599998712539673,-0.2239999920129776,-0.018000006675720215,0.0,-0.48499999195337296,-0.12999999523162842,0.0,-1.1680000126361847,-0.13599999248981476,-0.15200001001358032,-0.01199999451637268,-0.1979999989271164,-1.636000007390976,-1.0379999876022339,-0.9750000238418579,0.0,-0.04300001263618469,-0.4909999966621399,-0.22599999606609344,-0.7880000174045563,0.0,-0.0559999942779541,-0.1289999932050705,-0.06099998950958252,-0.09799998998641968,-0.06299999356269836,0.0,-0.08300000429153442,-0.10500001907348633,-0.1990000158548355,-0.2460000067949295,-0.14000001549720764,-0.08799999952316284,-0.07000000774860382,-0.12999998033046722,0.0,0.0,-0.06400001049041748,-0.17800000309944153,-0.2590000107884407,-0.22599999606609344,-0.15999998152256012,-0.23599998652935028,-0.24500000476837158,-0.18400001525878906,-0.20599998533725739,-0.16699999570846558,-0.1509999930858612,-0.2919999957084656,-0.08899998664855957,-0.14699998497962952,-0.1599999964237213,-0.17600001394748688,-0.23000001162290573,-0.08300000429153442,-0.22599999606609344,-0.164000004529953,-0.1720000058412552,-0.2839999869465828,-0.25599999725818634,-0.19999998807907104,-0.13700000941753387,-0.08900001645088196,-0.164000004529953,-0.21899999678134918,-0.1300000250339508,-0.17299999296665192,-0.17100000381469727,-0.18699999153614044,-0.1720000058412552,-0.21700000762939453,-0.25
0.03299999237060547,0.15400004386901855,0.01399993896484375,0.056999921798706055,0.0,0.0,0.0,0.0,0.0,0.0,0.0,0.0,0.0,0.0,0.0,0.0,0.0,0.0,0.0,0.0,0.0,0.0,0.0,0.0,0.0,0.0,0.0,0.0,0.0,0.0,0.0,0.0,0.0,0.0,0.0,0.0,0.0,0.0,0.0,0.0,0.0,0.0,0.0,0.0,0.0,0.0,0.0,0.0,0.0,0.0,0.0,0.0,0.0,0.0,0.0,0.0,0.0,0.0,0.0,0.0,0.0,0.0,0.013000011444091797,0.0,0.013000011444091797,0.0,0.0,0.0,0.0,0.0,0.0,0.0,0.0,0.0,0.0,0.0,0.0,0.0,0.0
-0.2800000309944153,-0.17299997806549072,-0.18199998140335083,-0.2040000557899475,-0.42899996042251587,-0.4919999837875366,-0.46700000762939453,-0.5030000805854797,-0.421999990940094,-0.3799999952316284,-0.37599998712539673,-0.4139999747276306,-0.4390000104904175,-0.45499998331069946,-0.4339999556541443,-0.4620000123977661,-0.453000009059906,-0.5419999361038208,-0.4769999384880066,-0.4190000295639038,-0.5020000338554382,-0.43999993801116943,-0.43300002813339233,-0.45799994468688965,-0.356999933719635,-0.362000048160553,-0.5420000553131104,-0.4960000514984131,-0.3760000467300415,-0.3889999985694885,-0.36500006914138794,-0.4139999747276306,-0.39399993419647217,-0.35199999809265137,-0.3450000286102295,-0.3669999837875366,-0.45399999618530273,-0.3850000500679016,-0.38999998569488525,-0.3940000534057617,-0.359000027179718,-0.42399996519088745,-0.4020000100135803,-0.39699995517730713,-0.36500006914138794,-0.33799993991851807,-0.4020000696182251,-0.44599997997283936,-0.3190000057220459,-0.39100003242492676,-0.3060000538825989,-0.4240000247955322,-0.4169999361038208,-0.4360000491142273,-0.3930000066757202,-0.41300004720687866,-0.39900004863739014,-0.3140000104904175,-0.390999972820282,-0.44899994134902954,-0.37199997901916504,-0.3449999690055847,-0.36400002241134644,-0.3449999690055847,-0.3219999670982361,-0.37599998712539673,-0.41300004720687866,-0.41499996185302734,-0.34200000762939453,-0.33799993991851807,-0.33799999952316284,-0.3479999303817749,-0.4399999976158142,-0.36399996280670166,-0.4089999794960022,-0.437999963760376,-0.4240000247955322,-0.37000006437301636,-0.41200006008148193
0.0489,0.0657,0.025799999999999997,0.024599999999999997,0.06689999999999999,0.0768,0.1065,0.10469999999999999,0.0876,0.09209999999999999,0.06659999999999999,0.0933,0.1026,0.08009999999999999,0.0654,0.08099999999999999,0.0894,0.10859999999999999,0.0759,0.0822,0.055499999999999994,0.078,0.06599999999999999,0.11009999999999999,0.08789999999999999,0.0909,0.059699999999999996,0.13049999999999998,0.1608,0.12719999999999998,0.12359999999999999,0.1266,0.13349999999999998,0.09059999999999999,0.1326,0.11909999999999998,0.156,0.10169999999999998,0.12299999999999998,0.1326,0.07919999999999999,0.21119999999999997,0.1356,0.15269999999999997,0.10379999999999999,0.13169999999999998,0.15839999999999999,0.07469999999999999,0.1122,0.10169999999999998,0.13679999999999998,0.07559999999999999,0.0783,0.1533,0.1437,0.1656,0.0789,0.09749999999999999,0.1278,0.0789,0.10229999999999999,0.0987,0.15119999999999997,0.08879999999999999,0.10079999999999999,0.1083,0.0765,0.102,0.08819999999999999,0.16019999999999998,0.0972,0.1371,0.1386,0.11249999999999999,0.0642,0.12029999999999999,0.10409999999999998,0.1035,0.060899999999999996
-0.08639999999999999,-0.06899999999999999,-0.0978,-0.020999999999999998,-0.0294,-0.042899999999999994,-0.0411,-0.055499999999999994,-0.0474,-0.0474,-0.027599999999999996,-0.023999999999999997,-0.047099999999999996,-0.044399999999999995,-0.0462,-0.0351,-0.045,-0.0639,-0.011399999999999999,-0.019799999999999998,-0.045599999999999995,-0.0717,-0.04529999999999999,-0.08879999999999999,-0.1185,-0.09179999999999999,-0.15389999999999998,-0.06839999999999999,-0.11009999999999999,-0.11309999999999999,-0.0978,-0.0663,-0.0957,-0.12299999999999998,-0.1011,-0.10709999999999999,-0.0642,-0.062099999999999995,-0.0876,-0.12359999999999999,-0.102,-0.0537,-0.053099999999999994,-0.05669999999999999,-0.058199999999999995,-0.0633,-0.0915,-0.10949999999999999,-0.0576,-0.08489999999999999,-0.028199999999999996,-0.09449999999999999,-0.07919999999999999,-0.05789999999999999,-0.051,-0.06449999999999999,-0.11639999999999999,-0.0717,-0.055799999999999995,-0.0768,-0.063,-0.053099999999999994,-0.047099999999999996,-0.0768,-0.0648,-0.05039999999999999,-0.0648,-0.053399999999999996,-0.0939,-0.06599999999999999,-0.09509999999999999,-0.0423,-0.05159999999999999,-0.0783,-0.09209999999999999,-0.045599999999999995,-0.0639,-0.06359999999999999,-0.09269999999999999
0.08819999999999999,0.10679999999999999,0.0447,0.055499999999999994,0.18389999999999998,0.15539999999999998,0.15539999999999998,0.11969999999999999,0.1437,0.10859999999999999,0.09659999999999999,0.10679999999999999,0.1362,0.14009999999999997,0.15209999999999999,0.15839999999999999,0.12119999999999999,0.1722,0.14759999999999998,0.18239999999999998,0.1392,0.20249999999999999,0.09,0.11189999999999999,0.1566,0.15119999999999997,0.23429999999999998,0.10469999999999999,0.22649999999999998,0.10439999999999999,0.11009999999999999,0.11279999999999998,0.12149999999999998,0.13799999999999998,0.1089,0.12449999999999999,0.1356,0.0813,0.1323,0.11789999999999999,0.11639999999999999,0.12689999999999999,0.1146,0.12149999999999998,0.10169999999999998,0.09749999999999999,0.11489999999999999,0.11549999999999999,0.11159999999999999,0.11249999999999999,0.11489999999999999,0.10709999999999999,0.105,0.09809999999999999,0.12149999999999998,0.1122,0.13379999999999997,0.09029999999999999,0.1359,0.09659999999999999,0.09749999999999999,0.1011,0.1059,0.10409999999999998,0.09989999999999999,0.0972,0.09989999999999999,0.10769999999999999,0.1083,0.10769999999999999,0.11189999999999999,0.1314,0.1278,0.0978,0.10169999999999998,0.12149999999999998,0.0963,0.1035,0.1026
-0.058499999999999996,-0.0474,-0.017699999999999997,-0.016499999999999997,-0.10769999999999999,-0.056999999999999995,-0.09359999999999999,-0.12179999999999999,-0.09749999999999999,-0.06899999999999999,-0.0231,-0.029099999999999997,-0.1122,-0.0987,-0.06509999999999999,-0.062099999999999995,-0.0972,-0.12449999999999999,-0.11699999999999999,-0.0978,-0.0933,-0.12449999999999999,-0.048299999999999996,-0.0573,-0.0435,-0.0687,-0.1275,-0.10049999999999999,-0.1404,-0.1083,-0.09,-0.0693,-0.11309999999999999,-0.10049999999999999,-0.14159999999999998,-0.0891,-0.0804,-0.052199999999999996,-0.09419999999999999,-0.06839999999999999,-0.0438,-0.032999999999999995,-0.05279999999999999,-0.06689999999999999,-0.029099999999999997,-0.05519999999999999,-0.06359999999999999,-0.047099999999999996,-0.0375,-0.047999999999999994,-0.050699999999999995,-0.0654,-0.07229999999999999,-0.0624,-0.0681,-0.059399999999999994,-0.026099999999999998,-0.06509999999999999,-0.0363,-0.050699999999999995,-0.054299999999999994,-0.048299999999999996,-0.07139999999999999,-0.0612,-0.05039999999999999,-0.0501,-0.046799999999999994,-0.05909999999999999,-0.059399999999999994,-0.0633,-0.058199999999999995,-0.047099999999999996,-0.056999999999999995,-0.078,-0.046799999999999994,-0.032999999999999995,-0.0639,-0.0486,-0.047099999999999996
32.0,32.0,32.0,32.0,32.0,32.0,32.0,32.0,32.0,32.0,32.0,32.0,32.0,32.0,32.0,32.0,32.0,32.0,32.0,32.0,32.0,32.0,32.0,32.0,32.0,32.0,32.0,32.0,32.0,32.0,32.0,32.0,32.0,32.0,32.0,32.0,32.0,32.0,32.0,32.0,32.0,32.0,32.0,32.0,32.0,32.0,32.0,32.0,32.0,32.0,32.0,32.0,32.0,32.0,32.0,32.0,32.0,32.0,32.0,32.0,32.0,32.0,32.0,32.0,32.0,32.0,32.0,32.0,32.0,32.0,32.0,32.0,32.0,32.0,32.0,32.0,32.0,32.0,32.0
3.0,3.0,3.0,3.0,15.0,12.0,15.0,15.0,15.0,15.0,15.0,15.0,15.0,15.0,15.0,15.0,15.0,15.0,15.0,15.0,15.0,15.0,15.0,15.0,15.0,15.0,15.0,15.0,15.0,15.0,15.0,15.0,15.0,15.0,15.0,15.0,15.0,15.0,15.0,15.0,15.0,15.0,15.0,15.0,15.0,14.0,13.0,12.0,12.0,14.0,12.0,13.0,12.0,12.0,12.0,11.0,11.0,12.0,10.0,11.0,12.0,10.0,11.0,11.0,11.0,11.0,11.0,12.0,11.0,10.0,12.0,10.0,11.0,12.0,11.0,12.0,11.0,11.0,12.0
1.0,0.0,0.0,0.0,0.0,0.0,0.0,0.0,0.0,0.0,0.0,0.0,0.0,0.0,0.0,0.0,0.0,0.0,0.0,0.0,0.0,0.0,0.0,0.0,0.0,0.0,1.0,0.0,0.0,0.0,0.0,0.0,0.0,0.0,0.0,0.0,0.0,0.0,0.0,0.0,0.0,0.0,0.0,0.0,0.0,0.0,0.0,0.0,0.0,0.0,0.0,0.0,0.0,0.0,0.0,0.0,0.0,0.0,0.0,0.0,0.0,0.0,0.0,0.0,0.0,0.0,0.0,0.0,0.0,0.0,0.0,0.0,0.0,0.0,0.0,0.0,0.0,0.0,0.0
0.0004453652583443213,0.0,5.7898300101763556e-05,0.0,1.682285661058769e-05,0.0,1.9624112511565373e-05,0.0002028869903591135,0.0,0.00018671085338094195,9.52225327788131e-05,0.000326598747556861,0.0,0.0,0.0,0.0,2.3295200226175483e-05,0.0,0.0,0.0,0.0,0.0,0.0,0.0,0.0,0.0,0.0,0.0,0.0,0.0,0.0,0.0,0.0,0.0,0.0,0.0,0.0,0.0,0.0,0.0,0.0,0.0,0.0,0.0,0.0,0.0,0.0,0.0,2.842775708139511e-06,0.0,8.954019329696083e-06,0.0,0.0,1.675987224930564e-05,0.0,9.980693880473623e-06,8.318028153070367e-06,0.0,1.9956332877463234e-06,5.0040095417314134e-06,1.7915369017462712e-06,1.9956332877463234e-06,0.0,6.837259436315302e-06,4.071167483687965e-06,3.819453686201846e-06,0.0,0.0,4.973213699493995e-06,1.5041419633585185e-05,1.8616389943632017e-06,0.0,5.444545530877698e-06,5.833618589162759e-07,0.0,0.0,0.0,0.0,6.436882337312877e-06
-7.955241240255317e-05,-0.00046704915808382097,-0.0004153209834463073,-0.0003565044439302334,-0.0019651473992591123,-0.002656589797755196,-0.0026662826724069,-0.0017518317962500474,-0.0021154013474927874,-0.0013362136620123644,-0.001719880553883238,-0.0006292861501251412,-0.0026435646408281277,-0.0021434280085782104,-0.002377513183048685,-0.004613081303032576,-0.0026219715471959143,-0.009646478432139213,-0.0037569479201137457,-0.004527063922272201,-0.00586838836327952,-0.015513975394100751,-0.006181415627439332,-0.006927678102165574,-0.018242345270368027,-0.017973934476378836,-0.02370340229501605,-0.005519875439686031,-0.008805907057899964,-0.0022146544977659777,-0.0033358537287086903,-0.0032508048863056777,-0.0031880434099576527,-0.0015760904061807995,-0.0014993190426151604,-0.0021354933790207337,-0.0023576002664723456,-0.0018233888481187371,-0.0030239933417428866,-0.0035057813910953084,-0.002344993660530953,-0.0018647574573028847,-0.0012884085790103444,-0.001305679077013469,-0.0009213795135378372,-0.0009733625510443406,-0.0006753671212196416,-0.0009165144411539816,-0.0007721519909590357,-0.0011269870871001009,-0.0012695448396526643,-0.0010561763021819798,-0.0012554776111373123,-0.0010311173257861461,-0.0013585812600164227,-0.0010043912698823043,-0.0010273265447409141,-0.0008549774298160506,-0.0008683772811439727,-0.000986967143786946,-0.0010797336025193949,-0.0006985567494883077,-0.001199861466171001,-0.0010822570693838768,-0.0007903164699680776,-0.0007141350166233185,-0.0006577302307874539,-0.0010596758327380967,-0.001306521407809444,-0.0011487507423686705,-0.0013119420049235858,-0.0011529642050252253,-0.0013924650042624886,-0.0011002269208866822,-0.0009258115432508873,-0.0006970671843970905,-0.0007963267192618168,-0.0010005439581205339,-0.0010225378942119723
0.00024300557070056072,5.502090547970795e-05,4.816259139334145e-05,2.0959006751253284e-05,0.001144926073363195,0.0010798857945214513,0.0005761216495460686,0.00048268864784839494,6.948758413866107e-05,2.425727634913777e-05,0.00017524413780634074,2.403381615923017e-05,4.5887774749120425e-05,2.065786748728371e-05,2.7691958049413934e-05,4.925589601090241e-05,3.39893099906563e-05,4.700897514559044e-05,4.3709666960045634e-05,8.95739028583531e-05,3.057101516090732e-05,3.100711891274033e-05,4.3314471298572244e-07,1.2291565682609473e-05,4.400486973921147e-05,3.281929376774961e-05,6.776153280418917e-05,1.9704131301367944e-05,4.035893503795407e-05,8.183994664395788e-05,7.8737592510425e-06,3.2049131938882702e-06,1.666330858240972e-05,9.416410970020106e-06,7.823036161735963e-05,3.5916912989042427e-05,8.762137200130082e-05,4.190738451526066e-05,2.6802844864726172e-05,1.8656971718100657e-05,2.0146060453196668e-05,7.654225025122141e-05,8.327165664379077e-05,2.078763430801711e-05,6.105056916905216e-05,1.714743957592635e-05,7.301177023405492e-05,4.3810730605553516e-05,1.4849815751283302e-05,2.5668864396255486e-06,1.734575320438969e-05,1.3760660322104101e-05,1.0441188706966642e-05,1.3167399773195143e-05,2.0044913393801878e-05,6.194983200352722e-05,5.516595492527365e-06,2.303758326899219e-05,2.095142813063333e-05,5.1461948902820076e-05,7.668184946585388e-05,2.095142813063333e-05,8.557260056463178e-05,4.844411390647618e-05,5.648331511021176e-05,7.009643283151235e-05,7.368944565167013e-05,3.807412247941455e-05,4.916540256022506e-05,1.377744421160454e-05,5.28337825845826e-05,6.233104416308866e-05,4.74436782227361e-06,3.672388913411595e-05,9.140145543762301e-06,2.389191778690014e-05,3.643501321587417e-05,1.7202577081265602e-05,9.375301132058533e-05
0.0,-8.77519350078737e-05,-0.0002926928737957968,-0.00016336492387958312,-9.088868605533484e-05,-0.0003018585103221616,-0.00016440608341639074,-0.0010022249262429117,-0.0020862872929485188,-0.0025507981965720017,-0.0012389563363878753,-0.0008157000032310568,-0.0014255109590647908,-0.000945215653305298,-0.0007154208783998195,-0.002404360524589033,-0.0018819445506246812,-0.009772589023621603,-0.002448317572216585,-0.0013132142189162255,-0.003468721376800432,-0.011329554086885962,-0.005403583097245757,-0.005101026690069399,-0.009486949795207311,-0.009420970143417917,-0.012799458283073939,-0.002643417427823369,-0.004437623586393602,-0.0010766203396118668,-0.0018803317179506562,-0.002473973173576227,-0.0019898356276680795,-0.0008102215477521768,-0.0007406398516931478,-0.0009020347751097502,-0.001238545521566714,-0.0008821546191813967,-0.001636118814165921,-0.0019172810643106053,-0.0017115183531734024,-0.001419267908114752,-0.001227498387947945,-0.0011848594734487072,-0.0007384162074388634,-0.0011233577732425726,-0.0010061759953827742,-0.001053270284633645,-0.0010750484433924012,-0.0012267512324670715,-0.0012440843090402165,-0.0012036684036370593,-0.0012838723160006338,-0.001246763398577655,-0.0012185819522263497,-0.0011223666487980566,-0.0011188190594584868,-0.0010686164804639686,-0.0010912751126441744,-0.0011413741464860738,-0.0011262348962171598,-0.001011481446052176,-0.0011505853067692584,-0.001166457334545845,-0.001025264895444744,-0.0008340046248991873,-0.0009453837629953554,-0.0012815132539624186,-0.0012925711151966501,-0.00117713513625739,-0.0012254133867624084,-0.001237869764987909,-0.0012505958065443523,-0.0011822062371339426,-0.0010636652034500815,-0.0009859095908877347,-0.0010017288157878612,-0.0011146884221694409,-0.001154159432001367
0.0,0.0,0.0,0.0,0.0015445519517498507,0.0009661557830800138,0.0014351321414708407,0.0013689040723932067,0.001211593292248625,0.0011988480663270296,0.0003952232743570927,5.982222517902924e-05,0.0012290953952325268,0.0007597005231910758,0.0005696581971321724,0.00022844426168178167,0.001052527882459131,0.0017651139242605418,0.0010939362857766977,0.0005841820400335762,0.001074288845971605,0.001352675906302725,0.0008449672381731221,0.0001623435854603561,0.00012910950626371376,0.0005295720608026189,0.0014747359889952794,0.0,0.0,0.0,0.0,0.0,0.0,0.0,0.0,0.0,0.0,0.0,0.0,8.47270969049907e-05,0.0,0.0,0.0,0.0,0.0,0.0,0.0,0.0,0.0,0.0,0.0,0.0,0.0,0.0,0.0,0.0,0.0,0.0,0.0,0.0,0.0,0.0,0.0,0.0,0.0,0.0,0.0,0.0,0.0,0.0,0.0,0.0,0.0,0.0,0.0,0.0,0.0,0.0,0.0
-0.0013200295761353065,-0.000916570387417881,-0.0004084686371341184,-0.0004735587220510151,-0.0006167394288055794,-0.0006346728170732452,-0.0003722918163076572,-0.0005001845883660927,-0.0005189476571446083,-0.000498740272974918,-0.0005232395658943401,-0.0006871330347554272,-0.0004333084840416612,-0.0004071794703591758,-0.0004892083957629412,-0.0004889684654096893,-0.00046185646125224133,-0.0004103251622774029,-0.0004918533807244385,-0.0005999102315238924,-0.000544642640226578,-0.00046327177656207974,-0.0005769883523402131,-0.0005120520754018365,-0.0006451463141502467,-0.0006151048311155427,-0.0006203995921942873,-0.0006393158133774501,-0.0009651361942109027,-0.0009401316445379337,-0.0010313918462936944,-0.0007232944429262922,-0.0010127265630839877,-0.0009778040964354973,-0.0008072555222138345,-0.0007617727654121165,-0.0008174760238751633,-0.0006146823658794709,-0.0005720385410530326,-0.0005503966492712564,-0.0005661279083630788,-0.0005532913107291759,-0.0005587369268656439,-0.0005558142337172001,-0.000620884971588298,-0.000535502470202065,-0.0005260580982415775,-0.0004917157935598881,-0.00047330648799370767,-0.0004884449503473887,-0.0005219060954341215,-0.0005347491222600365,-0.0005302391548737129,-0.0005340197388123968,-0.0005149454621638516,-0.0005925500813021012,-0.0005631407795290699,-0.0005145981749828388,-0.0005156580005424849,-0.0005358505858725215,-0.0005089513624034758,-0.000499989161557135,-0.000635702756012213,-0.0005115267362387765,-0.0005001613158266416,-0.0006045342314032753,-0.000531849405895346,-0.0004972856315758056,-0.0004872655692892969,-0.000494369859688315,-0.0004974462436693194,-0.00046639525508135327,-0.000496292749933902,-0.0005462656045474024,-0.0005318277165328733,-0.0005274524811166303,-0.0005075339424571723,-0.0004986524700937855,-0.0005046659560417055
0.009986812541328965,0.0033417095709551183,0.0013359538212333322,0.0032011688185715516,0.020135374075856423,0.01637486135110517,0.024988960675772845,0.020524944888152027,0.017294608593339107,0.01879376581849343,0.0215083303367479,0.026327582118644947,0.01973171694778836,0.015087936398230584,0.015364808823039752,0.024114846303884045,0.020242823945819746,0.051510871342336575,0.025579089372932913,0.025210183750257478,0.03630003053803932,0.06886745327920589,0.041642465122736394,0.04980153073711657,0.08652568020324825,0.08876433001918982,0.10265770741387428,0.047647743093115716,0.06685173210297757,0.04081053113466402,0.044269251023831835,0.043219735026944095,0.04523039957219352,0.03885123800850632,0.03833353799054774,0.040831064096595995,0.04173634452608582,0.034484471610626705,0.043474938792382276,0.046649467758405935,0.03760782240493071,0.03687578046395732,0.0357428566246466,0.03449142765021854,0.02931557824367285,0.03184734157160632,0.032271332686160746,0.03303922720937448,0.03107596416635329,0.033104725468282456,0.034569915258422665,0.033247776700963676,0.03417556601309839,0.0334630122540279,0.03526789280117797,0.03309229912651741,0.03340610306321462,0.031554679437631135,0.03190230093885117,0.03238682624628561,0.03329883422602125,0.03075444602984838,0.0347598526081153,0.03233473931356409,0.03078827469545848,0.030140155642731738,0.029868604943605215,0.03469204085264302,0.03437418613700448,0.03339019875200138,0.03350844693091738,0.0337653633752536,0.034096895953239545,0.032030938671037755,0.031455354684785275,0.02907790775568735,0.031012744808066515,0.030484031405329494,0.032330812662718963
0.0,-0.0002616150598347827,-0.000509092282899172,0.0,0.0,0.0,0.0,0.0,0.0,0.0,0.0,0.0,0.0,0.0,0.0,0.0,0.0,0.0,0.0,0.0,0.0,0.0,0.0,0.0,0.0,0.0,0.0,0.0,0.0,0.0,0.0,0.0,0.0,0.0,0.0,0.0,0.0,0.0,0.0,0.0,0.0,0.0,0.0,0.0,0.0,0.0,0.0,0.0,0.0,0.0,0.0,0.0,0.0,0.0,0.0,0.0,0.0,0.0,0.0,0.0,0.0,0.0,0.0,0.0,0.0,0.0,0.0,0.0,0.0,0.0,0.0,0.0,0.0,0.0,0.0,0.0,0.0,0.0,0.0
0.0,0.0,9.241365448220407e-06,1.3525164500594045e-05,0.0,0.0,7.529909160530757e-06,0.0,0.0,0.0,8.646771184173119e-06,0.0,0.0,0.0,0.0,0.0,0.0,0.0,0.0,0.0,0.0,0.0,0.0,0.0,0.0,0.0,0.0,0.0,0.0,0.0,0.0,0.0,0.0,0.0,0.0,0.0,0.0,0.0,0.0,0.0,0.0,0.0,0.0,0.0,0.0,0.0,0.0,0.0,0.0,0.0,0.0,0.0,0.0,0.0,0.0,0.0,0.0,0.0,0.0,0.0,0.0,0.0,0.0,0.0,0.0,0.0,0.0,0.0,0.0,0.0,0.0,0.0,0.0,0.0,0.0,0.0,0.0,0.0,0.0
-0.07631189476467148,-0.018401905824147025,-0.0027271351717602643,-0.01138094559601488,-0.27318640460955357,-0.24914211064077407,-0.2518392367875413,-0.2982948011544294,-0.22491005878350112,-0.21834388100067725,-0.2448201460881574,-0.24988990436098035,-0.21678145096706047,-0.22475650728068097,-0.21988712017426515,-0.2218934106414333,-0.22698825830195835,-0.28528942254535217,-0.2799175189181409,-0.27879893745166096,-0.24078667851199553,-0.2452659268618368,-0.287491414737712,-0.31239258251963764,-0.2632401625151197,-0.22762999452712718,-0.27950610400994225,-0.23697362669957478,-0.22836100692401862,-0.2518554597637228,-0.220598495577776,-0.23872957430490716,-0.22669808893673893,-0.2312137241928297,-0.22404761904517,-0.2568673917973068,-0.26824881973841685,-0.24203803452449757,-0.22864814634444752,-0.23693436427353154,-0.24534922620292732,-0.24087338657644086,-0.24164678658649408,-0.21823373585433214,-0.25667655993380345,-0.2489298517203391,-0.2516264981907298,-0.25082819056843,-0.2440076127661146,-0.2330397741941299,-0.24137164488095952,-0.2435419529522359,-0.21392845609515077,-0.21988312083550532,-0.23356876406115556,-0.22234528273892762,-0.22829162264178837,-0.21889274171257278,-0.22567662963213897,-0.23750087887040694,-0.2250439138455962,-0.2352047227780807,-0.2403695837744928,-0.2369125074613042,-0.24117065455648434,-0.24240203652699566,-0.2147702347178384,-0.21129210824159794,-0.21294921119815968,-0.2261606629486279,-0.22410083283094973,-0.2273039038510517,-0.24201547812313629,-0.23714587485894356,-0.24684437701537698,-0.20973139701152,-0.21755332697363128,-0.21992031682108992,-0.2296458473027816
0.0,0.0,0.0004179392596851575,0.0,0.0,0.0,0.0004475718168903643,0.0,0.0,0.0,0.0004268367316089404,0.0,0.0,0.0,0.0,0.0,0.0,0.0,0.0,0.0,0.0,0.0,0.0,0.0,0.0,0.0,0.0,0.0,0.0,0.0,0.0,0.0,0.0,0.0,0.0,0.0,0.0,0.0,0.0,0.0,0.0,0.0,0.0,0.0,0.0,0.0,0.0,0.0,0.0,0.0,0.0,0.0,0.0,0.0,0.0,0.0,0.0,0.0,0.0,0.0,0.0,0.0,0.0,0.0,0.0,0.0,0.0,0.0,0.0,0.0,0.0,0.0,0.0,0.0,0.0,0.0,0.0,0.0,0.0
-0.37949455015792327,-0.18718924102494192,-0.07012577003451172,-0.14680530649179824,-0.6831488724814376,-0.6565282040370729,-0.6599925126321584,-0.7087904326452032,-0.6282186966134232,-0.6200857475258427,-0.6519534017003756,-0.6578087139306942,-0.6181387955978197,-0.6278738307555767,-0.6218819951697201,-0.6246652539343072,-0.6308050625782197,-0.6956396498147683,-0.6902952803858656,-0.6891732463108087,-0.6474216836985464,-0.6512474252454333,-0.698170979466332,-0.7223371620790126,-0.6694017663588903,-0.6281729040263659,-0.6844599925893132,-0.6427356787784629,-0.6313528613041801,-0.6600706505689024,-0.6230008715344507,-0.6449746504793126,-0.6305023033019651,-0.6360851167151814,-0.627379446394913,-0.6656734124426689,-0.678089412522988,-0.6488867919806197,-0.6329175123182256,-0.642774949050176,-0.6526995636729147,-0.6475262896785405,-0.648430239692073,-0.6201825653252941,-0.6654762212954213,-0.656796666717145,-0.6598522503299074,-0.6589533444222831,-0.6511526066843091,-0.6382883562757813,-0.6481123477045174,-0.6506223616705492,-0.6147517926981306,-0.622243749361774,-0.6389214094871338,-0.6252981461358749,-0.6325596647832449,-0.6210006027661253,-0.62939009192467,-0.6435788900093362,-0.6286188248763442,-0.6408533958168696,-0.6469385710959958,-0.642885395401345,-0.6478687045716569,-0.6492788032254267,-0.6157998315660833,-0.6113847869346777,-0.6135041528216092,-0.6299835076135406,-0.627462452658592,-0.6313539101667797,-0.6488535904486292,-0.6431597628853183,-0.6544169512361158,-0.6093622379323089,-0.6193174958321018,-0.6222799870620621,-0.6342118501164786




0.0,0.0,0.0,0.0,0.0,0.0,0.0,0.0,0.0,0.0,0.0,0.0,0.0,0.0,0.0,0.0,0.0,0.0,0.0,0.0,0.0,0.0,0.0,0.0,0.0,0.0,0.0,0.0,0.0,0.0,0.0,0.0,0.0,0.0,0.0,0.0,0.0,0.0,0.0,0.0,0.0,0.0,0.0,0.0,0.0,0.0,0.0,0.0,0.0,0.0,0.0,0.0,0.0,0.0,0.0,0.0,0.0,0.0,0.0,0.0,0.0,0.0,0.0,0.0,0.0,0.0,0.0,0.0,0.0,0.0,0.0,0.0,0.0,0.0,0.0,0.0,0.0,0.0,0.0
0.0,0.0,0.0,0.0,0.0,0.0,0.0,0.0,0.0,0.0,0.0,0.0,0.0,0.0,0.0,0.0,0.0,0.0,0.0,0.0,0.0,0.0,0.0,0.0,0.0,0.0,0.0,0.0,0.0,0.0,0.0,0.0,0.0,0.0,0.0,0.0,0.0,0.0,0.0,0.0,0.0,0.0,0.0,0.0,0.0,0.0,0.0,0.0,0.0,0.0,0.0,0.0,0.0,0.0,0.0,0.0,0.0,0.0,0.0,0.0,0.0,0.0,0.0,0.0,0.0,0.0,0.0,0.0,0.0,0.0,0.0,0.0,0.0,0.0,0.0,0.0,0.0,0.0,0.0
