1,2,3,4,5,6,7,8,9,10,11,12,13,14,15,16,17,18,19,20,21,22,23,24,25,26,27,28,29,30,31,32,33,34,35,36,37,38,39,40,41,42,43,44,45,46,47,48,49,50,51,52,53,54,55,56,57,58,59,60,61,62,63,64,65,66,67,68,69,70,71,72,73,74,75,76,77,78,79,80,81,82,83,84,85,86,87,88,89,90,91,92,93,94,95,96,97,98,99,100,101,102,103,104,105,106,107,108,109,110
5448.223,3930.0457,4186.985,4293.1577,3872.9182,4231.3965,3914.977,6698.078,10151.737,4489.5303,6389.1875,6389.2266,6620.21,4391.042,5171.3066,5375.948,4416.5215,3949.2126,7763.0156,4586.051,4501.2793,4716.0186,5576.456,4880.306,4627.848,3965.9062,6755.9326,4669.2295,4661.2256,7477.301,5683.626,7390.354,4503.263,8088.2793,7346.4224,9487.65,7690.566,4644.4336,7044.039,8685.986,4266.105,5419.148,5044.2705,6287.172,4445.9766,8588.528,5493.3965,4307.9326,3961.4019,4012.3345,4951.782,4512.1113,4314.6416,4936.551,4158.8105,4443.0127,4346.8535,4354.5825,4240.0835,4261.33,4271.995,4238.3115,4730.4863,5438.164,4677.129,4653.1123,6141.329,6000.3574,4167.8633,6810.6143,8484.354,12439.643,8666.575,5739.9395,5048.1094,7750.1084,5505.5864,8264.486,5002.3066,5149.8765,5904.3716,5296.082,8093.8076,5915.5747,6815.9614,10240.387,4026.7207,7504.49,5322.5005,4324.042,4841.42,4585.054,4099.591,5084.9346,4604.5264,4026.6824,4138.2705,4935.7344,4980.966,5213.981,4044.9932,4128.8506,6842.74,6831.252,6819.6885,4029.912,5311.0513,8861.59,4032.7937,4430.089
5110059.0,2419591.2,2635001.5,2918703.5,2323912.2,2882052.2,2408303.5,8120517.5,20055048.0,3260199.0,7687389.0,7181714.5,8106681.0,3055871.5,4674990.0,4944427.0,3183903.2,2417494.5,11723757.0,3754820.5,3102377.5,3659633.0,4960951.0,3802315.5,3342406.8,2377023.2,8442616.0,3362530.8,3551055.0,10646422.0,5621223.0,10352250.0,3049769.2,12061932.0,9626716.0,16472121.0,10818980.0,3302214.0,9262382.0,14911836.0,2779206.8,4852762.0,4089089.2,6349116.5,3125472.0,15449620.0,5327135.0,2894861.8,2460222.2,2466631.5,4041915.0,3175150.5,2837544.8,4007845.8,2621579.0,3026471.5,3040347.2,2911875.0,2809913.0,2849421.0,2711141.5,2793107.0,3684043.5,4714705.0,3260472.0,3237842.2,6454371.0,6408866.0,2581643.2,7744225.0,13016665.0,29709626.0,14108943.0,5276203.0,3818485.0,11289954.0,5083514.0,12729064.0,3960172.2,4113210.0,5708371.5,4480549.0,10732636.0,5358232.0,7615097.5,19166232.0,2353319.5,10243220.0,4634132.5,2692055.5,3684755.0,3145873.5,2526592.2,3893484.5,3467533.0,2352944.5,2413388.0,3608715.0,3674540.0,4076475.2,2440278.2,2559443.8,7731767.0,8205658.5,7808048.5,2353407.5,4790858.0,12475966.0,2356186.0,2872367.8
-0.05927618,-0.16719076,-0.08414609,-0.26799577,-0.25673267,-0.11162808,-0.31430954,-0.15720929,-0.039395116,-0.089039065,-0.14324135,-0.08107526,-0.0815806,-0.19125655,-0.13328393,-0.20047334,-0.16893178,-0.09589306,-0.068203606,-0.25266293,-0.19931304,-0.08166342,-0.20475753,-0.09899129,-0.17135228,-0.12515661,-0.015740838,-0.04890223,-0.11402604,-0.17444082,-0.23683141,-0.24730685,-0.17766736,-0.15358701,-0.111880325,-0.19601204,-0.50609577,-0.11407713,-0.22799619,-0.29918268,-0.10211167,-0.21421494,-0.2174507,-0.15616114,-0.055127446,-0.23369624,-0.08389767,-0.11117866,-0.04049566,-0.43378562,-0.17032883,-0.0271791,-0.090847425,-0.09231396,-0.13948393,-0.32712206,-0.1284876,-0.023006264,-0.44184807,-0.1029441,-0.1531864,-0.079554014,-0.09474926,-0.10239834,-0.048905417,-0.33923483,-0.18780483,-0.1252747,-0.15276177,-0.2939809,-0.22137867,-0.28784472,-0.11583643,-0.48527375,-0.078963555,-0.0681696,-0.33277324,-0.109972715,-0.16944052,-0.18172064,-0.22596897,-0.30430028,-0.16159518,-0.17675884,-0.06429926,-0.21036817,-0.12259688,-0.06104035,-0.15756595,-0.42673,-0.06647227,-0.26678532,-0.35486373,-0.24145137,-0.40223518,-0.11220357,-0.15533091,-0.113956444,-0.13220952,-0.22555085,-0.25035948,-0.2823087,-0.21923108,-0.08589346,-0.24139704,-0.13713168,-0.12289732,-0.24631472,-0.053034257,-0.36283556
-5.1685615,-5.1516643,-5.156544,-5.156631,-5.1665463,-5.12081,-5.113089,-5.11344,-5.145201,-5.191544,-5.194793,-5.207522,-5.2127986,-5.257625,-5.2677245,-5.2559543,-5.225023,-5.23336,-5.218016,-5.2119994,-5.1996694,-5.1660028,-5.1934743,-5.231323,-5.258082,-5.2334,-5.2586036,-5.265407,-5.2507377,-5.2509494,-5.222139,-5.2117257,-5.221462,-5.2054935,-5.2251782,-5.232287,-5.1985097,-5.2467866,-5.238876,-5.238301,-5.2514367,-5.2892995,-5.3478417,-5.3421655,-5.3239083,-5.2962537,-5.313377,-5.331654,-5.314524,-5.3110795,-5.3129334,-5.3123164,-5.2523293,-5.272454,-5.284673,-5.2767797,-5.295281,-5.321818,-5.300615,-5.291736,-5.3144727,-5.2989144,-5.286143,-5.2615333,-5.2529435,-5.271707,-5.244453,-5.1864705,-5.228556,-5.233108,-5.229756,-5.1819367,-5.1663203,-5.162973,-5.185968,-5.2003264,-5.197149,-5.1994233,-5.1419683,-5.137342,-5.1400914,-5.084641,-5.0763326,-5.088595,-5.0959477,-5.097175,-5.0975814,-5.0777383,-5.091636,-5.1109996,-5.1202245,-5.0787854,-5.0787244,-5.0903344,-5.105496,-5.0756383,-5.055465,-5.0700307,-5.043821,-5.073212,-5.0580735,-5.049875,-5.0518603,-5.051886,-5.0671973,-5.079572,-5.086432,-5.0892596,-5.088506,-5.096355
0.8572327642071138,0.9053515813633479,0.9964559050748283,0.91768040414245,0.911867715081647,0.988945191257053,0.9849045984021148,0.9476323322620028,1.001821824372464,0.8871547266330568,0.9960857351159516,0.9949440421894087,0.9352132378309006,0.8391718788115787,0.9568453784052069,0.9219693376831815,0.8230725289911989,0.7973517568093857,1.0041309619934964,0.9747923941650243,0.7779365157054683,0.9282916308209406,0.9542378012043771,0.9985209159357313,0.8810585808392615,0.9822276318920189,0.8175971412690941,0.8823255678222115,0.9486567844122966,1.0328319160476218,0.9781730862609936,0.9944719888722577,0.8983885842390888,0.8627415824061526,0.9762725121437756,0.8429630072672132,0.9085781374228106,0.8912511305923438,0.9404869189778928,0.8358821138671573,0.9979792860237298,0.9971115919081335,0.9122320791873868,0.8465506499346771,0.9392327610575193,0.9470163499727311,0.9341616292707728,0.8712933231484996,1.008223432955497,0.7877938242612885,0.978847876223975,0.8415029288460634,0.9411765045020941,0.8988043582379284,0.8336573484021956,0.8662789388940271,0.7858279811176763,0.8534749725856208,0.9113268343119856,0.9818096104661587,0.8237579942325288,0.8031568608039936,0.824797335586835,0.9353882562101419,0.903497641356811,0.8656269041296307,1.0112465968695814,0.8495953516910437,0.939346537050445,0.9443607340193325,0.9916751595877216,0.899507896538217,0.8334126597853111,0.9981325792751035,1.01022888700035,0.8677261882526002,0.9334383323412603,0.8909643963616127,0.9061154256220267,0.8945644935204833,0.9577348912914627,0.9345513705732886,0.836606815438558,0.8887617305956885,0.9075969482426662,1.0221374409265709,0.9694065289525793,0.9238839582192793,1.0104851873235086,0.9007946421503916,0.8900253464381076,0.9042862073127178,1.0163356144297016,0.9668093461017202,1.0198828970535845,0.9814179026649998,0.869152087054476,0.9206155438315546,0.8596816168746033,0.8679010193462564,0.9950353439121267,0.9839907383898008,0.9120461046014192,1.0685694704609363,1.0134520719192817,0.9884863415736493,1.0738657195209285,1.1346555302201742,0.9752846743253618,0.9829629150989758
0.06290398402622754,0.02684926147460942,0.04142457484654016,0.024547896205357023,0.0,0.029150626743861596,0.012273948102678456,0.10969841116768964,0.1940818043736049,0.046027305385044515,0.11430114170619421,0.07594505388532358,0.14805449898856027,0.04986291416713151,0.06367110578264512,0.05676700997488826,0.059068375244140436,0.03298623552594859,0.13654767264229906,0.07057520159040176,0.023013652692522313,0.04142457484654016,0.06597247105189719,0.06904095807756694,0.046027305385044515,0.0,0.07594505388532358,0.0483286706542968,0.08284914969308033,0.16646542114257812,0.08745188023158479,0.10586280238560253,0.08438339320591504,0.1434517684500557,0.12504084629603784,0.15035586425781244,0.0966573413085936,0.030684870256696306,0.12657508980887278,0.18564346505301332,0.03528760079520077,0.17030102992466511,0.11660250697544638,0.06060261875697537,0.04295881835937487,0.21249272652762263,0.1511229860142298,0.061369740513392834,0.017643800397600495,0.02838350498744413,0.04679442714146198,0.08208202793666286,0.061369740513392834,0.06520534929547983,0.05369852294921862,0.039123209577287876,0.07134232334681911,0.03835608782087052,0.03528760079520077,0.03528760079520077,0.04526018362862727,0.022246530936104847,0.06673959280831465,0.0774792973981584,0.10049295009068071,0.05063003592354909,0.12887645507812495,0.09972582833426336,0.034520479038783414,0.13117782034737713,0.2286022834123883,0.23704062273297988,0.16186269060407354,0.09512309779575889,0.08821900198800214,0.17567088221958704,0.10202719360351564,0.2017530219377789,0.06827383632114936,0.059068375244140436,0.11736962873186385,0.07517793212890611,0.11506826346261145,0.07978066266741068,0.10432855887276782,0.21402697004045756,0.0,0.12657508980887278,0.10432855887276782,0.036054722551618346,0.0774792973981584,0.054465644705636196,0.047561548897879447,0.07441081037248876,0.09589021955217636,0.0,0.015342435128348098,0.07057520159040176,0.06443822753906248,0.08745188023158479,0.03682184430803559,0.013041069859095922,0.11123265468052457,0.14191752493722087,0.14575313371930798,0.0,0.1396161596679688,0.22399955287388384,0.0,0.06673959280831465
0.8048710907979673,0.8034461185197563,0.898916768441099,0.8265791240449105,0.8201501146887926,0.890212577955046,0.8989815791293898,0.8708445365263286,0.8992970998027126,0.8074379200252118,0.8981961809659573,0.8989977818014627,0.819793655903192,0.7343958908259545,0.8917995769539848,0.8061263664515104,0.7132063430853397,0.6756692579612897,0.8983820802626972,0.898916768441099,0.6724952599634126,0.8238988761131565,0.823372720702888,0.8663103769385319,0.7828799422218466,0.8946819268545521,0.7205179666373271,0.8153805729396195,0.8103688779419973,0.8595010362208004,0.8471290976707477,0.8802693025032982,0.8011547347177488,0.761479747760061,0.8444650524110662,0.7482661451106423,0.7945884340811089,0.7868555410552296,0.8015435988474953,0.7239750799643812,0.8993619104910033,0.881249144715829,0.8077943788108128,0.7473997335868456,0.8632822029893097,0.8389510625949632,0.8223280797862911,0.6786650265663661,0.8985279043113525,0.6859766501183535,0.8670795724298919,0.710947364627478,0.8701802149871201,0.7904994165432169,0.731416324892951,0.7268011519447901,0.6749648731582205,0.6997573582745442,0.8411204829401036,0.8352833145309635,0.7274969919955012,0.6795800461063815,0.7330519319081077,0.7706938909843095,0.7795277028469445,0.7549296617797188,0.826206462587237,0.7508568469138996,0.8441171263935985,0.8417685898230145,0.8236643688001979,0.8076562126818727,0.749107821194233,0.8988519577528078,0.8582781659114027,0.7495614960122707,0.8411128250203888,0.8040856926345343,0.8292508392085316,0.7644192504292042,0.8801396811267157,0.7468974507525896,0.719262690983784,0.7434966033614687,0.7940452011503494,0.8693547535598265,0.8862932450575967,0.7988309455715958,0.8984954989672067,0.7066963203688581,0.7691879053457349,0.6914010818217347,0.8991188704099118,0.7820945440584137,0.8912810914476559,0.8907139859408839,0.7763298442572797,0.7762564888166308,0.7390596717903337,0.790426061102568,0.8977587088199921,0.8994915318675858,0.7444278375577813,0.8906577200049508,0.8313077156975806,0.8905519592201565,0.896236520509345,0.8873378979584188,0.8852810094851451,0.889013568237436
0.0,0.0,0.0,0.0,0.0,0.0,0.0,0.0,0.0,0.0,0.0,0.0,0.0,0.0,0.0,0.0,0.0,0.0,0.0,0.0,0.0,0.0,0.0,0.0,0.0,0.0,0.0,0.0,0.0,0.0,0.0,0.0,0.0,0.0,0.0,0.0,0.0,0.0,0.0,0.0,0.0,0.0,0.0,0.0,0.0,0.0,0.0,0.0,0.0,0.0,0.0,0.0,0.0,0.0,0.0,0.0,0.0,0.0,0.0,0.0,0.0,0.0,0.0,0.0,0.0,0.0,0.0,0.0,0.0,0.0,0.0,0.0,0.0,0.0,0.0,0.0,0.0,0.0,0.0,0.0,0.0,0.0,0.0,0.0,0.0,0.0,0.0,0.0,0.0,0.0,0.0,0.0,0.0,0.0,0.0,0.0,0.0,0.0,0.0,0.0,0.0,0.0,0.0,0.0,0.0,0.0,0.0,0.0,0.0,0.0
0.0,0.0,0.0,0.0,0.0,0.0,0.0,0.0,0.0,0.0,0.0,0.0,0.0,0.0,0.0,0.0,0.0,0.0,0.0,0.0,0.0,0.0,0.0,0.0,0.0,0.0,0.0,0.0,0.0,0.0,0.0,0.0,0.0,0.0,0.0,0.0,0.0,0.0,0.0,0.0,0.0,0.0,0.0,0.0,0.0,0.0,0.0,0.0,0.0,0.0,0.0,0.0,0.0,0.0,0.0,0.0,0.0,0.0,0.0,0.0,0.0,0.0,0.0,0.0,0.0,0.0,0.0,0.0,0.0,0.0,0.0,0.0,0.0,0.0,0.0,0.0,0.0,0.0,0.0,0.0,0.0,0.0,0.0,0.0,0.0,0.0,0.0,0.0,0.0,0.0,0.0,0.0,0.0,0.0,0.0,0.0,0.0,0.0,0.0,0.0,0.0,0.0,0.0,0.0,0.0,0.0,0.0,0.0,0.0,0.0
-0.08870138445169662,-0.023140663444869425,-0.025334831214440356,-0.04750422116758646,-0.01667159082489089,-0.03236335142147606,-0.019472927365094428,-0.0891141211574551,-0.11110526973357615,-0.03973125289362134,-0.08979463338451232,-0.07011107128247218,-0.09584243653059854,-0.03899446274640628,-0.08506604173184229,-0.05071062450960895,-0.049577300328707885,-0.01613690264648948,-0.086555824698344,-0.0506296111492448,-0.038063240534318865,-0.04434641385755711,-0.05652392034273657,-0.03778012520514196,-0.040395562448605205,-0.029812724866303597,-0.06877478226856493,-0.05339087244136298,-0.07844260031085071,-0.0744183934612499,-0.05721210247373243,-0.07371400865818067,-0.03824146992711963,-0.09783451431558099,-0.09469292166184928,-0.10496790847476767,-0.08280706327397969,-0.03923750282749783,-0.08777016223960832,-0.10806855103199631,-0.05157703603340558,-0.05915556025827229,-0.05760096660347891,-0.05440310801381454,-0.05901828096197459,-0.11021498563376664,-0.07094507746212297,-0.03719681702629707,-0.030719199653961304,-0.038111848550537175,-0.06677504656386724,-0.03968264487740303,-0.036508646879525486,-0.061722401469741506,-0.033674904995177,-0.03492163589636199,-0.04356102767834891,-0.02711627426247709,-0.037277842370885494,-0.03020924691576532,-0.031884929179007315,-0.04231428479293875,-0.050791637869972206,-0.04905881482237895,-0.048993992149863,-0.037277830386661215,-0.057107228521580566,-0.08759193284680844,-0.034184857733372986,-0.07089646944590466,-0.10560747060532094,-0.16080364668650748,-0.12812477459170957,-0.048646078116619584,-0.05792503202915977,-0.10300823603393106,-0.0936730161854582,-0.1158824694024645,-0.06772247144802801,-0.05798984271745056,-0.07018353989047821,-0.053706381130460557,-0.10244967527951676,-0.058953470273683806,-0.08069303401635519,-0.130230271081202,-0.004283449602765721,-0.08836112833816845,-0.05731786325852717,-0.04221706876050213,-0.03733410830681905,-0.04377166241529462,-0.01820998180761091,-0.036946119025490276,-0.03822526725504627,-0.004647578292305887,-0.03535912002655195,-0.04583619682405882,-0.043447596989614645,-0.04969071903321698,-0.019683562102040142,-0.031796257898928815,-0.07186776690607743,-0.08533295438894584,-0.05841111219134287,-0.0050040370779074195,-0.058993533537543996,-0.09546211715320929,-0.005254747062938492,-0.029787977441873004
0.0030205160295069255,0.0012714783256160267,0.0020568764890489533,0.006769277453870792,0.0012714783256160267,0.0028746919808519955,0.0011256542769610967,0.0013363009981319784,0.0028422866367066035,0.0017089624558055405,0.0019520025368975347,0.0013525036702048965,0.0036276728159143623,0.0018061784882421605,0.004429285635644931,0.005061189846483405,0.0017089624558055405,0.002283725882292753,0.00565981386475789,0.004785744421246019,0.0032635561105984756,0.002056888473273677,0.002235117866074443,0.002121699161564905,0.0034494434231140403,0.002170307177783215,0.0020568764890489533,0.0033607721430355397,0.0051984691427802154,0.0014821250467869085,0.0012714903098407504,0.002559171307529695,0.0029395026691432236,0.00362768480013953,0.006947506846671558,0.002267523210219835,0.005473926552242325,0.00362768480013953,0.005409115863951097,0.005279494487369085,0.00598387929043831,0.005983867306213142,0.004510298996009077,0.0036200148961995637,0.005457723880169407,0.009910870107602499,0.007570878289376637,0.0031825427502347736,0.003692495488430758,0.0030691240457252356,0.008356276452809563,0.004591312356372779,0.002105496489491987,0.004413082963572457,0.0030529213736527616,0.0014497197026415165,0.004413070979347289,0.0030691240457252356,0.0033607721430355397,0.002218915194001525,0.003643887472212448,0.004332057618983587,0.0058951960261346414,0.004178575650613858,0.0032311507664530836,0.002364739242656455,0.003643887472212448,0.005603547928824337,0.0033769748151080137,0.005198481127005383,0.0031663400781618556,0.00598387929043831,0.004445488307717849,0.0020568764890489533,0.0029395026691432236,0.004413082963572457,0.0035876095520541718,0.0036276728159143623,0.0015469357350781365,0.002105496489491987,0.002542968635456777,0.0014335170305685985,0.0033769748151080137,0.002056888473273677,0.0016117464233689205,0.0029881106853615336,0.002105496489491987,0.0020568764890489533,0.0015955437512964465,0.002024471144903117,0.0017899758161696866,0.002380941914729373,0.0012714903098407504,0.0012714783256160267,0.0014821250467869085,0.0012714783256160267,0.0013363009981319784,0.0012714783256160267,0.0012714783256160267,0.002834616732766637,0.0015793410792235285,0.0020568764890489533,0.0015307330630052185,0.0016441517675147566,0.0014659223747139905,0.0013200983260590604,0.00362768480013953,0.0029395026691432236,0.0015469357350781365,0.0018709891765333886
0.0,0.0,0.0,0.0,0.0,0.0,0.0,-0.0005585607544142945,0.0,0.0,0.0,0.0,0.0,0.0,0.0,0.0,-0.00029930601702510273,0.0,0.0,0.0,0.0,0.0,0.0,0.0,0.0,0.0,0.0,0.0,0.0,-0.0003641286895410545,0.0,0.0,0.0,0.0,0.0,0.0,0.0,0.0,0.0,0.0,0.0,0.0,0.0,0.0,0.0,0.0,0.0,0.0,0.0,0.0,0.0,0.0,0.0,0.0,0.0,0.0,0.0,0.0,0.0,0.0,0.0,0.0,0.0,0.0,0.0,0.0,0.0,0.0,0.0,0.0,0.0,0.0,0.0,0.0,0.0,0.0,0.0,0.0,0.0,0.0,0.0,0.0,0.0,0.0,0.0,0.0,0.0,0.0,0.0,0.0,0.0,-0.00029931800124982644,0.0,0.0,-0.001084716164682753,0.0,0.0,0.0,-0.0005747634264867685,0.0,0.0,0.0,-0.0004127367057593645,-0.001084716164682753,-0.0018701143281156796,0.0,0.0,-0.00034792601746813645,0.0,0.0
0.016251433486332623,0.00458881404474587,0.005854878696440302,0.009653072651524042,0.004617096815522803,0.008853024971602341,0.006594295785721016,0.018411821720537347,0.026474226602477113,0.010745375629470644,0.02214402254380854,0.014194748744975616,0.02060049272551856,0.011003985615548384,0.013564397689713736,0.014623055355712733,0.012698356877979933,0.00504540342625992,0.020896813072631915,0.014030414661486468,0.010194510345368002,0.014204176335234298,0.014707903668042643,0.009539941568417198,0.01085314417140637,0.007318922743571488,0.018332335949378553,0.012651218926685637,0.014147610793680876,0.022191160495102835,0.01454356958455394,0.019753307094303008,0.009958820588896078,0.022468619270111567,0.019287290122529832,0.024940124374445816,0.019334428073824128,0.009662500241782723,0.02164565775217131,0.02466672425693872,0.008062404881939766,0.013013532405611095,0.012449174482161318,0.013813580085532351,0.013070097947164072,0.030902771612821844,0.016487123242804547,0.00884359738134366,0.00815131185177087,0.006386888800025581,0.012472088320180319,0.009558796748935006,0.007766084534826412,0.013583252870231544,0.008613270166042408,0.008349297638793995,0.012585225794873534,0.008956728464450059,0.00747382923680151,0.008956728464450059,0.007996411750127663,0.007718946583532116,0.011601988850945322,0.011860598837023062,0.007309495153312362,0.008645611594320535,0.012994677225093287,0.019066390497487706,0.007073805396840438,0.015202203410592308,0.019979569260515806,0.030700727168297526,0.021447678356734556,0.014326735008599822,0.015004224015155998,0.01989877960568709,0.01913238362929981,0.019287290122529832,0.013639818411784965,0.011441719816544627,0.014613627765454051,0.010900282122700666,0.015658792792106357,0.014477576452741836,0.015221058591110115,0.02277030854998241,0.0023677952199001595,0.01959303805990187,0.010345351789510016,0.00858498739526592,0.007596387910166591,0.010034241310966863,0.005511420398033096,0.008985011235226548,0.011022840796066191,0.003694490462235578,0.007158653709170348,0.011022840796066191,0.01271721205849774,0.013107808308199687,0.007073805396840438,0.009121062547938763,0.017781470665275467,0.023264608292532074,0.01809664619290663,0.0033038942125340753,0.013192656620529597,0.02463844148616179,0.0028473048310200255,0.00879645943004892
0.0,0.0,0.0,0.0,0.0,0.0,0.0,0.0,0.0,0.0,0.0,0.0,0.0,0.0,0.0,0.0,0.0,0.0,0.0,0.0,0.0,0.0,0.0,0.0,0.0,0.0,0.0,0.0,0.0,0.0,0.0,0.0,0.0,0.0,0.0,0.0,0.0,0.0,0.0,0.0,0.0,0.0,0.0,0.0,0.0,0.0,0.0,0.0,0.0,0.0,0.0,0.0,0.0,0.0,0.0,0.0,0.0,0.0,0.0,0.0,0.0,0.0,0.0,0.0,0.0,0.0,0.0,0.0,0.0,0.0,0.0,0.0,0.0,0.0,0.0,0.0,0.0,0.0,0.0,0.0,0.0,0.0,0.0,0.0,0.0,0.0,0.0,0.0,0.0,0.0,0.0,0.0,0.0,0.0,0.0,0.0,0.0,0.0,0.0,0.0,0.0,0.0,0.0,0.0,0.0,0.0,0.0,0.0,0.0,0.0
0.001318264739588848,0.0007430219441320052,0.000623179695078413,0.0003355582973498805,0.000623179695078413,0.0005992112452677389,0.0005512743456463909,0.0005033374460248208,0.0007190534943213311,0.0005033374460248208,0.0004554005464034727,0.0005273058958357169,0.00040746364678212466,0.0005033374460248208,0.000671116594699761,0.000623179695078413,0.0003834951969714506,0.0005992112452677389,0.0003115898475392065,0.0005752427954570649,0.00040746364678212466,0.0003834951969714506,0.00028762139772853246,0.00047936899621414675,0.00028762139772853246,0.00047936899621414675,0.0005752427954570649,0.0004314320965927987,0.0005273058958357169,0.0006950850445106571,0.00028762139772853246,0.0005273058958357169,0.00047936899621414675,0.0005512743456463909,0.0005512743456463909,0.0004314320965927987,0.000647148144889087,0.0005273058958357169,0.0002396844981071844,0.0003834951969714506,0.000671116594699761,0.0003115898475392065,0.00040746364678212466,0.0003355582973498805,0.0003115898475392065,0.0005033374460248208,0.0002396844981071844,0.00014381069886426623,0.0003355582973498805,0.00047936899621414675,0.0002636529479178584,0.0005512743456463909,0.0002396844981071844,0.00040746364678212466,0.00021571604829651037,0.0003355582973498805,0.00014381069886426623,0.0005752427954570649,0.00016777914867494026,0.0004314320965927987,0.00040746364678212466,0.00014381069886426623,0.0003115898475392065,0.0004554005464034727,0.0003834951969714506,0.00040746364678212466,0.00014381069886426623,0.0003834951969714506,0.0003115898475392065,0.0004314320965927987,0.00040746364678212466,0.0002636529479178584,0.0002636529479178584,0.0003834951969714506,0.0003834951969714506,0.00040746364678212466,0.0003834951969714506,0.0005033374460248208,0.0005033374460248208,0.00040746364678212466,0.00021571604829651037,0.000623179695078413,0.0005992112452677389,0.0003115898475392065,0.0005992112452677389,0.000623179695078413,0.00040746364678212466,0.000623179695078413,0.0005512743456463909,0.00028762139772853246,0.0004314320965927987,0.0002396844981071844,0.0003115898475392065,0.0005273058958357169,0.00016777914867494026,0.0003115898475392065,0.00040746364678212466,0.00021571604829651037,0.0003355582973498805,0.00028762139772853246,0.00016777914867494026,0.0005273058958357169,0.00040746364678212466,0.0003355582973498805,0.0003115898475392065,0.00035952674716055455,0.0005033374460248208,0.0003115898475392065,0.00040746364678212466,0.00016777914867494026
-0.008388957433747235,0.0,-0.0023728765312598377,-0.005177185159112474,-0.0005512743456461688,-0.0034514567727417234,-0.001294296289778174,-0.011504855909139078,-0.017688715960301415,-0.005081311359869778,-0.014764565083395187,-0.008772452630718464,-0.013901700890209812,-0.0048416268617625935,-0.009994843571064616,-0.011001518463114257,-0.005704491054948191,0.0,-0.01601092447355179,-0.008077367586208029,-0.005177185159112474,-0.007597998589993882,-0.008508799682800827,-0.004649879263276979,-0.005776396404380213,-0.003187803824823865,-0.01208009870459592,-0.0064235445492693,-0.009827064422389675,-0.01500424958150215,-0.008460862783179257,-0.01234375165251378,-0.005536711906273251,-0.015411713228284274,-0.014860438882637883,-0.017952368908219052,-0.015363776328662926,-0.004913532211194838,-0.01728125231351929,-0.01960619194515778,-0.005944175553055153,-0.010234528069171578,-0.008293083634504317,-0.008964200229204078,-0.010306433418603822,-0.026820695338180434,-0.015435681678094948,-0.006040049352298071,-0.005297027408166066,-0.004314320965927099,-0.010905644663871339,-0.008053399136397354,-0.004889563761384164,-0.009515474574850469,-0.006399576099458626,-0.004314320965927099,-0.009563411474471817,-0.005728459504758865,-0.0051532167093018,-0.004601942363655631,-0.00659132369794424,-0.005944175553055153,-0.010881676214060665,-0.008964200229204078,-0.005057342910059104,-0.0064235445492693,-0.009563411474471817,-0.01711347316484435,-0.006351639199837056,-0.013230584295509829,-0.014764565083395187,-0.02662894773969482,-0.018168084956515562,-0.009443569225418225,-0.00874848418090779,-0.01533980787885203,-0.013614079492481279,-0.014548849035098899,-0.008269115184693643,-0.0061119547017300935,-0.008508799682800827,-0.004937500661005512,-0.011864382656299632,-0.00819720983526162,-0.009611348374093165,-0.018287927205568932,-0.0003834951969712286,-0.011049455362735605,-0.00532099585797674,-0.003834951969712952,-0.0033795514233094792,-0.0036911412708486857,-0.001989381334288609,-0.0029720877765275766,-0.003954794218766544,-0.00011984224905337015,-0.0030679615757702727,-0.005920207103244479,-0.006016080902487175,-0.00891626332958273,-0.0016777914867494026,-0.004242415616495077,-0.010090717370307312,-0.0153877447784736,-0.011337076760464138,-0.0002876213977283104,-0.007909588437533088,-0.017233315413897943,-0.00014381069886426623,-0.003331614523688131
0.03824310617155757,0.007351270563435763,0.010160858641833581,0.020471063096540787,0.003171907948909425,0.013832435266050158,0.007309495153312362,0.04064324921132201,0.05473685109809634,0.014317307418340697,0.04313766815367548,0.03559784578506209,0.0471244139139364,0.014223031515752105,0.036397893464983566,0.020184170339686558,0.021755982928753026,0.008777604249531112,0.03997518779502496,0.023972936704511172,0.01450049668234743,0.019167288083810963,0.027333396458598225,0.01166261944158653,0.015992823500254882,0.009671927832041627,0.030867617886432885,0.0223351309836326,0.03261855469041808,0.03249599601705255,0.023840950440886743,0.035960159263987324,0.014053334891092284,0.04501522228852739,0.04389057788230266,0.04981400634520172,0.03709017260296954,0.015775988924300766,0.039664077316481805,0.05076895412676663,0.022344558573891282,0.02390157463994136,0.025016797847493777,0.023727819357780344,0.02303147517070636,0.052572397814803606,0.03125821413613483,0.012994677225093065,0.009521086387899391,0.012853263371209955,0.02752601331286364,0.012519232663061208,0.01209092605232387,0.02322002697588399,0.010071951672002255,0.011356871504214494,0.014049269842004275,0.006471737112355491,0.01174746775391644,0.007958701389091827,0.009238252288546578,0.013177860097512983,0.018395523174665973,0.01717122754150835,0.01722779308306155,0.011285509439644681,0.021755982928753026,0.0375184792137071,0.01209092605232387,0.030411028504918836,0.046737882713322465,0.07609281018688874,0.05782390434308926,0.023765529718815737,0.02359176804506813,0.04534519433917472,0.041033845461023954,0.052633028405444815,0.027050568750831783,0.02354463009377361,0.02884864350611127,0.020918224887795933,0.04421517460860569,0.024678708481843836,0.03361121283301838,0.07195802888901026,0.0016849436721728672,0.04166955905745673,0.0223916965251858,0.014764469209596065,0.012928684093280962,0.01595511313921949,0.006396316390284262,0.011653191851327627,0.015173920639815597,0.001666088491655282,0.01080600622011163,0.015451385806410922,0.014821034751149265,0.017633185855779887,0.005539703168809584,0.013107808308199687,0.029427791560990846,0.03783365474133782,0.0242598294613654,0.001713226442949578,0.023365505878854886,0.04250194816565611,0.0027530289284309895,0.01056088248179421
-0.0007017131198314708,0.0,0.0,0.0,0.0,0.0,0.0,0.0,0.0,0.0,0.0,0.0,0.0,0.0,0.0,0.0,0.0,0.0,0.0,0.0,0.0,0.0,0.0,0.0,0.0,0.0,0.0,0.0,0.0,0.0,0.0,0.0,0.0,0.0,0.0,0.0,0.0,0.0,0.0,0.0,0.0,0.0,0.0,0.0,0.0,0.0,0.0,0.0,0.0,0.0,0.0,0.0,0.0,0.0,0.0,0.0,0.0,0.0,0.0,0.0,0.0,0.0,0.0,0.0,0.0,0.0,0.0,0.0,0.0,0.0,0.0,0.0,0.0,0.0,0.0,0.0,0.0,0.0,0.0,0.0,0.0,0.0,0.0,0.0,0.0,0.0,0.0,0.0,0.0,0.0,0.0,0.0,0.0,0.0,0.0,0.0,0.0,0.0,0.0,0.0,0.0,0.0,0.0,0.0,0.0,0.0,0.0,0.0,0.0,0.0
4.739997863769531,4.260000228881836,13.85999870300293,8.960000991821289,5.260002136230469,10.780000686645508,5.570001602172852,3.0799999237060547,5.750001907348633,10.19000244140625,5.279998779296875,1.8299999237060547,6.829999923706055,3.8799991607666016,15.19999885559082,11.580001831054688,1.9599990844726562,5.299999237060547,10.10999870300293,4.19999885559082,7.420000076293945,6.399999618530273,8.05000114440918,13.19999885559082,6.799999237060547,4.260000228881836,3.269998550415039,7.280002593994141,12.770000457763672,3.5900001525878906,5.909997940063477,15.040000915527344,9.369998931884766,8.989999771118164,5.559999465942383,5.120000839233398,6.010000228881836,5.420000076293945,3.5900001525878906,4.600000381469727,9.520002365112305,17.969998359680176,11.489999771118164,3.789999008178711,12.60999870300293,21.54999828338623,11.420000076293945,11.69999885559082,21.66999912261963,9.100000381469727,23.680001258850098,12.939998626708984,10.329999923706055,19.229999542236328,9.139999389648438,11.799999237060547,9.329999923706055,19.06999969482422,16.260000228881836,15.429998397827148,19.289999961853027,20.009998321533203,19.86000156402588,15.540000915527344,17.46999740600586,23.339998245239258,10.84000015258789,18.50999927520752,21.359999656677246,20.89999771118164,16.769999504089355,19.00999927520752,17.850001335144043,17.84000015258789,18.510000228881836,14.299999237060547,16.829998016357422,11.90999984741211,13.979999542236328,5.75,10.649999618530273,4.620000839233398,20.440001487731934,3.789999008178711,14.129999160766602,15.509998321533203,6.090000152587891,10.510000228881836,13.860000610351562,7.999998092651367,8.860000610351562,7.80000114440918,7.259998321533203,5.340002059936523,22.18000030517578,2.259998321533203,9.0,8.10999870300293,1.710000991821289,9.020000457763672,4.470001220703125,0.7299995422363281,6.069997787475586,11.579999923706055,5.850000381469727,3.1899986267089844,11.290000915527344,17.259998321533203,3.3500022888183594,8.760000228881836
-20.140003204345703,-8.919998168945312,-8.889999389648438,-18.829998016357422,-1.8199996948242188,-26.75,-10.71999740600586,-16.209999084472656,-23.87999725341797,-8.279998779296875,-35.85999870300293,-20.68000030517578,-28.360000610351562,-13.85999870300293,-13.220001220703125,-19.449996948242188,-29.15999984741211,-37.07999801635742,-13.760002136230469,-27.579999923706055,-15.740001678466797,-20.770000457763672,-24.119998931884766,-6.120002746582031,-16.549999237060547,-4.920000076293945,-18.71000099182129,-21.039997100830078,-7.4199981689453125,-23.98999786376953,-14.240001678466797,-34.21999740600586,-4.5,-22.009998321533203,-19.76999855041504,-25.80999755859375,-32.33000183105469,-19.80999755859375,-20.139999389648438,-22.65999984741211,-19.48999786376953,-10.53000259399414,-15.209999084472656,-16.210002899169922,-3.520000457763672,-19.560001373291016,-9.630001068115234,-15.610000610351562,0.0,-5.959999084472656,-2.009998321533203,-3.729999542236328,-5.100002288818359,-8.489999771118164,-7.719999313354492,-4.349998474121094,-11.509998321533203,-5.459999084472656,-2.529998779296875,-0.21000289916992188,-3.329998016357422,-2.950000762939453,-1.4899978637695312,-4.279998779296875,-1.7700004577636719,-0.7000007629394531,-9.709999084472656,-4.920001983642578,-0.8800010681152344,-5.0500030517578125,-6.719999313354492,-25.44000244140625,-9.079998016357422,-9.489997863769531,-8.939998626708984,-8.580001831054688,-4.930000305175781,-5.649997711181641,-7.559999465942383,-11.389997482299805,-13.080001831054688,-18.579998016357422,-1.7299995422363281,-21.840002059936523,-12.479999542236328,-26.94000244140625,-4.930000305175781,-31.910001754760742,-4.309999465942383,-7.5,-5.899997711181641,-11.190000534057617,-4.020000457763672,-8.65999984741211,-11.020000457763672,-7.210002899169922,-2.0799999237060547,-7.5,-12.700000762939453,-2.3000011444091797,-5.799999237060547,-13.760000228881836,-12.60000228881836,-11.240001678466797,-13.639999389648438,-4.229999542236328,-11.09000015258789,-8.94000244140625,-3.229999542236328,-13.10000228881836
28.42999267578125,18.95000457763672,12.360000610351562,28.279998779296875,28.0,25.389999389648438,20.980003356933594,31.660003662109375,29.339996337890625,23.040000915527344,26.150001525878906,19.6199951171875,26.48999786376953,26.14000701904297,29.830001831054688,27.029998779296875,20.220001220703125,1.7300033569335938,26.160003662109375,24.019996643066406,17.0,23.81999969482422,26.080001831054688,31.980003356933594,25.720001220703125,23.779998779296875,21.409996032714844,19.419998168945312,35.37999725341797,25.05999755859375,29.229995727539062,30.900001525878906,24.759994506835938,24.590003967285156,29.169998168945312,17.900001525878906,20.659996032714844,20.860000610351562,29.610000610351562,18.719993591308594,20.230003356933594,28.75,32.19999694824219,22.43000030517578,33.11000061035156,38.400001525878906,29.150001525878906,29.37999725341797,28.93000030517578,25.81000518798828,35.47999572753906,41.220001220703125,27.649993896484375,42.56000518798828,29.62000274658203,36.68000030517578,30.720001220703125,33.63999938964844,31.93000030517578,36.650001525878906,32.459999084472656,34.43000030517578,34.98999786376953,32.70000457763672,33.78999328613281,46.02000427246094,34.93000030517578,28.419998168945312,30.979995727539062,35.160003662109375,36.400001525878906,32.91999816894531,34.720001220703125,20.639999389648438,42.68000030517578,32.340003967285156,32.079994201660156,29.68999481201172,34.31000518798828,27.840003967285156,28.290000915527344,28.330001831054688,32.99000549316406,24.6199951171875,35.31999969482422,35.08000183105469,6.7599945068359375,31.1199951171875,27.459999084472656,26.540000915527344,33.51000213623047,28.709999084472656,19.639999389648438,24.51000213623047,34.459999084472656,9.650001525878906,29.93999481201172,33.55000305175781,31.76000213623047,36.29999542236328,21.18000030517578,12.909996032714844,34.08000183105469,31.51000213623047,28.87999725341797,6.3600006103515625,28.220001220703125,21.910003662109375,4.6399993896484375,21.01000213623047
0.0,-3.339996337890625,-0.7399978637695312,-1.4899978637695312,0.0,-1.5900039672851562,0.0,-2.0400009155273438,-3.7000045776367188,-2.8799972534179688,-0.8199996948242188,-4.790000915527344,-2.7099990844726562,0.0,-0.3899993896484375,-4.339996337890625,-2.779998779296875,-5.870002746582031,0.0,0.0,-2.8499984741210938,-0.9799957275390625,-9.319999694824219,0.0,0.0,-0.01999664306640625,-1.1800003051757812,-0.9799957275390625,0.0,-3.5900039672851562,-2.410003662109375,-7.739990234375,0.0,0.0,0.0,-5.3300018310546875,-7.760002136230469,-5.0500030517578125,0.0,-3.7400054931640625,-4.470001220703125,0.0,-3.2700042724609375,0.0,-0.1100006103515625,0.0,-1.7099990844726562,0.0,-0.350006103515625,0.0,0.0,0.0,0.0,0.0,-0.149993896484375,0.0,-0.44000244140625,-0.26000213623046875,-1.30999755859375,0.0,0.0,0.0,-4.69000244140625,0.0,0.0,0.0,0.0,-1.2700042724609375,0.0,0.0,-5.459999084472656,0.0,0.0,0.0,-2.94000244140625,0.0,-0.31999969482421875,-1.4000015258789062,0.0,-1.4499969482421875,-0.29000091552734375,-0.5799942016601562,-0.2599945068359375,0.0,-0.75,-26.580001831054688,-0.12000274658203125,0.0,0.0,-1.9900054931640625,0.0,-0.2700042724609375,0.0,-2.279998779296875,0.0,0.0,-0.7700042724609375,-1.69000244140625,-2.7099990844726562,0.0,-3.0800018310546875,-2.94000244140625,0.0,-0.4199981689453125,-2.2000045776367188,-2.5,0.0,-0.970001220703125,-1.0800018310546875,0.0
9.840003967285156,6.5500030517578125,8.069999694824219,6.9199981689453125,8.379997253417969,8.25,6.5800018310546875,9.55999755859375,9.069999694824219,6.9199981689453125,8.80999755859375,8.210006713867188,7.959999084472656,8.849998474121094,10.230003356933594,10.350006103515625,8.799995422363281,5.650001525878906,7.489997863769531,7.4900054931640625,7.510002136230469,8.230003356933594,8.139999389648438,8.170005798339844,9.5,8.19000244140625,8.1199951171875,8.970001220703125,8.840003967285156,7.839996337890625,7.930000305175781,7.660003662109375,7.4199981689453125,8.159996032714844,8.830001831054688,7.680000305175781,7.739997863769531,7.930000305175781,8.410003662109375,8.610000610351562,5.840003967285156,9.870002746582031,9.430000305175781,7.959999084472656,8.760002136230469,10.009994506835938,7.590003967285156,12.410003662109375,8.159996032714844,8.409996032714844,9.910003662109375,9.220001220703125,8.610000610351562,8.260002136230469,8.6199951171875,9.970001220703125,9.199996948242188,12.040000915527344,9.779998779296875,9.109992980957031,10.019996643066406,11.149993896484375,9.549995422363281,11.410003662109375,9.069999694824219,10.100006103515625,9.840003967285156,10.339996337890625,8.220001220703125,9.790000915527344,9.959999084472656,10.519996643066406,8.269996643066406,8.409996032714844,8.920005798339844,10.360000610351562,9.239997863769531,7.709999084472656,8.030006408691406,8.209999084472656,11.470001220703125,13.129997253417969,9.420005798339844,8.669998168945312,10.55999755859375,10.230003356933594,4.840003967285156,9.399993896484375,9.379997253417969,11.169998168945312,9.270004272460938,11.389999389648438,8.310005187988281,9.860000610351562,8.379997253417969,4.910003662109375,10.209999084472656,9.529998779296875,7.1100006103515625,11.30999755859375,7.129997253417969,5.7400054931640625,10.139999389648438,10.639999389648438,12.050003051757812,5.4499969482421875,9.520004272460938,11.040000915527344,6.319999694824219,8.150001525878906
0.0,0.0,0.0,0.0,0.0,0.0,0.0,0.0,0.0,0.0,0.0,0.0,0.0,0.0,0.0,0.0,0.0,0.0,0.0,0.0,0.0,0.0,0.0,0.0,0.0,0.0,0.0,0.0,0.0,0.0,0.0,0.0,0.0,0.0,0.0,0.0,0.0,0.0,0.0,0.0,0.0,0.0,0.0,0.0,0.0,0.0,0.0,0.0,0.0,0.0,0.0,0.0,0.0,0.0,0.0,0.0,0.0,0.0,0.0,0.0,0.0,0.0,0.0,0.0,0.0,0.0,0.0,0.0,0.0,0.0,0.0,0.0,0.0,0.0,-4.80999755859375,0.0,0.0,0.0,0.0,0.0,0.0,0.0,0.0,0.0,0.0,0.0,0.0,0.0,0.0,0.0,0.0,0.0,0.0,0.0,0.0,0.0,0.0,0.0,0.0,0.0,0.0,0.0,0.0,-1.0699996948242188,0.0,0.0,0.0,-0.8899993896484375,0.0,0.0
0.2580000013113022,0.04800000041723251,0.1589999981224537,0.06700000306591392,0.0,0.0,0.0,0.07599999755620956,0.27400000393390656,0.0,0.04899999964982271,0.0,0.14000000059604645,0.0,0.0,0.053999999538064,0.0,0.02599999913945794,0.0,0.0,0.006000004708766937,0.022999998182058334,0.0,0.0,0.0,0.0,0.0,0.03899999987334013,0.093000000808388,0.009999999776482582,0.14500000048428774,0.3869999870657921,0.0,0.0,0.012999996542930603,0.0,0.0,0.07600000035017729,0.04699999839067459,0.0,0.0,0.0,0.0240000004414469,0.0,0.0,0.027000002562999725,0.026000000536441803,0.0,0.0,0.0,0.01000000536441803,0.0,0.0,0.0,0.15300000458955765,0.0,0.0,0.0,0.0,0.0,0.0,0.0,0.0,0.0,0.0,0.0,0.0,0.0,0.0,0.0,0.49100002832710743,0.0,0.0,0.0,0.050999999046325684,0.0,0.0,0.0,0.0,0.0,0.0,0.0,0.0,0.008999999612569809,0.0,3.4289999920874834,0.0,0.0,0.0,0.0,0.0,0.0,0.0,0.0,0.0,0.0,0.0,0.0,0.0059999991208314896,0.0,0.0,0.0,0.07899999804794788,0.02200000360608101,0.0,0.0,0.0,0.0,0.0,0.0
-4.11599987745285,-3.367000052705407,-2.294000092893839,-5.5880000800825655,-3.2879999577999115,-3.59699999820441,-3.277000058442354,-4.545999847352505,-4.18999981880188,-4.041999883949757,-3.85600009560585,-3.4679999724030495,-3.9319999665021896,-3.973000146448612,-3.9950001146644354,-3.8760000746697187,-4.11199985537678,-1.9430000106804073,-4.505999781191349,-3.6140000224113464,-3.5359999984502792,-4.528999924659729,-4.351000115275383,-4.35099995136261,-4.020999826490879,-3.4699998835567385,-3.6589999310672283,-4.0310001680627465,-4.786999896168709,-4.064999809488654,-4.431999797932804,-3.709000028669834,-3.6010000188834965,-3.908000037074089,-4.677000157535076,-4.08099988847971,-3.2289999797940254,-3.931999963708222,-3.9469999819993973,-4.081000082194805,-3.0040001049637794,-3.8669998962432146,-4.35599996894598,-3.3209999026730657,-3.927000045776367,-3.8890001103281975,-4.144000142812729,-3.9380000717937946,-3.260999921709299,-3.987999849021435,-4.348999813199043,-5.377999980002642,-3.537000024691224,-4.718000136315823,-3.819000042974949,-4.675000190734863,-4.563000183552504,-4.341000124812126,-4.3669998571276665,-4.074000135064125,-3.936000019311905,-4.5719998851418495,-4.192000031471252,-4.51200021058321,-4.0850000604987144,-4.963999859988689,-4.286000236868858,-3.617000002413988,-3.7049999870359898,-4.077000040560961,-4.205000190064311,-4.429000141099095,-3.812999948859215,-1.9049999564886093,-5.323000222444534,-4.540000015869737,-4.314999942667782,-4.191000238060951,-4.268999822437763,-3.6889999993145466,-4.249000041745603,-4.560000149533153,-4.339999945834279,-4.306000225245953,-4.459999965620227,-4.162000088021159,-0.6040000207722187,-4.356000041589141,-3.760999972000718,-4.054000160191208,-4.425999969244003,-3.9520001858472824,-2.8310000896453857,-3.930000016465783,-4.011000111699104,-1.2849999815225601,-3.6539998988155276,-4.995999962091446,-4.967999771237373,-4.838000006973743,-3.7469999380409718,-2.761000044643879,-5.200000233948231,-3.8480000644922256,-4.166999828070402,-1.1360000036656857,-3.931000078096986,-3.7329999208450317,-0.8619999885559082,-3.8299998976290226
2.3750000596046448,0.695000022649765,2.0790001153945923,2.7670000791549683,1.9279999136924744,3.119000017642975,1.2129999697208405,1.9190000295639038,3.1629998981952667,1.935000091791153,2.141999900341034,0.8750000596046448,1.9080000221729279,1.6209999918937683,3.4170000851154327,3.1000000834465027,1.5000000596046448,0.6579999923706055,1.9139999747276306,1.6160000264644623,0.44999995827674866,1.1000000536441803,1.4590000212192535,3.4789998829364777,0.9539999663829803,2.0060001015663147,0.7000000178813934,0.7149999737739563,3.5740000009536743,1.4080000519752502,1.7199999392032623,3.875999838113785,2.1050000488758087,0.848999947309494,2.624999910593033,0.3009999990463257,1.5020000040531158,0.7410000264644623,2.2119999825954437,0.5489999949932098,2.339000105857849,4.233999967575073,3.0620000660419464,0.7710000276565552,3.6129999458789825,4.327000021934509,3.4000000655651093,3.0380000174045563,4.632000029087067,2.9749999046325684,4.630999773740768,3.7020001113414764,2.6309999525547028,4.74099999666214,3.275000125169754,3.5289999544620514,3.275999993085861,4.706000208854675,3.7090001702308655,3.6309999525547028,4.196000009775162,4.505999833345413,4.410999983549118,3.693999946117401,4.212999790906906,5.746999770402908,3.8660002052783966,3.909999966621399,3.9000000953674316,3.9449998140335083,3.7540000677108765,3.897000014781952,4.4629999697208405,3.0919999480247498,5.346000015735626,3.298000067472458,3.7020002007484436,3.0379998981952667,3.7359998524188995,2.8109999299049377,3.1830000281333923,1.5409999787807465,3.9259999096393585,1.850999891757965,3.6249999403953552,3.755000203847885,0.8030000329017639,3.1590000689029694,3.4349999129772186,2.607000082731247,2.5869999527931213,3.48499995470047,1.3389999568462372,2.071000039577484,4.192999929189682,0.48000001907348633,2.912000060081482,3.074999898672104,1.949999988079071,2.9989998936653137,1.66799995303154,0.4360000193119049,1.6960000097751617,3.243000090122223,2.4159999191761017,0.620000034570694,3.028999924659729,3.5320000052452087,0.4959999918937683,0.8170000612735748
-2.1489999890327454,-0.17000000178813934,-0.4189999997615814,-1.7640000581741333,0.0,-2.056999981403351,-0.6739999949932098,-1.3509999513626099,-3.1479999721050262,0.0,-3.536000072956085,-2.5170000195503235,-3.604999989271164,-0.44600000977516174,-1.476999968290329,-2.5630000233650208,-3.322999894618988,-4.390000104904175,-1.6809999346733093,-2.2750000059604645,-1.0180000364780426,-1.7510000169277191,-3.8990000188350677,0.0,-1.2159999907016754,0.0,-1.6749999821186066,-1.6500000357627869,0.0,-3.2170000672340393,-0.6490000188350677,-3.2949999272823334,-0.15700001269578934,-2.936000019311905,-1.5349999368190765,-3.007999897003174,-3.744999974966049,-2.5060000717639923,-1.548000007867813,-2.1339999735355377,-2.4910000562667847,-0.13300000131130219,-0.5450000017881393,-1.375,0.0,-1.8420000076293945,-0.528999999165535,-0.6019999980926514,0.0,-0.2539999932050705,0.0,-0.0040000081062316895,-0.431999996304512,-0.08900000154972076,-0.16499999165534973,-0.06800000369548798,-0.4060000106692314,-0.2929999902844429,-0.03700000047683716,0.0,0.0,0.0,-0.33000000519677997,-0.1979999914765358,0.0,-0.10799999535083771,0.0,-0.3409999869763851,-0.43299999833106995,-0.5010000020265579,-0.8930000066757202,-3.056000053882599,-0.12700000405311584,-1.2870000004768372,-0.20600001513957977,0.0,0.0,-0.08300000429153442,0.0,-0.10999999940395355,-0.6220000088214874,-1.9169999659061432,-0.06099998950958252,-1.0839999914169312,-0.4450000077486038,-5.071999937295914,-0.20999998599290848,-3.1160000264644623,0.0,-0.05500000715255737,0.0,-0.25599998980760574,-0.2549999877810478,0.0,-0.28300001099705696,-0.5050000101327896,0.0,-0.4559999853372574,-0.49699999392032623,-0.05300000309944153,-0.30399999814108014,-0.1979999840259552,-0.6990000009536743,-0.9129999876022339,-0.6589999794960022,-0.22899998724460602,-0.5779999941587448,0.0,-0.3399999924004078,-0.7049999833106995
0.024000048637390137,0.0,0.0,0.0,0.0,0.0,0.0,0.0,0.0,0.0,0.0,0.0,0.005999922752380371,0.0,0.0,0.0,0.0,0.0,0.0,0.0,0.0,0.0,0.0,0.0,0.0,0.0,0.0,0.0,0.0,0.0,0.0,0.0,0.0,0.0,0.0,0.0,0.0,0.0,0.0,0.0,0.0,0.0,0.0,0.0,0.0,0.0,0.0,0.0,0.0,0.0,0.0,0.0,0.0,0.0,0.0,0.0,0.0,0.0,0.0,0.0,0.0,0.0,0.0,0.0,0.0,0.0,0.0,0.0,0.0,0.0,0.0,0.0,0.0,0.0,0.0,0.0,0.0,0.0,0.0,0.0,0.0,0.0,0.0,0.0,0.0,0.0,0.0,0.0,0.0,0.0,0.0,0.0,0.0,0.0,0.0,0.0,0.0,0.0,0.0,0.0,0.0,0.0,0.0,0.0,0.0,0.0,0.0,0.0,0.0,0.0
-0.515999972820282,-0.36600005626678467,-0.3940000534057617,-0.43900007009506226,-0.3649999499320984,-0.4779999256134033,-0.38700002431869507,-0.4099999666213989,-0.4020000100135803,-0.531999945640564,-0.44599997997283936,-0.34999996423721313,-0.4880000352859497,-0.4490000009536743,-0.49699997901916504,-0.409000039100647,-0.45499998331069946,-0.3529999852180481,-0.4610000252723694,-0.44199997186660767,-0.4440000057220459,-0.39899998903274536,-0.37900006771087646,-0.4920000433921814,-0.393000066280365,-0.3800000548362732,-0.4800000786781311,-0.36299991607666016,-0.5729999542236328,-0.4449999928474426,-0.4729999899864197,-0.45600003004074097,-0.45899999141693115,-0.4580000638961792,-0.45399999618530273,-0.43199998140335083,-0.4009999632835388,-0.3400000333786011,-0.44899994134902954,-0.5029999613761902,-0.3659999370574951,-0.49199992418289185,-0.3500000238418579,-0.3810000419616699,-0.5870000720024109,-0.4509999752044678,-0.48499995470046997,-0.4740000367164612,-0.4180000424385071,-0.4110000729560852,-0.5759999752044678,-0.4779999256134033,-0.32399994134902954,-0.48200005292892456,-0.4100000262260437,-0.45799994468688965,-0.39900004863739014,-0.37699997425079346,-0.3349999785423279,-0.528999924659729,-0.4789999723434448,-0.45899999141693115,-0.5350000262260437,-0.484000027179718,-0.4880000352859497,-0.4300000071525574,-0.46299999952316284,-0.5979999899864197,-0.4700000286102295,-0.3980000615119934,-0.503000020980835,-0.5239999890327454,-0.6000000238418579,-0.4369999170303345,-0.5100000500679016,-0.49599993228912354,-0.5410000085830688,-0.5670000314712524,-0.4869999289512634,-0.4520000219345093,-0.5750000476837158,-0.39699995517730713,-0.5370000004768372,-0.4549999237060547,-0.5260000228881836,-0.43699997663497925,-0.4010000228881836,-0.4789999723434448,-0.5239999890327454,-0.48000001907348633,-0.41999995708465576,-0.44199997186660767,-0.4710000157356262,-0.49000000953674316,-0.3799999952316284,-0.32300007343292236,-0.47499996423721313,-0.4339999556541443,-0.4350000023841858,-0.4129999876022339,-0.3940000534057617,-0.38099998235702515,-0.48799997568130493,-0.49299997091293335,-0.43199998140335083,-0.37300002574920654,-0.4519999623298645,-0.48500001430511475,-0.38700008392333984,-0.375
0.17609999999999998,0.105,0.05789999999999999,0.13319999999999999,0.1407,0.126,0.060899999999999996,0.11879999999999999,0.11189999999999999,0.1002,0.1263,0.0765,0.11159999999999999,0.11339999999999999,0.12179999999999999,0.11489999999999999,0.11969999999999999,0.059399999999999994,0.10619999999999999,0.10289999999999999,0.11699999999999999,0.10679999999999999,0.0948,0.1659,0.1152,0.10049999999999999,0.11939999999999999,0.09809999999999999,0.1518,0.10559999999999999,0.1386,0.09209999999999999,0.12329999999999999,0.1146,0.13049999999999998,0.0978,0.11429999999999998,0.10229999999999999,0.12179999999999999,0.1113,0.1026,0.13529999999999998,0.1251,0.0978,0.1389,0.1161,0.13679999999999998,0.10949999999999999,0.10799999999999998,0.1329,0.15239999999999998,0.1455,0.13379999999999997,0.1482,0.1362,0.12869999999999998,0.13529999999999998,0.1314,0.15209999999999999,0.1473,0.12269999999999999,0.14789999999999998,0.1341,0.1548,0.15209999999999999,0.17099999999999999,0.12389999999999998,0.1407,0.12179999999999999,0.11939999999999999,0.1536,0.14909999999999998,0.17009999999999997,0.11669999999999998,0.1551,0.14309999999999998,0.15419999999999998,0.1536,0.13169999999999998,0.144,0.1404,0.12359999999999999,0.1434,0.13949999999999999,0.14159999999999998,0.1407,0.047999999999999994,0.1326,0.141,0.1209,0.1389,0.144,0.08789999999999999,0.13019999999999998,0.11879999999999999,0.0501,0.14009999999999997,0.15089999999999998,0.14159999999999998,0.1344,0.0978,0.0654,0.1422,0.12269999999999999,0.14759999999999998,0.0513,0.15719999999999998,0.13349999999999998,0.0426,0.07949999999999999
-0.22379999999999997,-0.0861,-0.030299999999999997,-0.11939999999999999,-0.0573,-0.09659999999999999,-0.0612,-0.08429999999999999,-0.0987,-0.09809999999999999,-0.0798,-0.052199999999999996,-0.09449999999999999,-0.10469999999999999,-0.09839999999999999,-0.07289999999999999,-0.07859999999999999,-0.07919999999999999,-0.06749999999999999,-0.0996,-0.07619999999999999,-0.10529999999999999,-0.08579999999999999,-0.11399999999999999,-0.0957,-0.0717,-0.09,-0.08549999999999999,-0.0915,-0.09599999999999999,-0.09119999999999999,-0.0909,-0.08399999999999999,-0.1035,-0.10229999999999999,-0.1026,-0.08639999999999999,-0.08969999999999999,-0.09989999999999999,-0.09119999999999999,-0.025799999999999997,-0.1122,-0.0696,-0.0846,-0.10319999999999999,-0.10799999999999998,-0.0852,-0.09419999999999999,-0.060899999999999996,-0.09749999999999999,-0.0867,-0.0957,-0.0663,-0.11579999999999999,-0.09359999999999999,-0.11159999999999999,-0.10229999999999999,-0.10229999999999999,-0.058199999999999995,-0.08009999999999999,-0.08159999999999999,-0.10679999999999999,-0.1011,-0.1161,-0.1002,-0.08729999999999999,-0.11039999999999998,-0.08549999999999999,-0.04529999999999999,-0.10529999999999999,-0.1137,-0.10439999999999999,-0.11579999999999999,-0.036899999999999995,-0.11489999999999999,-0.10859999999999999,-0.12179999999999999,-0.12149999999999998,-0.11579999999999999,-0.08489999999999999,-0.12209999999999999,-0.10619999999999999,-0.1185,-0.1161,-0.12359999999999999,-0.10949999999999999,-0.020399999999999998,-0.12149999999999998,-0.09449999999999999,-0.09269999999999999,-0.11339999999999999,-0.0804,-0.040799999999999996,-0.10559999999999999,-0.0924,-0.0411,-0.0948,-0.10709999999999999,-0.1098,-0.0987,-0.058499999999999996,-0.045599999999999995,-0.12119999999999999,-0.10439999999999999,-0.0915,-0.033299999999999996,-0.08249999999999999,-0.1026,-0.035699999999999996,-0.06029999999999999
0.13649999999999998,0.10139999999999999,0.07949999999999999,0.1425,0.1083,0.14459999999999998,0.0759,0.13349999999999998,0.12419999999999999,0.11429999999999998,0.1533,0.075,0.1407,0.13169999999999998,0.14279999999999998,0.11249999999999999,0.1644,0.12059999999999998,0.1323,0.14789999999999998,0.1323,0.1515,0.11939999999999999,0.1311,0.1323,0.09449999999999999,0.1251,0.1356,0.15869999999999998,0.10289999999999999,0.1419,0.1278,0.1059,0.14159999999999998,0.1308,0.16199999999999998,0.10229999999999999,0.13019999999999998,0.1404,0.1407,0.11909999999999998,0.12209999999999999,0.13829999999999998,0.11159999999999999,0.0996,0.14279999999999998,0.10709999999999999,0.11099999999999999,0.10559999999999999,0.1026,0.1419,0.11669999999999998,0.1311,0.1263,0.10799999999999998,0.11009999999999999,0.11009999999999999,0.09599999999999999,0.16169999999999998,0.1488,0.0852,0.10529999999999999,0.0846,0.11279999999999998,0.1308,0.09449999999999999,0.10919999999999999,0.11789999999999999,0.102,0.1209,0.1389,0.1356,0.1437,0.10169999999999998,0.1098,0.11579999999999999,0.11489999999999999,0.1596,0.1284,0.144,0.1548,0.1362,0.1488,0.15269999999999997,0.1404,0.1659,0.06899999999999999,0.14909999999999998,0.1296,0.1176,0.11189999999999999,0.16829999999999998,0.11039999999999998,0.1275,0.11489999999999999,0.08099999999999999,0.0924,0.1299,0.1425,0.13169999999999998,0.1026,0.0852,0.1371,0.1122,0.11279999999999998,0.08429999999999999,0.1308,0.12359999999999999,0.10139999999999999,0.10709999999999999
-0.09809999999999999,-0.053099999999999994,-0.026099999999999998,-0.0717,-0.05039999999999999,-0.060899999999999996,-0.027599999999999996,-0.05519999999999999,-0.051899999999999995,-0.059399999999999994,-0.0438,-0.022199999999999998,-0.0489,-0.08399999999999999,-0.08429999999999999,-0.0561,-0.0201,-0.026099999999999998,-0.041699999999999994,-0.052199999999999996,-0.026999999999999996,-0.0486,-0.06149999999999999,-0.10139999999999999,-0.0321,-0.0687,-0.029099999999999997,-0.053399999999999996,-0.0672,-0.07229999999999999,-0.06029999999999999,-0.0213,-0.0789,-0.06149999999999999,-0.06659999999999999,-0.020999999999999998,-0.06449999999999999,-0.05669999999999999,-0.0612,-0.033299999999999996,-0.0195,-0.11189999999999999,-0.0435,-0.0351,-0.0783,-0.07769999999999999,-0.07709999999999999,-0.0831,-0.0513,-0.08249999999999999,-0.055799999999999995,-0.09029999999999999,-0.0561,-0.12389999999999998,-0.11579999999999999,-0.09029999999999999,-0.09029999999999999,-0.09599999999999999,-0.1098,-0.07529999999999999,-0.0783,-0.10949999999999999,-0.09749999999999999,-0.14639999999999997,-0.10799999999999998,-0.11069999999999999,-0.1146,-0.06149999999999999,-0.05039999999999999,-0.11699999999999999,-0.12329999999999999,-0.09989999999999999,-0.0957,-0.021599999999999998,-0.1293,-0.10049999999999999,-0.1626,-0.08789999999999999,-0.11639999999999999,-0.0327,-0.1065,-0.0831,-0.11879999999999999,-0.0765,-0.11399999999999999,-0.1113,-0.017699999999999997,-0.1065,-0.11249999999999999,-0.09179999999999999,-0.11159999999999999,-0.05789999999999999,-0.018299999999999997,-0.11249999999999999,-0.0735,-0.021599999999999998,-0.11249999999999999,-0.0933,-0.07559999999999999,-0.12209999999999999,-0.0186,-0.0225,-0.0909,-0.08189999999999999,-0.07769999999999999,-0.024599999999999997,-0.0768,-0.10799999999999998,-0.0156,-0.023399999999999997
32.0,32.0,32.0,32.0,32.0,32.0,32.0,32.0,32.0,32.0,32.0,32.0,32.0,32.0,32.0,32.0,32.0,32.0,32.0,32.0,32.0,32.0,32.0,32.0,32.0,32.0,32.0,32.0,32.0,32.0,32.0,32.0,32.0,32.0,32.0,32.0,32.0,32.0,32.0,32.0,32.0,32.0,32.0,32.0,32.0,32.0,32.0,32.0,32.0,32.0,32.0,32.0,32.0,32.0,32.0,32.0,32.0,32.0,32.0,32.0,32.0,32.0,32.0,32.0,32.0,32.0,32.0,32.0,32.0,32.0,32.0,32.0,32.0,32.0,32.0,32.0,32.0,32.0,32.0,32.0,32.0,32.0,32.0,32.0,32.0,32.0,32.0,32.0,32.0,32.0,32.0,32.0,32.0,32.0,32.0,32.0,32.0,32.0,32.0,32.0,32.0,32.0,32.0,32.0,32.0,32.0,32.0,32.0,32.0,32.0
15.0,15.0,15.0,15.0,15.0,15.0,15.0,15.0,15.0,15.0,15.0,15.0,15.0,15.0,15.0,15.0,15.0,15.0,15.0,15.0,15.0,15.0,15.0,12.0,15.0,15.0,15.0,15.0,15.0,15.0,15.0,15.0,15.0,15.0,15.0,15.0,15.0,15.0,15.0,15.0,15.0,15.0,15.0,15.0,15.0,15.0,15.0,14.0,15.0,15.0,15.0,15.0,15.0,15.0,15.0,11.0,15.0,13.0,15.0,8.0,15.0,15.0,15.0,15.0,15.0,15.0,15.0,15.0,15.0,15.0,15.0,15.0,15.0,15.0,15.0,15.0,15.0,15.0,15.0,15.0,15.0,15.0,15.0,15.0,15.0,15.0,3.0,15.0,15.0,11.0,15.0,14.0,11.0,11.0,15.0,3.0,15.0,15.0,15.0,15.0,6.0,15.0,15.0,15.0,15.0,3.0,15.0,15.0,3.0,9.0
0.0,0.0,1.0,0.0,0.0,0.0,0.0,0.0,0.0,0.0,0.0,0.0,0.0,0.0,0.0,0.0,0.0,0.0,0.0,0.0,0.0,0.0,0.0,0.0,0.0,0.0,0.0,0.0,0.0,0.0,0.0,0.0,0.0,0.0,0.0,0.0,0.0,0.0,0.0,0.0,0.0,0.0,0.0,0.0,0.0,0.0,0.0,0.0,0.0,0.0,0.0,0.0,0.0,0.0,0.0,0.0,0.0,0.0,0.0,0.0,0.0,0.0,0.0,0.0,0.0,0.0,0.0,0.0,0.0,0.0,0.0,0.0,0.0,1.0,0.0,0.0,0.0,0.0,0.0,0.0,0.0,0.0,0.0,0.0,0.0,0.0,1.0,0.0,0.0,0.0,0.0,1.0,1.0,1.0,0.0,1.0,0.0,0.0,0.0,0.0,0.0,0.0,0.0,0.0,0.0,1.0,0.0,0.0,1.0,0.0
0.0009607903024405062,0.0,1.706059137494831e-05,0.0,0.00026315248321490126,0.00018337700910589505,0.0,0.0,0.0,2.4938691532028212e-05,3.557551065430653e-06,0.0,7.212504352246962e-06,2.4131014887684987e-05,2.2456331780190686e-05,0.0,5.827894974241854e-05,0.0,5.781893519968273e-05,4.308856088808266e-05,0.0,0.0,0.0,0.000307051559701052,0.0,0.0,1.1294512903284315e-05,0.0,0.0,0.0,0.0,0.0,0.0,0.0,0.0,0.0,1.775222277705657e-06,0.0,0.0,0.0,0.0,0.0,0.0,4.0808723946322845e-06,0.00022286939418852958,0.0,6.356007552284215e-05,0.0003335071815006724,1.878512631742213e-05,0.0006025977190150106,0.0,0.0,2.0420455962261164e-05,4.5926065954882134e-05,0.0002786224408872634,0.0009555634651934042,0.0,0.0008797857243348639,0.00033090640820722383,0.0007101578412823939,0.0008828798288650908,0.00014561087347979285,0.000436692664546226,2.825785386142976e-06,0.0001794267193589716,0.0,4.464576390156294e-05,0.0,0.0,0.0,0.0,0.0,2.3932388459851905e-05,1.5944807871343114e-05,0.0,0.0,0.0,0.0,6.163021165980775e-05,3.0745510720353586e-05,0.0,0.0,0.0,0.0,0.0,0.0,0.0,0.0,1.875016707220123e-05,5.3361756270228766e-05,0.0,0.00017787002393633566,0.000122550254235132,1.8263479245994585e-05,1.4035843000498316e-05,0.0,6.26526415957035e-05,0.0,0.0,0.0,0.0,3.7019121050529957e-07,0.0,0.0,0.0,2.0806584770383107e-06,0.0,5.082079420995478e-05,0.0,0.0
-0.007042853984157285,-0.0008647840869593637,-0.0019288295011461593,-0.0037794369968579683,-0.00023364456974127312,-0.0026382514308915944,-0.0013277158456271726,-0.007923831129685713,-0.01142900998502834,-0.00223523062448909,-0.008681615538047069,-0.00750304988319167,-0.009809482987707577,-0.002357416155003275,-0.006700749596944555,-0.0037578520415451344,-0.004170163258385318,-0.0019881045446221157,-0.007866614105461786,-0.004875486460363024,-0.002429052991414049,-0.003661632619603436,-0.006086467160612452,-0.0015217832080899052,-0.0028410166043401214,-0.0012564153904540548,-0.005969475480670283,-0.0040266175816593,-0.005719556953374255,-0.006172383343127197,-0.004305661484588719,-0.007410092739354196,-0.0022180785593939323,-0.008691538638470803,-0.008506424573263685,-0.009845664343558935,-0.0070965911305886364,-0.002771266383709531,-0.007612636883772422,-0.009927989141332097,-0.004116859865051933,-0.004144020589703701,-0.004646947389327513,-0.004494779947713579,-0.0038472552218674627,-0.010456327366631712,-0.005911573039846185,-0.001875684809833536,-0.0014016474097727216,-0.001720755420562936,-0.004827987064814229,-0.0016711949257866288,-0.001639434589221861,-0.00385960064954044,-0.00113836849750229,-0.0014746654367363138,-0.0021092926389258276,-0.0003683309191506168,-0.001399693100115007,-0.0006434878715831649,-0.0009706790946617944,-0.0016987677365662424,-0.0028314986771487693,-0.0025987604089969946,-0.002436765251962819,-0.0013130279884223106,-0.003585906060426247,-0.006834506699680068,-0.001832326513226984,-0.005568907766312636,-0.008716627856953596,-0.014537769828858918,-0.010773903157833706,-0.005094929008831767,-0.004174348979135115,-0.008433621685244641,-0.007576683863160183,-0.009890485668469756,-0.004592262652779927,-0.004071583047050464,-0.005089282574636644,-0.003685251974199666,-0.00795106893576128,-0.004459876873044347,-0.006018985680530414,-0.01559023371439687,-0.00029809053173417144,-0.008232174531849518,-0.003661614896855056,-0.002117219235781523,-0.001826894955851338,-0.0024520710609902824,-0.0009626450703836692,-0.0014090492779970376,-0.0026472271573475953,-0.0002881633783246712,-0.0012534657973102964,-0.002163552584437012,-0.002343184485533556,-0.002705447911716105,-0.0005590254652725057,-0.0023817364580564077,-0.005402469360571316,-0.007185632887245677,-0.004441774635974158,-0.00033029339927655166,-0.003952517325465643,-0.008032741865770174,-0.0006521673351142787,-0.0016092724822803772
3.680071463996182e-05,5.668071050612955e-05,1.5319698477345156e-05,0.0,9.56800225365706e-06,5.75253746359361e-05,2.9345264020541606e-05,0.0,6.263234878234325e-05,1.3760950423713503e-05,2.2210832976099493e-05,0.0,1.7957025087722567e-05,5.600548374906644e-05,0.0,7.939575674648092e-05,0.0,4.080746623980058e-05,3.490267120609403e-05,0.0,0.0,0.0,0.0,0.0,0.0,0.0,0.0,0.0,3.4289536497478235e-05,4.073775405749602e-05,0.0,0.0,0.0,0.0,0.0,0.0,1.6523609860819022e-05,0.0,0.0,0.0,0.0,0.0,0.0,1.9393155100855264e-05,0.0,0.0,0.0,0.0,0.0,0.0,0.0,2.7554065759161084e-05,0.0,0.0,0.0,0.0,0.0,0.00010698971844091965,0.0,3.8322603803098154e-05,4.516893574113556e-05,0.0,0.0,8.519044851623692e-05,4.9512076922497705e-05,0.0,0.0,0.0,0.0,0.0,0.0,0.0,0.0,1.7678640436225024e-05,0.0,0.0,0.0,0.0,6.964043851032109e-07,0.0,0.0,5.093154259033783e-05,8.050743792731296e-07,0.0,0.0,0.0,2.0830316623421385e-05,8.809758306305149e-06,0.0,0.0,0.0,0.0,0.0,0.0,0.0,0.0,0.0,0.0,0.0,0.0,0.0,1.0003251080914488e-05,0.0,0.0,0.0,0.0,1.023075089418013e-05,0.0,0.0,0.0
-0.008567983161877235,-0.0015441696610764555,-0.0023861020979303316,-0.0041012211930495646,-0.0013067520772198638,-0.0035490846892584083,-0.002344646520303195,-0.010073887194715136,-0.014572474343959974,-0.004501388038922749,-0.011764263967315114,-0.00810930795950554,-0.01148806158917326,-0.004593371351465314,-0.007894831128635815,-0.006779521438449565,-0.0058422816613078465,-0.0016316526371429885,-0.010981660809984306,-0.006570707617466254,-0.004143743556735413,-0.006237551362232474,-0.007290103269319892,-0.003815219473984943,-0.004604581526786111,-0.0029327033750197185,-0.009153267695633405,-0.005901911726201636,-0.007666830070684749,-0.01081697224607131,-0.006915054970308199,-0.010010824186497569,-0.004318368098246483,-0.01204436628901595,-0.010711330176951028,-0.01368230104776541,-0.010298156704552475,-0.004234216901271237,-0.011484501184934215,-0.013752620290018447,-0.004199529057813511,-0.00649780860717708,-0.0062022861921154915,-0.006677592436688917,-0.006532292105111193,-0.016405561819431203,-0.00888245880595423,-0.0037624353020740964,-0.0033683387177488866,-0.003136517231189462,-0.00662664603217189,-0.004306025766965704,-0.0035462590017131257,-0.0065962851261034405,-0.0036914066917399513,-0.003550031644736329,-0.005540265508946041,-0.003475945711874262,-0.0032402925497587165,-0.0034376616379881986,-0.0035198387573244228,-0.0035460864795484603,-0.0058344682328770325,-0.0054512531707052725,-0.003802929304518643,-0.003929271926286171,-0.0063867347505475736,-0.01061793603974892,-0.0035455271138170597,-0.007937277473140325,-0.011501699031875035,-0.019148982856088514,-0.013433659439209933,-0.007039652973153454,-0.007202901300315312,-0.011256249054194478,-0.010625116552446301,-0.011905660291220421,-0.007095167236625621,-0.005759904070174182,-0.007414198221325885,-0.005163846329328592,-0.009640602340290405,-0.006742899787501977,-0.008271066376926539,-0.015577998191249054,-0.0004750005246692557,-0.010444653800626369,-0.005072314419341195,-0.003938019483443966,-0.003265680228784651,-0.004456530748539134,-0.0020372253668399787,-0.003482911528304433,-0.0047369409265091145,-0.0008250238720402536,-0.003050405125636424,-0.004957452013851782,-0.0052931339559511015,-0.005877526474419303,-0.0023806887546324873,-0.0038679548087307003,-0.008526747360251719,-0.01190938457262447,-0.00842825378923695,-0.0007767977995408182,-0.0062692836467660995,-0.012903781840925554,-0.0007479252523047708,-0.003510850256724374
0.0,0.0,0.0,0.0,0.0,0.0,0.0,0.0,0.0,0.0,0.0,0.0,0.0,0.0,0.0,0.0,0.0,0.0,0.0,0.0,0.0,0.0,0.0,0.0,0.0,0.0,0.0,0.0,0.0,0.0,0.0,0.0,0.0,0.0,0.0,0.0,0.0,0.0,0.0,0.0,0.0,0.0,0.0,0.0,0.0,7.211355005221076e-05,0.0,0.0,0.0,0.0,0.0,0.0,0.0,0.0,0.0,0.0,0.0,0.0,0.0,0.0,0.0,0.0,5.272641638820463e-05,0.0,0.0,0.0,0.0,0.0003938350959683534,0.0,0.00016980720655213055,0.0,0.0,0.0,0.0,0.0,0.0,0.0,0.0,0.0,0.0,0.0,0.0,0.0,0.0,0.0,0.0,0.0,0.0,0.0,0.0,0.0,0.0,0.0,0.0,0.0,0.0,0.0,0.0,0.0,0.0,0.0,0.0,0.0,0.0,0.0,0.0,0.0,0.0,0.0,0.0
-0.0022812924342869856,-0.001665713659994128,-0.0012397535891027212,-0.0019784542261250815,-0.0013178896731384504,-0.0019431059849114307,-0.0016043396421299705,-0.0017655783091973243,-0.0018410011840446217,-0.001694023344281037,-0.0022268169846032526,-0.0015684259527311561,-0.0016791387193197393,-0.0016948216210550537,-0.0015920514684527598,-0.0013304398267612316,-0.0019815870598268726,-0.0019059848304586735,-0.0017671272873651667,-0.001723876816677239,-0.0015362317395171132,-0.0017861283675452144,-0.0016988547770776519,-0.0015712288165230515,-0.0017480144568581824,-0.0013932800619795849,-0.0014904575205256787,-0.0017476549534682917,-0.001275420530040039,-0.0018137701527971006,-0.0018702953139226874,-0.002085319990855816,-0.0012717455199201533,-0.0015729040037438802,-0.0014299913867838465,-0.0021095894569322926,-0.001935469574928017,-0.0014721911561119683,-0.001537246272773407,-0.0016166720077308017,-0.001651110208159834,-0.0012331730220872528,-0.0015553220997406303,-0.00135697573627247,-0.0011530276912144477,-0.0011140947147770808,-0.0012179486978801113,-0.0013595775939115873,-0.0008546815208477221,-0.0012473200353190217,-0.0007725602491370775,-0.000958757980575542,-0.0012293579117477194,-0.0011950042968766894,-0.001214511213217806,-0.001221204372825413,-0.0007651292864586101,-0.0009946074017800899,-0.0010538579065110243,-0.0012246804767270802,-0.0007049089677799714,-0.0008701013627938625,-0.0008102195902667253,-0.0011866145188959565,-0.0008685187089211843,-0.0007279924617137334,-0.0009827661704780444,-0.0008034220759827737,-0.0007116205783797569,-0.0011076485998110508,-0.0011655511822328823,-0.0015810567328320424,-0.000980549527670349,-0.0011246870917860363,-0.001484541504575776,-0.0009708375416627724,-0.0012532125730632115,-0.0011207077969894175,-0.0017241368309300897,-0.0014516033364645464,-0.0015966011014282855,-0.0018174609885359128,-0.0010102374602771746,-0.0019211204716101382,-0.001605107752115531,-0.001389800036869282,-0.000859173297734106,-0.0021968454837832385,-0.0013782194788207747,-0.0014787305265240303,-0.001435009771844964,-0.0016818535877551888,-0.001316012679690448,-0.0017045157901180996,-0.0018183849008695518,-0.0012644663429752234,-0.0011999638471216212,-0.0014785284373945995,-0.0018840598038684098,-0.0010860423489220117,-0.0015739858030812126,-0.0014739571594364342,-0.0019266367374708437,-0.0015378790488866922,-0.001844036864537879,-0.0010806277523849328,-0.0016252340790394726,-0.0015170330320726788,-0.001023902041944913,-0.0016114633473697237
0.05972160107226154,0.033317672937250346,0.033854576929000804,0.045724298903953284,0.03141015679521794,0.03894675519671395,0.032988833504577326,0.05694790525396766,0.0628820745413629,0.04058940890083296,0.05721035852216512,0.046747090252271556,0.059801150673879325,0.039143049782842936,0.05652127590333332,0.045189549819395027,0.041410863555970776,0.024810335457032123,0.05712873597042237,0.044376056898116856,0.037383827753435905,0.04159210091776158,0.0460692480086535,0.04182913667912928,0.04046187835171779,0.037504836933921204,0.04938584413323306,0.044246728731665935,0.05603131499990788,0.05294732096078439,0.04642294403857718,0.051019865813850554,0.03957346198525845,0.06181501826863932,0.06063501466319422,0.06281351523278268,0.056067555340104575,0.03966861214478286,0.057838075463310115,0.06523779762603973,0.04406635914168884,0.04883239688028383,0.04620263361921256,0.04442184827427997,0.04878171761733924,0.06676497320415083,0.051392097415210745,0.0376300945791439,0.037632627469400645,0.03725959365855381,0.05307587786934102,0.039648240250261424,0.03663211468009972,0.05022961369851307,0.036817572141034635,0.0367025638884595,0.04194565457191007,0.034261376947031526,0.038408672181773906,0.03807201257456365,0.03577002069350413,0.040629031181717734,0.044153274393051556,0.04443066351873387,0.04357515156278698,0.03925886661181033,0.04709703126296083,0.05785504609770761,0.038249651775349364,0.050180669101452635,0.06449756050376082,0.0832025880517923,0.07241337979430852,0.040802504238385606,0.04921358068071935,0.06451646824991443,0.05943431092948398,0.06743967259565219,0.050478979528227025,0.046045891166638195,0.05133785374615232,0.04541098556038663,0.0635153787389094,0.04652154478452224,0.05480255456674643,0.06779809443792056,0.024696080872742228,0.05744737102701582,0.04599076191012494,0.03911052684701076,0.03930866499500096,0.0399396696853742,0.03155048689331221,0.039168057407380864,0.03905986561618386,0.025327398666177794,0.03815366796286822,0.04303890078404583,0.04149216467830314,0.04417009507305811,0.033518046054278064,0.03725374054824363,0.05280556263219187,0.05502683115304412,0.046946352275982095,0.025313765265775633,0.04887266630904151,0.0593314252040624,0.024847520279274903,0.03280041125676362
0.0,0.0,0.0,0.0,0.0,0.0,0.0,0.0,0.0,0.0,0.0,0.0,0.0,0.0,0.0,0.0,0.0,0.0,0.0,0.0,0.0,0.0,0.0,0.0,0.0,0.0,0.0,0.0,0.0,0.0,0.0,0.0,0.0,0.0,0.0,0.0,0.0,0.0,0.0,0.0,0.0,0.0,0.0,0.0,0.0,0.0,0.0,0.0,0.0,0.0,0.0,0.0,0.0,0.0,0.0,0.0,0.0,0.0,0.0,0.0,0.0,0.0,0.0,0.0,0.0,0.0,0.0,0.0,0.0,0.0,0.0,0.0,0.0,0.0,0.0,0.0,0.0,0.0,0.0,0.0,0.0,0.0,0.0,0.0,0.0,0.0,0.0,0.0,0.0,0.0,0.0,0.0,0.0,0.0,0.0,0.0,0.0,0.0,0.0,0.0,0.0,0.0,0.0,0.0,0.0,0.0,0.0,0.0,0.0,0.0
0.0,0.0,0.0,0.0,0.0,0.0,0.0,0.0,0.0,0.0,0.0,0.0,0.0,0.0,0.0,0.0,0.0,0.0,0.0,0.0,0.0,0.0,0.0,0.0,0.0,0.0,0.0,0.0,0.0,0.0,0.0,0.0,0.0,0.0,0.0,0.0,0.0,0.0,0.0,0.0,0.0,0.0,0.0,0.0,0.0,0.0,0.0,0.0,0.0,0.0,0.0,0.0,0.0,0.0,0.0,0.0,0.0,0.0,0.0,0.0,0.0,0.0,0.0,0.0,0.0,0.0,0.0,0.0,0.0,0.0,0.0,0.0,0.0,0.0,0.0,0.0,0.0,0.0,0.0,0.0,0.0,0.0,0.0,0.0,0.0,0.0,0.0,0.0,0.0,0.0,0.0,0.0,0.0,0.0,0.0,0.0,0.0,0.0,0.0,0.0,0.0,0.0,0.0,0.0,0.0,0.0,0.0,0.0,0.0,0.0
-0.3093772364039473,-0.3084534532876242,-0.3803895988344752,-0.32528668246696346,-0.3206431292673718,-0.3736584069562815,-0.38052171929465306,-0.35840560778187913,-0.3803946773463851,-0.3112265368680275,-0.3795583654574737,-0.380109429233932,-0.320116905251272,-0.2601841133951266,-0.3746766737236832,-0.3103079260890905,-0.24600330676901727,-0.2221246350483398,-0.3798110410492791,-0.38034278658491105,-0.2199592757863642,-0.3232807676393581,-0.3227334429053941,-0.3551790135963687,-0.29370072535390335,-0.37710477666438724,-0.2507840117171396,-0.31715081028201975,-0.3133548225912207,-0.34977786546709055,-0.34047347389055826,-0.36564426647712367,-0.30672646059911834,-0.27860793196199396,-0.33846013027707256,-0.2694748427024609,-0.3018973204180977,-0.2965031833882351,-0.3068915119322485,-0.2531760647911586,-0.38061393022653167,-0.3665752732382319,-0.311471662154419,-0.26891694152890755,-0.3527992707425338,-0.33435533121835015,-0.3220128318101497,-0.22382186381278157,-0.3800682105267401,-0.22839276763920013,-0.3557319885846767,-0.24459493927524312,-0.35817379121818294,-0.29907233716783044,-0.25818051002574516,-0.25502757294213163,-0.2215322892867726,-0.23734118769334045,-0.33616310363373647,-0.33178092090039535,-0.2555049314863256,-0.22434124629542973,-0.2592146923241342,-0.2850417849573399,-0.2911957742245167,-0.27407892181578875,-0.3249107164684989,-0.27128503152189687,-0.3382702948168601,-0.336651352034091,-0.3230872042929708,-0.3117740965335809,-0.2703326621294001,-0.3801667426582769,-0.3488897409160653,-0.270469524847177,-0.335949199969657,-0.3088219572585529,-0.32711013074758544,-0.28059999215354803,-0.36586899763712066,-0.268594291426011,-0.25010226893060183,-0.2662682934499202,-0.30148919201019486,-0.35688776558299806,-0.3706756120443573,-0.3048578043613399,-0.3798323789525697,-0.24173637213142485,-0.28397632291091623,-0.23186533320873592,-0.3806687986473697,-0.29308912062650083,-0.37434042826612735,-0.3741679133995597,-0.2890030965120428,-0.288941890704142,-0.26330372885360653,-0.29914065923353184,-0.3795809969927798,-0.38086695192872544,-0.266833448631388,-0.37370864809852367,-0.32865159182061376,-0.37399387525750505,-0.37822828725285884,-0.3711730864238011,-0.36990769575038196,-0.3728204783042177
0.0,0.0,0.0,0.0,0.0,0.0,0.0,0.0,0.0,0.0,0.0,0.0,0.0,0.0,0.0,0.0,0.0,0.0,0.0,0.0,0.0,0.0,0.0,0.0,0.0,0.0,0.0,0.0,0.0,0.0,0.0,0.0,0.0,0.0,0.0,0.0,0.0,0.0,0.0,0.0,0.0,0.0,0.0,0.0,0.0,0.0,0.0,0.0,0.0,0.0,0.0,0.0,0.0,0.0,0.0,0.0,0.0,0.0,0.0,0.0,0.0,0.0,0.0,0.0,0.0,0.0,0.0,0.0,0.0,0.0,0.0,0.0,0.0,0.0,0.0,0.0,0.0,0.0,0.0,0.0,0.0,0.0,0.0,0.0,0.0,0.0,0.0,0.0,0.0,0.0,0.0,0.0,0.0,0.0,0.0,0.0,0.0,0.0,0.0,0.0,0.0,0.0,0.0,0.0,0.0,0.0,0.0,0.0,0.0,0.0
-0.719261584098733,-0.7188416886169764,-0.7813715227517495,-0.7345822287532456,-0.7302837535043691,-0.7760366554035365,-0.7814213767250705,-0.7631029294454131,-0.7807737295865378,-0.7215054082140492,-0.7803680874598058,-0.7810794481834091,-0.7292926690239572,-0.6693771997961928,-0.7764121631308155,-0.720588938399948,-0.6534397316778467,-0.6248494755854092,-0.7806004190884254,-0.7813536575972955,-0.6223379060500538,-0.732761841261259,-0.732263218040553,-0.7608366081653093,-0.7044564589029424,-0.7787971288187769,-0.6587228364017887,-0.726796054454881,-0.7231451145266561,-0.756002669997071,-0.7481117610067438,-0.7693857441117959,-0.7172092821221625,-0.6884122064979386,-0.7458854016631083,-0.6786603574244862,-0.7121523624979561,-0.707241829960262,-0.7169086728302986,-0.6606793074625892,-0.7815489967124725,-0.7702281939778041,-0.721662666723378,-0.6788035598552091,-0.7587680964377541,-0.7419514930227228,-0.731395355186432,-0.6271192339946233,-0.7811482047013718,-0.6326937146162475,-0.7610876612953832,-0.6518439185770646,-0.7631013538765589,-0.7095910452761143,-0.6671700968659274,-0.6636707819138611,-0.6242512550723606,-0.6433915084130506,-0.744138562526005,-0.7404854515326778,-0.6642041750243048,-0.6277150073343906,-0.6682392555638963,-0.6956542218593311,-0.7018952806728086,-0.6843274591219732,-0.7341459328505843,-0.6808174342351141,-0.7462575546377298,-0.7445463046230424,-0.7316651368059562,-0.719344574649489,-0.67868124340298,-0.7812253416423357,-0.7554015328503532,-0.679625220986116,-0.7435904383363876,-0.7180601807213781,-0.7360385039379538,-0.6910459792368225,-0.769472192426505,-0.6784195561631314,-0.6571589492192821,-0.6759204249683384,-0.7117113801505898,-0.7614358915254648,-0.7733873645949428,-0.7149971098828133,-0.7808614404450717,-0.6485189360901366,-0.6946238401606375,-0.6368625056044738,-0.7815491078300053,-0.7038429647175797,-0.7765921922080345,-0.7762065869998074,-0.6997418928822949,-0.6996299697019654,-0.6727777970667439,-0.7095449171922458,-0.7807215859202026,-0.7817655673274856,-0.6763979882618295,-0.7756786322610407,-0.7375487842954196,-0.7760865472324212,-0.7795795236590596,-0.7734390356980035,-0.7727697264958764,-0.7751347466863863




0.0,0.0,0.0,0.0,0.0,0.0,0.0,0.0,0.0,0.0,0.0,0.0,0.0,0.0,0.0,0.0,0.0,0.0,0.0,0.0,0.0,0.0,0.0,0.0,0.0,0.0,0.0,0.0,0.0,0.0,0.0,0.0,0.0,0.0,0.0,0.0,0.0,0.0,0.0,0.0,0.0,0.0,0.0,0.0,0.0,0.0,0.0,0.0,0.0,0.0,0.0,0.0,0.0,0.0,0.0,0.0,0.0,0.0,0.0,0.0,0.0,0.0,0.0,0.0,0.0,0.0,0.0,0.0,0.0,0.0,0.0,0.0,0.0,0.0,0.0,0.0,0.0,0.0,0.0,0.0,0.0,0.0,0.0,0.0,0.0,0.0,0.0,0.0,0.0,0.0,0.0,0.0,0.0,0.0,0.0,0.0,0.0,0.0,0.0,0.0,0.0,0.0,0.0,0.0,0.0,0.0,0.0,0.0,0.0,0.0
0.0,0.0,0.0,0.0,0.0,0.0,0.0,0.0,0.0,0.0,0.0,0.0,0.0,0.0,0.0,0.0,0.0,0.0,0.0,0.0,0.0,0.0,0.0,0.0,0.0,0.0,0.0,0.0,0.0,0.0,0.0,0.0,0.0,0.0,0.0,0.0,0.0,0.0,0.0,0.0,0.0,0.0,0.0,0.0,0.0,0.0,0.0,0.0,0.0,0.0,0.0,0.0,0.0,0.0,0.0,0.0,0.0,0.0,0.0,0.0,0.0,0.0,0.0,0.0,0.0,0.0,0.0,0.0,0.0,0.0,0.0,0.0,0.0,0.0,0.0,0.0,0.0,0.0,0.0,0.0,0.0,0.0,0.0,0.0,0.0,0.0,0.0,0.0,0.0,0.0,0.0,0.0,0.0,0.0,0.0,0.0,0.0,0.0,0.0,0.0,0.0,0.0,0.0,0.0,0.0,0.0,0.0,0.0,0.0,0.0
